,AorD,HOMO,LUMO,optbg,wavelength_film,wavelength_soln,sTDDFT_HOMO,sTDDFT_LUMO,sTDDFT_optbg,sTDDFT_max_abs,sTDDFT_total_mins,sTDA_HOMO,sTDA_LUMO,sTDA_optbg,sTDA_max_abs,sTDA_total_mins
NAI-FN-NAI(BO),A,-6.07,-3.96,2.13,426,411,,,,,,,,,,
PB2T,D,-5.63,-3.63,2.24,416,413,-6.71,-1.16,2.61,474.9,38.75,-6.71,-1.16,2.63,378.5,39.167
P3HT,D,-5.01,-3.12,,522,450,,,,,,,,,,
SM2,D,-5.04,-2.7,2.02,521,466,,,,,,,,,,
SF-HR,A,-5.53,-3.33,2.2,478,475,-7.6,-1.49,3.03,407.7,12.7,-7.6,-1.49,3.05,405.5,13.35
PDCBT,D,-5.31,-3,1.9,600,483,-6.96,-1.08,2.59,478.7,13.75,-6.96,-1.08,2.6,477.5,16.783
FBM,A,-6.25,-4.14,2.11,501,486,,,,,,,,,,
PDCBT-2Cl,D,-5.44,-3,1.95,585,486,-7.11,-1.19,2.68,463,16.067,-7.11,-1.19,2.68,462.1,14.983
PDCBT-Cl,D,-5.34,-3.01,1.91,599,491,-7.02,-1.23,2.57,481.6,12.833,-7.02,-1.23,2.58,480.4,12.583
CBM,A,-6.05,-4.13,2.02,547,497,-8.12,-2.15,2.85,434.7,3.933,-8.12,-2.15,2.91,426.1,5.733
SM1-Oct,D,-5.12,-2.8,1.8,570,498,,,,,,,,,,
SM1,D,-5.25,-2.8,1.88,566,500,,,,,,,,,,
PDCBT-2F,D,-5.5,-3.36,1.92,592,501,-6.99,-1.4,2.43,509.4,15.6,-6.99,-1.4,2.44,508,15.517
PDCBT-F,D,-5.32,-2.98,1.93,594,501,,,,,,,,,,
AFI3,A,-5.99,-3.52,,519,504,,,,,,,,,,
SF-OR,A,-5.5,-3.25,2.15,538,504,,,,,,,,,,
BSCl-C3,D,-5.55,-3.37,1.84,569.7,506,,,,,,,,,,
BSCl-C1,D,-5.59,-3.34,1.87,533.5,506.5,,,,,,,,,,
BSCl-C2,D,-5.58,-3.39,1.82,566.8,506.5,-6.97,-1.48,2.58,480.1,14.75,-6.97,-1.48,2.6,477.4,14.75
NTz-Teh-FA,A,-6.06,-3.38,2.13,,509,,,,,,,,,,
PBB,D,-5.54,-3.59,1.95,551,512,-6.8,-1.23,2.63,471.9,40.433,-6.8,-1.23,2.65,467.5,38.767
3BDT-5,D,-5.15,-3.4,1.9,584,512,-6.86,-1.38,2.68,463.2,30.617,-6.86,-1.38,2.69,460.1,29.767
BTz-Np,A,-5.95,-3.44,1.82,,517,,,,,,,,,,
BTR,D,-5.34,-3.53,1.78,620,520,-6.69,-1.31,2.41,513.9,17.783,-6.69,-1.31,2.43,510.2,17.05
BTR-Cl,D,-5.46,-3.7,1.78,624,520,-6.87,-1.45,2.44,508.6,15.333,-6.87,-1.45,2.45,506.1,15.25
3BDT-4,D,-5.14,-3.44,1.83,606,522,,,,,,,,,,
FNTz-Teh-FA,A,-6.17,-3.55,2.08,,525,,,,,,,,,,
PDTH-TZNT,D,-5.16,-3.1,1.94,541,527,-6.37,-0.94,2.44,508.4,34.717,-6.37,-0.94,2.45,506.6,29.833
PBB-Cl,D,-5.64,-3.64,2,580,528,-6.94,-1.41,2.76,448.5,64.567,-6.94,-1.41,2.77,447.3,65.817
PBB-F,D,-5.57,-3.57,2,579,529,-6.93,-1.39,2.7,417.4,72.383,-6.93,-1.39,2.71,415.6,64.25
BTDT2R,A,-5.61,-3.73,1.88,550,530,-7.34,-1.85,2.41,514.7,7.117,-7.34,-1.85,2.44,342.7,4.4
IDT(DCV)2,A,-5.81,-3.65,2.16,538,532,,,,,,,,,,
P1_mishra,D,-5.1,-3.48,1.6,588,532,-6.64,-1.44,2.32,535.3,22.65,-6.64,-1.44,2.35,528.3,22.217
PMI-F-PMI,A,-5.74,-3.54,2.2,514,533,,,,,,,,,,
NTz-Np,A,-6.01,-3.6,1.73,,533,,,,,,,,,,
PB3T,D,-5.39,-3.37,1.96,540,534,-6.8,-1.12,2.65,468,47.617,-6.8,-1.12,2.66,466.3,44.017
PBDT-DTN,D,-5.37,-3.53,1.84,572,538,-6.81,-1.2,2.7,459.9,51.483,-6.81,-1.2,2.71,457,50.983
TBTT-BORH,A,-5.76,-3.58,1.83,626,540,-7.49,-2.01,2.36,525.2,2.85,-7.49,-2.01,2.4,342.5,3.733
J11,D,-5.48,-3.23,1.96,543,543,-6.85,-1.38,2.57,482.9,40.333,-6.85,-1.38,2.58,481.1,42.4
Icz-Rd2,A,-5.59,-3.88,,590,543,,,,,,,,,,
PIDT-DTN,D,-5.37,-3.48,1.89,542,544,-6.53,-1.07,2.43,451.4,156.133,-6.53,-1.07,2.44,450,116.05
P2,D,-5.5,-3.59,1.93,548,544,,,,,,,,,,
PDTB-EF-T,D,-5.5,-3.59,1.93,548,544,,,,,,,,,,
J12,D,-5.51,-3.26,1.94,545,548,-6.85,-1.43,2.56,483.9,42.35,-6.85,-1.43,2.57,482.2,44.983
BTA100,A,-5.32,-3.23,2.05,564,556,-6.56,-1.06,2.58,481.2,32.5,-6.56,-1.06,2.6,477.3,23.15
BTA2,A,-5.43,-3.38,2,573,558,-6.82,-1.33,2.5,495.2,17.817,-6.82,-1.33,2.53,490.3,29.8
BisPDI-T-di-EG,A,-5.57,-3.84,,545,560,-7.55,-2.1,2.46,477.6,18.3,-7.55,-2.1,2.54,457.3,23.267
P1_yang,D,-5.17,-2.9,1.87,563,561,-7.38,-0.65,3.3,375.2,6.433,-7.38,-0.65,3.33,294.8,6.433
PDBT-2Cl,D,-5.49,-3.59,1.92,554,562,,,,,,,,,,
NITV,A,-5.4,-3.62,1.78,548,567,,,,,,,,,,
m-PBDTPS-FTAZ,D,-5.4,-3.4,2,579,567,-6.81,-1.32,2.56,483.5,41.5,-6.81,-1.32,2.57,481.6,41.317
F1,D,-5.5,-3.53,1.97,577,568,-6.75,-1.06,2.71,456.9,24.183,-6.75,-1.06,2.74,452.6,25.267
PBT2Clas-Bz,D,-5.48,-3.56,1.97,574,569,-6.74,-1.24,2.56,436.4,39.75,-6.74,-1.24,2.57,434.3,44.067
PBT4Cl-Bz,D,-5.64,-3.57,2.01,573,571,,,,,,,,,,
P-IDTzR,A,-5.31,-3.42,1.89,592,571,,,,,,,,,,
PBB-H,D,-5.47,-3.47,2,580,572,,,,,,,,,,
P4_yang,D,-5.68,-3.13,2,577,576,-7.57,-0.91,3.24,382.9,7.1,-7.57,-0.91,3.26,379.8,7.017
PDBT-2F,D,-5.43,-3.61,1.82,579,576,-6.83,-2.97,0.72,597.7,111.8,-6.83,-2.97,1.04,623.6,98.517
IDT-R,A,-5.44,-3.53,1.96,583,576,,,,,,,,,,
PDBT-F,D,-5.39,-3.57,1.81,584,577,,,,,,,,,,
TTz2,A,-5.5,-3.8,1.61,614,577,,,,,,,,,,
TTz1,A,-5.7,-3.86,1.65,675,578,,,,,,,,,,
PBT2Cls-Bz,D,-5.47,-3.58,1.96,585,580,,,,,,,,,,
PvBDT-Cl,D,-5.49,-3.49,2.04,607,580,-6.84,-0.93,2.99,414.9,44.033,-6.84,-0.93,2.99,414.1,41.8
PBT1Cl-Bz,D,-5.39,-3.57,1.93,588,581,-6.75,-1.3,2.55,485.5,39.133,-6.75,-1.3,2.56,483.8,38.983
ERCN,A,-5.5,-3.59,1.82,572,582,-7.06,-1.68,2.43,509.6,19.75,-7.06,-1.68,2.45,506.2,21.4
H-IDTzR,A,-5.31,-3.44,1.87,616,582,-7.06,-1.48,2.53,490.9,6.817,-7.06,-1.48,2.55,486.9,9.2
Icz-RdCN2,A,-5.58,-3.98,,642,582,,,,,,,,,,
PDBT-Cl,D,-5.41,-3.56,1.83,583,583,-6.74,-1.24,2.56,468.5,76.933,-6.74,-1.24,2.57,466.9,68.4
p-PBDTPS-FTAZ,D,-5.32,-3.36,1.96,589,583,,,,,,,,,,
PBDT-Se-TAZ,D,-5.23,-3.43,1.92,597,583,,,,,,,,,,
PvBDT-F,D,-5.44,-3.45,2.01,616,585,-6.85,-0.94,2.94,421.4,42.333,-6.85,-0.94,2.95,420.5,42.367
DPP-FN-DPP,A,-5.56,-3.81,1.75,653,585,,,,,,,,,,
DICTF,A,-5.67,-3.79,1.82,624,587,-7.75,-1.93,2.71,457.1,6.9,-7.75,-1.93,2.74,452.1,7.45
PBT-TTz,D,-5.41,-3.46,1.95,589,589,,,,,,,,,,
IDTT-R,A,-5.32,-3.49,1.84,598,590,,,,,,,,,,
P2_yang,D,-5.33,-2.94,1.9,594,591,-7.3,-0.78,3.16,392.7,6.367,-7.3,-0.78,3.19,389,6.5
DTC-T-F,A,-5.48,-3.83,1.65,653,591,,,,,,,,,,
P3_yang,D,-5.54,-2.98,1.92,593,592,-7.42,-0.86,3.16,392,6.917,-7.42,-0.86,3.19,388.4,6.75
PBDTS-Se-TAZ,D,-5.29,-3.52,1.9,602,592,,,,,,,,,,
BTA101,A,-5.41,-3.55,1.88,606,593,-6.7,-1.3,2.51,494.8,23.35,-6.7,-1.3,2.53,491,29.683
BTA1,A,-5.49,-3.57,1.85,610,593,-6.84,-1.43,2.48,500.2,18.5,-6.84,-1.43,2.5,495.9,18.4
IDTzCR,A,-5.67,-3.77,1.79,616,593,,,,,,,,,,
2D-PBTCl2,D,-5.43,-3.63,1.66,642,593,,,,,,,,,,
Py-2H,A,-5.78,-3.74,1.69,626,594,,,,,,,,,,
m-4TBC-2F,A,-5.68,-4,1.66,606,595,-7.45,-2.16,2.37,523.9,12.55,-7.45,-2.16,2.39,519.1,12.45
DTC-F-F,A,-5.51,-3.83,1.68,654,595,,,,,,,,,,
PBT-S-TTz,D,-5.45,-3.5,1.95,597,597,-6.69,-1.19,2.57,482.9,41.667,-6.69,-1.19,2.58,480.9,41.583
Qx-8F,D,-5.11,-3.45,1.66,613,597,-6.59,-1.24,2.47,502.9,70.317,-6.59,-1.24,2.48,499.2,70.017
PDTF-TZNT,D,-5.24,-3.23,1.84,617,597,-6.52,-1.04,2.5,495.6,33.65,-6.52,-1.04,2.51,494.1,40.517
IDT-CR,A,-5.34,-3.44,1.78,590,598,,,,,,,,,,
NIDT,A,-5.34,-3.58,1.85,618,599,,,,,,,,,,
4T-4,A,-5.85,-3.86,1.6,651,599,,,,,,,,,,
4T-3,A,-5.86,-3.98,1.52,667,599,,,,,,,,,,
F8IDT-Br,A,-5.82,-3.87,1.7,638,600,,,,,,,,,,
BTA43,A,-5.44,-3.47,1.78,644,600,-6.99,-1.74,2.36,524.7,23.55,-6.99,-1.74,2.39,519.3,33.283
4T-2,A,-5.85,-4.02,1.54,654,600,,,,,,,,,,
4T-1,A,-5.71,-4.09,1.47,704,600,-7.44,-2.09,2.44,508.9,10.483,-7.44,-2.09,2.47,502.9,8.517
IDT(TCV)2,A,-6.04,-4.18,1.86,616,602,,,,,,,,,,
IDTCR,A,-5.46,-3.67,1.76,622,603,-7.14,-1.76,2.38,521.5,17.617,-7.14,-1.76,2.39,518.2,22.733
HFQx-T,D,-5.44,-3.5,1.76,601,604,-6.68,-1.39,2.5,495,79.717,-6.68,-1.39,2.52,492.9,80.083
BT2,A,-5.5,-3.53,1.82,619,605,,,,,,,,,,
Py-2F,A,-5.85,-3.82,1.66,645,606,,,,,,,,,,
TTFQx-T1,D,-5.31,-3.62,1.69,652,606,-6.7,-1.42,2.49,498.5,59.367,-6.7,-1.42,2.5,495.3,59.517
PhITBD,A,-5.5,-3.78,1.18,656,606,-7.56,-2.2,2.45,506.6,14.55,-7.56,-2.2,2.48,499.2,17.833
C8IDT-Br,A,-5.73,-3.86,1.63,662,606,-7.8,-2.07,2.7,458.4,11.483,-7.8,-2.07,2.74,453.2,9.95
BTA53,A,-5.48,-3.58,1.68,690,607,-7.04,-1.77,2.4,516.7,22.867,-7.04,-1.77,2.42,511.5,22.833
PBDB-TSCl,D,-5.61,-3.8,1.81,615,608,-6.87,-1.38,2.53,489.9,57.3,-6.87,-1.38,2.54,488.3,55.983
IDTT-CR,A,-5.25,-3.38,1.74,602,610,,,,,,,,,,
Qx1,A,-5.42,-3.6,1.74,629,610,-6.69,-1.25,2.5,495.9,47.783,-6.69,-1.25,2.52,492.3,31.367
PbiTPD,D,-5.2,-3.45,1.78,630,610,-6.86,-1.44,2.51,494.3,66.583,-6.86,-1.44,2.52,492.8,49.183
PBT1-C,D,-5.43,-3.37,1.87,616,611,-6.68,-1.14,2.55,487,61.1,-6.68,-1.14,2.56,485.1,61.667
PTPD,D,-5.05,-3.19,1.86,613,612,-6.8,-1.26,2.56,483.7,45.8,-6.8,-1.26,2.57,481.9,34.7
Qx-10F,D,-5.18,-3.49,1.69,634,612,-6.69,-1.26,2.61,474.2,68.65,-6.69,-1.26,2.63,471.8,72.367
Qx-12F,D,-5.22,-3.5,1.72,642,612,-6.76,-1.45,2.48,500,72.117,-6.76,-1.45,2.5,496.7,72.283
BTA3,A,-5.49,-3.72,1.76,636,613,-7.04,-1.73,2.41,515.2,23.15,-7.04,-1.73,2.43,510.4,24.467
Qx3,A,-5.38,-3.56,1.64,654,613,,,,,,,,,,
PBDB-TF,D,-5.49,-3.64,1.8,618.48,615,-6.9,-1.28,2.6,428.9,49.617,-6.9,-1.28,2.61,427.3,49.25
BTA103,A,-5.37,-3.64,1.77,627,617,-6.96,-1.63,2.44,509,27.05,-6.96,-1.63,2.45,505,34.3
DTNR,A,-5.67,-3.75,1.72,650,618,,,,,,,,,,
I-IDTBTRh,A,-5.42,-3.68,1.65,667,618,,,,,,,,,,
IDTT-T,A,-5.51,-3.58,1.82,625,620,,,,,,,,,,
DTC-T-C,A,-5.68,-4.09,1.59,681,620,,,,,,,,,,
BT2b,A,-5.41,-3.56,1.75,646,621,-7.03,-1.8,2.3,538.7,8.95,-7.03,-1.8,2.34,529.9,8.933
PBDB-T,D,-5.33,-3.48,1.84,625.98,622.5,-6.68,-1.18,2.53,489.8,52.433,-6.68,-1.18,2.54,487.9,54.233
PBDT-NQx,D,-5.24,-3.42,1.8,632,624,-6.49,-1.16,2.55,485.7,121.617,-6.49,-1.16,2.56,483.4,130.9
2D-PBTCl,D,-5.45,-3.6,1.72,627,625,-6.71,-1.3,2.61,474.1,36.217,-6.71,-1.3,2.63,471.1,38.217
PBDTS-NQx,D,-5.31,-3.46,1.81,636,628,,,,,,,,,,
NIBT,A,-5.38,-3.68,1.63,660,628,-6.99,-1.92,2.19,565.4,29.633,-6.99,-1.92,2.23,556.5,28.35
PBT1-C-2Cl,D,-5.59,-3.53,1.85,629,629,-6.94,-1.3,2.69,460.2,55.233,-6.94,-1.3,2.7,459.3,55.217
Qx1b,A,-5.35,-3.66,1.68,660,631,,,,,,,,,,
DTNIC8,A,-5.91,-3.93,1.73,660,634,,,,,,,,,,
DTSiC-IC,A,-5.79,-4.05,1.71,678,634,,,,,,,,,,
Qx3c,A,-5.3,-3.59,1.6,686,636,-7.13,-1.98,2.25,551.4,12.217,-7.13,-1.98,2.28,542.8,12.217
PTICH,A,-5.62,-3.8,1.6,709,637,,,,,,,,,,
DTNIC6,A,-5.87,-3.92,1.7,670,638,-7.54,-1.94,2.56,484.5,8.767,-7.54,-1.94,2.61,475.9,9.767
IDT-CT,A,-5.39,-3.67,1.63,655,639,,,,,,,,,,
IDTT-CT,A,-5.28,-3.65,1.63,653,641,,,,,,,,,,
Qx3b,A,-5.27,-3.63,1.59,706,642,,,,,,,,,,
PBBSe-Cl,D,-5.36,-3.63,1.73,645,643,-6.78,-1.4,2.42,511.5,59.15,-6.78,-1.4,2.43,509.4,58.133
DTCC-BC,A,-5.46,-3.81,1.67,671,643,,,,,,,,,,
PTB4F,A,-5.87,-3.89,1.65,729,645,,,,,,,,,,
IDT-IC,A,-5.61,-3.88,1.72,683.49,646,,,,,,,,,,
P105,D,-5.38,-3.62,1.66,652,647,,,,,,,,,,
NTIC-Me,A,-5.53,-3.73,1.74,670,647,,,,,,,,,,
PTICO,A,-5.48,-3.66,1.56,746,647,,,,,,,,,,
PY-1,A,-5.27,-4,1.4,750,648,-6.84,-1.83,2.31,536.8,20.933,-6.84,-1.83,2.33,533,10.917
IT-OM-1,A,-5.5,-3.76,1.67,668,650,,,,,,,,,,
O-NTIC,A,-5.51,-3.67,1.7,671,650,,,,,,,,,,
O-IDTBR,A,-5.52,-3.89,1.68,673,650,,,,,,,,,,
EH-IDTBR,A,-5.51,-3.88,1.63,690,650,-7.03,-1.93,2.21,560.6,9.667,-7.03,-1.93,2.25,550.5,9.817
NTIC,A,-5.58,-3.76,1.67,694,650,,,,,,,,,,
PTIC,A,-5.59,-3.81,1.53,747,650,,,,,,,,,,
P104,D,-5.29,-3.68,1.59,657,651,-6.74,-1.47,2.36,526.1,29.967,-6.74,-1.47,2.38,521,29.783
PBBSe-H,D,-5.16,-3.45,1.71,657,651,-6.6,-1.26,2.42,512.3,58.467,-6.6,-1.26,2.43,510.1,63.6
NTIC-OMe,A,-5.53,-3.7,1.71,675,651,,,,,,,,,,
IDT-2B,A,-5.8,-3.84,1.73,672,654,,,,,,,,,,
IDIC-PhC6,A,-5.72,-3.86,1.71,682,654,,,,,,,,,,
IDBTR-C6,A,-5.3,-3.71,1.52,711,654,,,,,,,,,,
BT3,A,-5.26,-3.66,1.59,674,657,-7.16,-2.09,2.22,558.9,18.65,-7.16,-2.09,2.25,550.7,18.7
JC14,A,-5.41,-3.63,1.57,707,657,-6.99,-1.86,2.22,557.8,16.583,-6.99,-1.86,2.26,548.6,16.317
NTIC-F,A,-5.52,-3.77,1.66,712,657,-7.54,-2.01,2.57,481.6,17.233,-7.54,-2.01,2.61,474.4,16.967
PTB4Cl,A,-5.91,-3.93,1.58,760,657,-7.64,-2.07,2.53,489.6,11.367,-7.64,-2.07,2.56,484.1,11.617
IDT-2BM,A,-5.5,-3.79,1.34,688.99,657.99,-7.37,-2.19,2.31,536.4,16.433,-7.37,-2.19,2.35,527.5,22.4
SSBR,A,-5.44,-3.72,1.53,662,659,-7.12,-2.09,2.07,597.6,6.033,-7.12,-2.09,2.12,585.4,6.817
OF-PCIC,A,-5.66,-3.86,1.59,702,660,-7.63,-2.18,2.47,502.8,15.783,-7.63,-2.18,2.5,496.1,11.033
IDT-OB,A,-5.77,-3.87,1.66,697,661,,,,,,,,,,
DTCC-IC,A,-5.49,-3.85,1.62,705.87,661.96,,,,,,,,,,
F-M,A,-5.42,-3.7,1.65,687,662,-7.41,-1.83,2.59,478,12.767,-7.41,-1.83,2.63,471.4,13.75
TPT-2F,A,-5.84,-4.06,1.64,698,662,,,,,,,,,,
i-cc23,A,-5.34,-3.64,1.69,677,663,,,,,,,,,,
IT-OM-3,A,-5.52,-3.8,1.64,686,664,,,,,,,,,,
DTSiC-TC,A,-5.79,-4.07,1.67,688,664,,,,,,,,,,
ITBC,A,-5.49,-3.9,1.59,691,664,,,,,,,,,,
ITIC-Th3,A,-5.67,-3.73,1.63,698,664,,,,,,,,,,
FDICTF,A,-5.43,-3.71,1.63,689,665,,,,,,,,,,
F-H,A,-5.43,-3.71,1.63,689,665,,,,,,,,,,
PI-4F,A,-5.8,-4.06,1.65,703,665,-7.61,-2.16,2.34,528.7,21.667,-7.61,-2.16,2.37,523.2,26.25
ORCN,A,-5.37,-3.56,1.64,676,666,,,,,,,,,,
F5IC,A,-5.82,-4.05,1.64,694,666,,,,,,,,,,
IDIC,A,-5.69,-3.91,1.63,716,666,,,,,,,,,,
IT-OH,A,-5.57,-3.92,1.54,725,666,,,,,,,,,,
IT-DOH,A,-5.58,-3.93,1.53,732,667,,,,,,,,,,
ITIC-Th,A,-5.66,-3.93,1.6,706,668,,,,,,,,,,
IDT-2O,A,-5.73,-3.85,1.64,706,668,,,,,,,,,,
ITIC-0F,A,-5.7,-4,1.59,708,668,,,,,,,,,,
IT-DM,A,-5.57,-3.88,1.63,694,669,,,,,,,,,,
MO-IDIC,A,-5.69,-3.89,1.6,,670,,,,,,,,,,
a-IT-2OM,A,-5.61,-3.92,1.63,695,671,-7.23,-1.89,2.49,498.8,17.917,-7.23,-1.89,2.51,493,19.317
BDCPDT-TTC,A,-5.38,-3.78,1.58,700,671,-7.21,-1.93,2.46,503.9,18.65,-7.21,-1.93,2.49,498.5,31.517
ID4F,A,-5.83,-3.86,1.64,707,671,,,,,,,,,,
ITIC-OE,A,-5.67,-4.03,1.58,718,671,,,,,,,,,,
o-4TBC-2F,A,-5.63,-4,1.34,825,671,,,,,,,,,,
DTC-4F,A,-5.79,-3.92,1.63,701,672,,,,,,,,,,
IDTT-2BM,A,-5.5,-3.8,1.54,714,672,,,,,,,,,,
Ph-DTDP-IC,A,-5.53,-4,1.61,701,673,,,,,,,,,,
JC2,A,-5.48,-3.73,1.48,760,673,,,,,,,,,,
CPIC-1,A,-5.61,-3.62,1.45,642,674,,,,,,,,,,
F-F,A,-5.72,-4.13,1.59,703,674,,,,,,,,,,
MeIC,A,-5.72,-3.76,1.58,718,674,,,,,,,,,,
NITT-BF,A,-5.75,-4.15,1.52,713,675,,,,,,,,,,
TPTT-2F,A,-5.75,-4.04,1.58,717,675,,,,,,,,,,
IT-OM-4,A,-5.49,-3.81,1.63,688,676,,,,,,,,,,
DTTC-4F,A,-5.69,-3.91,1.55,725,676,,,,,,,,,,
ITC6-IC,A,-5.73,-3.92,1.6,709,677,,,,,,,,,,
ID-4F,A,-5.75,-4.06,,719,677,,,,,,,,,,
ITIC-Th1,A,-5.74,-4.01,1.55,728,677,,,,,,,,,,
MO-IDIC-2F,A,-5.8,-3.93,1.55,,677,,,,,,,,,,
ITIC,A,-5.49,-3.83,1.59,705.14,677.79,-7.34,-1.98,2.48,499,18.4,-7.34,-1.98,2.51,493.4,17.517
ITCPTC,A,-5.63,-3.96,1.58,719.7,677.88,,,,,,,,,,
F-2F,A,-5.78,-3.89,1.6,703,678,-7.6,-2.08,2.57,481.7,12.7,-7.6,-2.08,2.61,475.5,16.85
IT-OM-2,A,-5.49,-3.86,1.59,706,678,,,,,,,,,,
F-Cl,A,-5.62,-4.04,1.58,711,678,,,,,,,,,,
O-NTNC,A,-5.54,-3.78,1.64,706,679,,,,,,,,,,
IT6-4F,A,-5.69,-3.99,1.53,709,679,,,,,,,,,,
F-Br,A,-5.62,-4.06,1.56,720,679,,,,,,,,,,
CNDTBT-C8IDT-INCN,A,-5.54,-3.82,1.48,715,680,,,,,,,,,,
PDCPDT-BC,A,-5.4,-3.85,1.53,717,680,,,,,,,,,,
QCIC1,A,-5.52,-3.8,1.41,718,680,,,,,,,,,,
ITIC-Th2,A,-5.75,-4.07,1.54,735,680,,,,,,,,,,
DCI-2,A,-5.24,-4.05,1.23,888,680,,,,,,,,,,
PD-dIDTC6,A,-5.51,-3.89,1.65,681,681,-7.15,-1.94,2.44,507.3,20.75,-7.15,-1.94,2.47,501.9,20.917
CDTBM,A,-5.69,-4.28,1.45,701,681,,,,,,,,,,
A1,A,-5.66,-3.7,1.4,785,681,-6.92,-1.96,2.11,588.8,24.4,-6.92,-1.96,2.15,576.4,25.217
ITIC-2F,A,-5.66,-4.11,1.56,721.5,681.47,,,,,,,,,,
HF-PCIC,A,-5.53,-3.83,1.5,716,682,,,,,,,,,,
ITIC-4F,A,-5.82,-4.24,1.55,728,682,,,,,,,,,,
IDT-3EsT,A,-5.38,-3.85,1.55,705,683,,,,,,,,,,
PZ-dIDTC6,A,-5.54,-3.85,1.57,711,683,,,,,,,,,,
ITCF,A,-5.59,-3.95,1.57,718,683,,,,,,,,,,
CZTT-IC,A,-5.54,-3.97,1.56,700,684,-7.22,-1.86,2.59,478,20.283,-7.22,-1.86,2.62,472.6,22.017
a-IT-2F,A,-5.67,-4.07,1.56,717,684,-7.41,-2.09,2.47,502.4,18.4,-7.41,-2.09,2.5,496.5,23.683
TTPTTT-IC,A,-5.64,-3.87,1.6,700,685,-7.69,-1.65,2.96,380.5,15.867,-7.69,-1.65,3,371.8,15.817
BDSeThCl,A,-5.58,-3.82,1.55,706,685,-7.32,-1.98,2.41,515.2,18.25,-7.32,-1.98,2.44,509.1,20.5
ITIC-3F,A,-5.73,-4.12,1.54,730,685,,,,,,,,,,
IDBDT-T,A,-5.78,-3.66,1.63,701,686,,,,,,,,,,
HFO-PCIC,A,-5.5,-3.81,1.48,723,686,,,,,,,,,,
IDTN-O,A,-5.77,-3.89,1.59,728,686,,,,,,,,,,
ITIC3,A,-5.54,-3.9,1.55,734,686,,,,,,,,,,
TPTTT-2F,A,-5.69,-4.01,1.56,724,687,,,,,,,,,,
IDT-N,A,-5.74,-4.08,1.58,727,687,,,,,,,,,,
m-ITTC,A,-5.62,-3.89,1.61,711,688,,,,,,,,,,
SeTIC,A,-5.55,-3.9,1.58,712,688,,,,,,,,,,
4TC-4F-C8C8,A,-5.6,-3.96,1.51,732,688,-7.26,-2.03,2.44,507.2,22.933,-7.26,-2.03,2.47,502.1,22.4
IDTN,A,-5.8,-3.98,1.57,732,688,,,,,,,,,,
F-2Cl,A,-5.63,-3.89,1.58,732,688,-7.57,-2.1,2.56,484.1,13.117,-7.57,-2.1,2.6,477.4,13.3
4TC-4F-C6C8,A,-5.59,-4,1.49,737,688,,,,,,,,,,
BT-BIC,A,-5.46,-3.73,1.52,748,688,-7.15,-1.91,2.41,515.5,12.833,-7.15,-1.91,2.43,510.7,13.35
IDIC-4Cl,A,-5.9,-4.04,1.52,755.8,688.5,-7.78,-2.3,2.47,501.6,8.233,-7.78,-2.3,2.51,494.2,8.85
BDIC2F,A,-5.55,-3.85,1.38,722,689,-7.35,-2.14,2.32,535.1,12.2,-7.35,-2.14,2.34,529.8,25.333
QCIC3,A,-5.52,-3.89,1.38,739,689,,,,,,,,,,
CSeT-IC,A,-5.6,-3.91,1.58,712,690,,,,,,,,,,
ITIC4,A,-5.77,-3.97,1.52,730,690,,,,,,,,,,
F7IC,A,-5.74,-4.01,1.56,730,690,,,,,,,,,,
4TC-4F-C16,A,-5.53,-3.96,1.48,736,690,,,,,,,,,,
DTTC-4Cl,A,-5.72,-4.03,1.47,753,690,,,,,,,,,,
IT-4F,A,-5.66,-4.14,1.53,725.5,690.99,,,,,,,,,,
DTC-F-C,A,-5.66,-3.94,1.72,650,691,,,,,,,,,,
PBCIT,D,-5.47,-3.61,1.64,695,691,,,,,,,,,,
AT-4Cl,A,-5.71,-3.89,1.6,709,691,-7.29,-1.99,2.45,506.2,21.8,-7.29,-1.99,2.49,498.3,21.717
IDTT(TCV)2,A,-5.58,-4.06,1.52,713,691,,,,,,,,,,
FDTBT-IDTT-FINCN,A,-5.46,-3.92,1.51,723,691,,,,,,,,,,
PIDIC2T,A,-5.65,-3.85,1.54,726,691,-7.48,-2.07,2.51,493.3,36.6,-7.48,-2.07,2.53,489.2,66.117
NITT-ThCl,A,-5.71,-4.1,1.55,705,692,,,,,,,,,,
INIC,A,-5.45,-3.88,1.57,706,692,-7.15,-1.94,2.42,511.8,28,-7.15,-1.94,2.45,506.6,20.283
CNDTBT-C8IDT-FINCN,A,-5.58,-3.92,1.4,766,692,-7.12,-2.32,2.02,612.6,39.2,-7.12,-2.32,2.05,606.2,27.033
BO2FIDT-4Cl,A,-5.73,-3.89,1.59,708,693,-7.21,-2.03,2.35,527.4,45.283,-7.21,-2.03,2.36,524.4,45.283
2T2Se-F,A,-5.52,-3.83,1.31,806,694,-7.47,-2.29,2.2,564.8,8.35,-7.47,-2.29,2.22,558.1,8.483
Ph-DTDP-TTIC,A,-5.28,-3.92,1.45,703,695,-7.07,-1.95,2.35,526.7,51.133,-7.07,-1.95,2.37,522.8,29.933
AT-NC,A,-5.44,-3.8,1.62,716,695,-7.12,-1.87,2.43,509.4,24.283,-7.12,-1.87,2.47,501.6,25.15
BT2FIDT-4Cl,A,-5.7,-3.88,1.56,722,695,-7.1,-1.97,2.34,529.9,46.117,-7.1,-1.97,2.36,526.1,46.117
ITIC-6F,A,-5.78,-4.16,1.51,745,695,,,,,,,,,,
BT-dIDT,A,-5.34,-3.87,1.54,718,696,-7.03,-1.93,2.31,537.8,47.467,-7.03,-1.93,2.32,533.4,62.367
IDTIDT-IC,A,-5.42,-3.82,1.53,721,696,,,,,,,,,,
p-IDTIDT-IC,A,-5.42,-3.82,1.53,721,696,,,,,,,,,,
BDCPDT-IC,A,-5.41,-3.87,1.53,727,696,,,,,,,,,,
BTIC-4F,A,-5.71,-3.95,1.48,739,696,-7.41,-2.25,2.18,569.5,24.3,-7.41,-2.25,2.2,563.5,13.233
FO-2F,A,-5.72,-3.94,1.47,784,696,,,,,,,,,,
BT-F,A,-5.41,-3.7,1.33,811,696,,,,,,,,,,
PIDIC2T2Cl,A,-5.67,-3.87,1.55,706,697,,,,,,,,,,
FDNCTF,A,-5.48,-3.82,1.6,714,697,,,,,,,,,,
CTSe-IC,A,-5.55,-3.9,1.56,725,697,-7.42,-1.86,2.63,471,18.433,-7.42,-1.86,2.67,464.5,19.883
TTPTTT-2F,A,-5.67,-4.04,1.54,726,697,,,,,,,,,,
CNDTBT-IDTT-FINCN,A,-5.56,-3.98,1.58,726,699,,,,,,,,,,
IEIC,A,-5.42,-3.82,1.57,714.97,700,,,,,,,,,,
FOC6-IC,A,-5.42,-3.77,1.51,721,700,,,,,,,,,,
BDTIT-M,A,-5.4,-3.85,1.55,730,700,-7.23,-1.93,2.41,515.1,17.9,-7.23,-1.93,2.44,509.1,25.733
PBT7-Th,D,-5.27,-3.48,1.61,705,701,,,,,,,,,,
PIDIC2T2F,A,-5.73,-3.89,1.55,711,701,,,,,,,,,,
TTPTTT-4F,A,-5.69,-4.12,1.52,738,701,,,,,,,,,,
Y6-2O,A,-5.73,-3.76,1.45,,701,,,,,,,,,,
ITIC1,A,-5.48,-3.85,1.55,734,702,,,,,,,,,,
Y6-O,A,-5.75,-3.71,1.52,768,702,-7.42,-2.12,2.46,504.8,9.767,-7.42,-2.12,2.49,498.7,9.7
NFBDT,A,-5.42,-3.86,1.56,731,703,,,,,,,,,,
DBT-4F,A,-5.67,-3.87,1.43,789,703,,,,,,,,,,
INIC2,A,-5.52,-3.98,1.52,728,704,,,,,,,,,,
IDT-3EsT-2IC2F,A,-5.38,-3.93,1.44,759,704,,,,,,,,,,
BTTBo-4F,A,-5.56,-3.85,1.45,738,705,,,,,,,,,,
TTIDIC,A,-5.43,-3.92,1.46,766,705,-6.9,-1.95,2.29,540.5,18.817,-6.9,-1.95,2.31,536.3,22.8
CZTT-4F,A,-5.61,-4.11,1.48,737,706,,,,,,,,,,
Ph-DTDP-TIC,A,-5.33,-3.89,1.46,740,707,,,,,,,,,,
A2,A,-5.7,-3.78,1.36,770,707,-7.25,-2.34,2.07,599.6,30.05,-7.25,-2.34,2.11,586.7,28.3
BCPDT-1,A,-5.36,-3.85,1.36,824,707,,,,,,,,,,
i-cc34,A,-5.39,-3.75,1.57,717,708,-7.01,-1.72,3.14,394.8,18.117,-7.01,-1.72,3.15,393.4,19.983
FOC6-FIC,A,-5.47,-3.81,1.47,736,708,,,,,,,,,,
AOT1,A,-5.52,-3.88,1.46,773,708,-7.8,-2.07,2.6,476.3,11.317,-7.8,-2.07,2.63,471.6,8.117
Y5,A,-5.55,-3.87,1.4,786.99,708.95,-7.69,-2.54,1.21,506.5,12.55,-7.69,-2.54,1.22,499.7,11
i-IEICO-2Cl,A,-5.42,-3.75,1.57,727,709,,,,,,,,,,
ITC-2Cl,A,-5.58,-4.01,1.58,746,709,,,,,,,,,,
IDT2-IC,A,-5.28,-3.91,1.5,715,710,,,,,,,,,,
INIC1,A,-5.54,-3.97,1.56,720,710,,,,,,,,,,
TSeTIC,A,-5.65,-3.91,1.53,733,710,,,,,,,,,,
IDTT-BH,A,-5.42,-3.86,1.54,733,710,,,,,,,,,,
IDTT-OBH,A,-5.41,-3.86,1.57,733,710,,,,,,,,,,
BDTThIT-M,A,-5.35,-3.82,1.53,738,710,-7.14,-1.91,2.39,518.9,28,-7.14,-1.91,2.42,512.6,27.9
FOC2C6-2FIC,A,-5.51,-3.84,1.43,742,710,,,,,,,,,,
INIC3,A,-5.52,-4.02,1.48,744,710,,,,,,,,,,
H-2F,A,-5.58,-4.06,1.46,745,710,-7.29,-2.13,2.29,540.4,15.683,-7.29,-2.13,2.33,532.3,14.783
SeCT-IC,A,-5.53,-3.92,1.54,745,710,,,,,,,,,,
F9IC,A,-5.52,-3.97,1.49,746,710,,,,,,,,,,
PIST-4F,A,-5.65,-4.03,1.46,748,710,,,,,,,,,,
BDCPDT-FIC,A,-5.52,-4,1.49,748,710,-7.4,-2.2,2.32,534.6,18.017,-7.4,-2.2,2.35,527.3,17.917
BTC6-0F,A,-5.47,-3.71,1.48,685,711,-7.15,-2.06,2.18,569,17.217,-7.15,-2.06,2.2,562.5,17.167
IDBDT-O,A,-5.68,-3.68,1.55,713,711,,,,,,,,,,
o-DOC6-2F,A,-5.49,-3.83,1.51,744,712,,,,,,,,,,
ZITI,A,-5.56,-3.77,1.53,747,712,-7.2,-1.96,2.38,520,10.6,-7.2,-1.96,2.41,513.7,10.567
BCIC2F,A,-5.54,-3.87,1.45,695,713,,,,,,,,,,
QOC6-4H,A,-5.59,-3.8,1.49,763,713,,,,,,,,,,
BTIDIC,A,-5.48,-3.97,1.47,766,713,,,,,,,,,,
ITIC2,A,-5.43,-3.8,1.53,738,714,,,,,,,,,,
N65-IC,A,-5.52,-3.89,1.48,748,715,,,,,,,,,,
R10-4Cl,A,-5.35,-3.91,1.43,754,715,-7.08,-1.97,2.39,518.1,40.5,-7.08,-1.97,2.42,513.3,55.117
IE-4F,A,-5.51,-4.07,1.44,760,715,,,,,,,,,,
Y6-1O,A,-5.71,-3.84,1.43,,715,,,,,,,,,,
m-IDTIDT-FIC,A,-5.47,-3.94,1.51,743,716,,,,,,,,,,
IDTT2F,A,-5.57,-4.03,1.46,749,716,,,,,,,,,,
SeTIC4Cl,A,-5.65,-4.08,1.44,761,716,,,,,,,,,,
IDTT2OT,A,-5.2,-3.69,1.51,725,717,,,,,,,,,,
TPDC-4F,A,-5.83,-3.99,1.42,765,717,-7.38,-2.29,2.17,572.6,11.35,-7.38,-2.29,2.19,567,17.833
AY6,A,-5.69,-4.06,1.39,789,717,-7.48,-2.25,2.39,519.7,13.967,-7.48,-2.25,2.42,511.3,19.05
ITIC5,A,-5.48,-3.95,1.53,744,718,,,,,,,,,,
i-IEICO-4Cl,A,-5.46,-3.82,1.51,754,718,-6.89,-1.9,2.8,408.6,21.65,-6.89,-1.9,2.82,406.9,21.55
TCIC2F,A,-5.59,-3.89,1.46,772,718,,,,,,,,,,
IDT-4EsT-2IC2F,A,-5.35,-3.93,1.44,738,719,,,,,,,,,,
TTIC,A,-5.51,-3.89,1.48,768.24,719.85,,,,,,,,,,
BTC6-2F,A,-5.52,-3.8,1.44,700,720,-7.22,-2.17,2.17,572.1,13.267,-7.22,-2.17,2.19,565.3,17.267
SCH3-2F,A,-5.5,-4.06,1.41,759,720,,,,,,,,,,
TTPBT-IC,A,-5.69,-3.84,1.43,781,720,,,,,,,,,,
ABP4T-4F,A,-5.65,-3.85,1.37,782,720,-7.41,-2.21,2.4,517.4,10.25,-7.41,-2.21,2.43,510.7,11.217
BCPDT-2,A,-5.4,-3.79,1.39,792,720,-7.34,-2.2,2.22,558.8,15.167,-7.34,-2.2,2.24,553.2,15
Y9,A,-5.59,-3.78,1.36,808,720,-7.35,-2.04,2.48,448.6,11.25,-7.35,-2.04,2.52,438.9,10.117
DTG-IW,A,-5.63,-4.07,1.32,822,720,-7.38,-2.2,2.19,565.2,8.333,-7.38,-2.2,2.21,559.8,9.933
R12-4Cl,A,-5.26,-3.95,1.35,766,721,-6.99,-1.99,2.43,511,40.167,-6.99,-1.99,2.45,506.4,54.667
IDT2Se,A,-5.41,-3.87,1.45,747,722,,,,,,,,,,
IDTOT2F,A,-5.54,-3.94,1.44,765,723,,,,,,,,,,
JC1,A,-5.51,-3.95,1.3,828,723,,,,,,,,,,
BT2F-IC4F,A,-5.98,-4.31,1.38,703,724,-7.36,-2.45,2.03,610.1,10.767,-7.36,-2.45,2.06,601.9,10.767
BTTIC,A,-5.59,-3.86,1.47,759,724,,,,,,,,,,
IPT2F-TT,A,-5.6,-4,1.45,764,724,,,,,,,,,,
BTC6-4F,A,-5.56,-3.86,1.43,781,724,-7.26,-2.25,2.14,579.1,13.217,-7.26,-2.25,2.17,571.5,11.867
BTCPDTF,A,-5.64,-3.92,1.44,781,724,,,,,,,,,,
BTIC-F-m,A,-5.42,-3.9,1.36,805,724,-7.32,-2.11,2.41,514.3,10.333,-7.32,-2.11,2.44,508.6,10.5
BDSePhCl,A,-5.61,-3.96,1.41,790,725,-7.36,-2.14,2.35,528.6,26.367,-7.36,-2.14,2.37,522.2,29.467
IPT2F-Th,A,-5.58,-4.03,1.47,759,726,,,,,,,,,,
M1,A,-5.48,-3.8,1.44,774,726,,,,,,,,,,
SNBDT1-F,A,-5.3,-3.83,1.41,790,726,-7.2,-2.01,2.46,503.6,9.1,-7.2,-2.01,2.5,495.1,16.267
BTTBo-4FN,A,-5.48,-3.86,1.4,763,727,,,,,,,,,,
MS-4F,A,-5.63,-3.91,1.41,800,727,,,,,,,,,,
BTSe-4F,A,-5.78,-4.16,1.39,804,727,,,,,,,,,,
BPT-4F,A,-5.59,-4,1.36,,727,,,,,,,,,,
BFC-4F,A,-5.54,-3.82,1.45,,727,,,,,,,,,,
SIDIC,A,-5.44,-3.93,1.43,759,728,,,,,,,,,,
IDST-4F,A,-5.59,-4.01,,791,728,,,,,,,,,,
p-BTP-C6Ph,A,-5.59,-3.85,1.36,805,728,,,,,,,,,,
m-BTP-C6Ph,A,-5.59,-3.86,1.35,806,728,,,,,,,,,,
LL2,A,-5.58,-3.88,1.39,809,729,-7.24,-2.06,2.42,513,12.333,-7.24,-2.06,2.44,507.7,17.467
IE-4Cl,A,-5.54,-4.11,1.43,775,730,,,,,,,,,,
o-BTP-C6Ph,A,-5.53,-3.76,1.39,790,730,,,,,,,,,,
LL4,A,-5.56,-3.82,1.39,807,730,,,,,,,,,,
TB-4Cl,A,-5.81,-3.94,1.42,810,730,-7.47,-2.27,2.39,519.8,9.35,-7.47,-2.27,2.42,511.9,20.133
TR2F-IC4F,A,-5.57,-3.94,1.4,820,730,,,,,,,,,,
IDTT2OT-2F,A,-5.28,-3.83,1.45,754,731,,,,,,,,,,
N65-2FIC,A,-5.6,-4.03,1.4,786,731,-7.21,-2.14,2.2,564.2,21.833,-7.21,-2.14,2.22,557.7,22.083
DBD-4F,A,-5.55,-3.74,1.38,816,731,,,,,,,,,,
Y6,A,-5.65,-4.09,1.36,826.42,731.84,-7.8,-2.94,1.68,508.2,10.8,-7.8,-2.94,1.69,499.2,10.85
IPT2F-Ph,A,-5.57,-4,1.46,769,732,,,,,,,,,,
BTIC-4EO-4F,A,-5.63,-3.88,1.45,774,732,,,,,,,,,,
Bu-OD-4F,A,-5.68,-4.01,1.42,801,732,,,,,,,,,,
EH-HD-4F,A,-5.69,-4.04,1.39,813,732,,,,,,,,,,
BP4T-4F,A,-5.71,-3.91,1.33,826,732,,,,,,,,,,
BCDT-4F,A,-5.46,-3.86,1.4,784,733,-7.14,-2.25,2.04,608.8,14.683,-7.14,-2.25,2.06,600.9,14.1
QOC6-4Cl,A,-5.62,-3.87,1.45,796,733,,,,,,,,,,
BT-LIC,A,-5.42,-3.84,1.38,801,733,,,,,,,,,,
BO-4F,A,-5.7,-4.01,1.4,811,733,,,,,,,,,,
BTIC-Cl-m,A,-5.42,-3.91,1.34,822,733,,,,,,,,,,
SY1,A,-5.68,-3.95,,825,733,,,,,,,,,,
BTP-4F,A,-5.68,-4.01,1.33,841,733,,,,,,,,,,
BTCIC,A,-5.53,-4,1.36,723,734,-7.17,-2.21,2.02,615.1,10.983,-7.17,-2.21,2.05,604.9,11.217
FNIC1,A,-5.61,-3.92,1.48,752,734,,,,,,,,,,
IDT-T-N,A,-5.58,-4.06,1.45,755,734,,,,,,,,,,
IDTT2OT-4F,A,-5.32,-3.9,1.42,768,734,,,,,,,,,,
CH3-2F,A,-5.59,-4.01,1.42,775,734,-7.17,-2.13,2.27,546.4,18.25,-7.17,-2.13,2.31,537.4,19.133
BTTPC,A,-5.47,-3.78,1.39,798,734,,,,,,,,,,
BTIC-2Br-m,A,-5.56,-4.07,,820,734,,,,,,,,,,
PY5-PZ,A,-5.71,-3.75,1.45,772,735,,,,,,,,,,
BP5T-4F,A,-5.63,-3.88,1.34,813,735,-7.29,-2.09,2.41,514.4,10.183,-7.29,-2.09,2.43,509.9,10.15
PY5-2TZ,A,-5.7,-3.76,1.44,775,736,,,,,,,,,,
PY5-BT,A,-5.73,-3.78,1.43,778,737,,,,,,,,,,
IDT2Se-4F,A,-5.51,-4,1.39,789,737,,,,,,,,,,
BTP-1V,A,-5.54,-3.89,1.28,829,737,-7.73,-2.27,2.58,480.8,13.7,-7.73,-2.27,2.62,472.7,11.517
BTP-S,A,-5.66,-4.03,1.26,862,737,,,,,,,,,,
IPT-2F,A,-5.51,-3.96,1.44,775,739,-7.2,-1.97,2.42,513.2,26.417,-7.2,-1.97,2.44,507.7,19.333
IDT2-IC-4Cl,A,-5.34,-3.95,1.4,779,739,,,,,,,,,,
SY2,A,-5.67,-3.99,,836,739,,,,,,,,,,
BDTN-BF,A,-5.58,-3.73,1.41,792,740,-7.26,-2.1,2.38,519.9,20.717,-7.26,-2.1,2.42,511.4,13.667
BDTN-Th,A,-5.5,-3.62,1.41,792,740,-7.16,-1.99,2.44,507.1,14.867,-7.16,-1.99,2.49,497.3,8.317
TPQx-6F,A,-5.61,-3.78,1.43,805,740,,,,,,,,,,
SY3,A,-5.69,-3.98,,838,740,,,,,,,,,,
AOIC2,A,-5.62,-3.83,1.54,782,741,-7.16,-2.04,2.23,555.1,30.55,-7.16,-2.04,2.26,548.9,41
M34,A,-5.6,-3.91,1.39,798,741,,,,,,,,,,
BTTPC-Br,A,-5.54,-3.88,1.37,813,741,,,,,,,,,,
BTP-2F-ThCl,A,-5.7,-3.99,1.34,839,741,,,,,,,,,,
IPTT-2F,A,-5.46,-4.04,1.42,766,742,,,,,,,,,,
BTOC6C8-IC4F,A,-5.52,-3.92,1.42,773,742,,,,,,,,,,
M2,A,-5.6,-3.96,1.39,797,742,,,,,,,,,,
M4,A,-5.61,-3.97,1.38,798,742,,,,,,,,,,
MS-4Cl,A,-5.68,-3.99,1.37,813,742,,,,,,,,,,
p-DOC6-2F,A,-5.47,-3.79,1.37,821,742,,,,,,,,,,
BTN-4F,A,-5.73,-4.15,1.33,834,742,,,,,,,,,,
BPF-4F,A,-5.58,-3.98,1.36,,742,,,,,,,,,,
BTOIC,A,-5.42,-3.94,1.39,781,743,,,,,,,,,,
LL4-2Cl,A,-5.62,-3.99,,,743,,,,,,,,,,
NOBDT,A,-5.26,-3.89,1.39,781,744,-7.1,-2.09,2.29,541.4,24.217,-7.1,-2.09,2.33,533,23.083
BTCPDT,A,-5.54,-3.95,1.34,815,744,,,,,,,,,,
BTIC-CF3-y,A,-5.45,-3.96,1.3,837,744,-7.41,-2.25,2.39,518.8,11.533,-7.41,-2.25,2.42,512.8,12.267
LL2-2Cl,A,-5.64,-4.02,1.35,835,745,,,,,,,,,,
Y6-Se,A,-5.63,-3.99,1.31,,745,,,,,,,,,,
Y6-2Se,A,-5.58,-3.84,1.34,,745,,,,,,,,,,
BT-IC4F,A,-5.89,-4.27,1.37,734,746,-7.27,-2.41,1.96,633.4,11.25,-7.27,-2.41,1.99,622.4,11.567
IPTTT-2F,A,-5.4,-4.07,1.43,761,746,,,,,,,,,,
TTIC-M,A,-5.3,-3.82,1.44,783,746,,,,,,,,,,
IPT-4F,A,-5.57,-4.08,1.42,795,746,,,,,,,,,,
IPTBO-4F,A,-5.57,-4.07,1.41,800,746,,,,,,,,,,
BTIC-4Br,A,-5.57,-4.11,,825,746,,,,,,,,,,
BTP-ClBr,A,-5.79,-4,1.38,826,746,,,,,,,,,,
BT6IC-HD-4Cl,A,-5.57,-4.1,1.35,828,746,,,,,,,,,,
Y6-4Cl,A,-5.74,-4.01,,845,746,,,,,,,,,,
BTP-ClBr1,A,-5.79,-4.03,1.33,742,747,-7.29,-2.08,2.41,471.8,11.333,-7.29,-2.08,2.44,462.3,11.717
IDT-PDOT,A,-5.39,-3.77,1.43,776,747,,,,,,,,,,
BTIC-4EO-4Cl,A,-5.72,-3.93,1.39,800,747,,,,,,,,,,
BTIC-BO-4Br,A,-5.53,-4.09,,823,747,,,,,,,,,,
AOIC1,A,-5.53,-3.94,1.51,790,748,-6.24,-2.97,0.88,1416.4,38.8,-6.24,-2.97,1.22,1013.2,38.25
BCDT-4Cl,A,-5.47,-3.88,1.38,806,748,-7.36,-2.19,2.21,560.4,14.917,-7.36,-2.19,2.24,554.3,14.45
TPQx-4F,A,-5.57,-3.74,1.41,813,748,,,,,,,,,,
S-YSS-Cl,A,-5.71,-3.85,1.34,835,748,,,,,,,,,,
BPS-4F,A,-5.54,-4,1.29,,749,,,,,,,,,,
BTOR-IC4F,A,-5.92,-4.23,1.37,710,750,,,,,,,,,,
FNIC2,A,-5.56,-4,1.38,794,750,,,,,,,,,,
BTIC-4EO-4Br,A,-5.45,-4.03,1.39,805,750,-7.41,-2.21,2.41,514.1,11.5,-7.41,-2.21,2.44,508.5,11.267
2FIFIC,A,-5.45,-3.97,1.38,817,750,-7.32,-2.23,2.2,562.6,12.533,-7.32,-2.23,2.25,552.2,17.367
BDTP-4F,A,-5.61,-3.9,1.36,820,750,-7.3,-2.17,2.34,530,10.933,-7.3,-2.17,2.37,522.6,9.4
BTP-2ThCl,A,-5.67,-3.95,1.35,829,750,,,,,,,,,,
IXIC,A,-5.13,-3.78,1.35,799.5,751.5,,,,,,,,,,
BTCPDTO4,A,-5.52,-3.9,1.38,795,752,,,,,,,,,,
OCH3-2F,A,-5.4,-4.04,1.33,796,752,,,,,,,,,,
DBTD-4F,A,-5.51,-3.9,1.34,751,753,,,,,,,,,,
IDT-EDOT,A,-5.43,-3.8,1.41,789,753,,,,,,,,,,
LL3,A,-5.48,-3.78,1.37,823,753,,,,,,,,,,
BTP-ClBr2,A,-5.8,-4.04,1.33,743,754,,,,,,,,,,
INPIC,A,-5.36,-3.82,1.46,779,755,,,,,,,,,,
COi6IC,A,-5.57,-3.86,1.37,795,755,-7.27,-2.07,2.24,554.4,16.767,-7.27,-2.07,2.27,547.1,17.733
BOC-4F,A,-5.4,-3.78,1.42,,755,,,,,,,,,,
BTCIC-4Cl,A,-5.64,-4.12,1.31,748,756,-7.25,-2.38,1.97,628.1,11.633,-7.25,-2.38,2.01,617.1,11.983
PY5-BTZ,A,-5.67,-3.72,1.44,775,756,,,,,,,,,,
TTIC-F,A,-5.34,-3.88,1.35,828,756,,,,,,,,,,
BTP-2V,A,-5.43,-3.91,1.28,851,756,,,,,,,,,,
AOIC,A,-5.5,-3.93,1.44,811,758,-7.1,-2.07,2.2,563.8,34.083,-7.1,-2.07,2.22,558.4,33.767
A-WSSe-Cl,A,-5.7,-3.86,1.31,840,758,-7.4,-2.22,2.39,517.8,11.883,-7.4,-2.22,2.42,512.1,11.95
AOT2,A,-5.39,-3.9,1.28,856,758,-7.32,-2.33,2.2,563.9,8.767,-7.32,-2.33,2.24,554.4,8.3
BN-0F,A,-5.35,-3.94,1.41,801,759,-7.13,-1.94,2.32,535.2,14.85,-7.13,-1.94,2.35,528.1,14.9
UF-Qx-2F,A,-5.53,-3.84,1.32,804,759,-7.11,-2.21,2.01,615.3,18.25,-7.11,-2.21,2.04,606.6,18.117
IPTBO-4Cl,A,-5.64,-4.08,1.39,817,759,,,,,,,,,,
BT-Cl,A,-5.42,-3.71,1.31,842,759,,,,,,,,,,
IPT-4Cl,A,-5.58,-4.11,1.39,819,760,,,,,,,,,,
ICIF2F,A,-5.45,-4.02,1.36,823,760,,,,,,,,,,
BTP-4V,A,-5.34,-3.94,1.21,885,760,,,,,,,,,,
IPIC,A,-5.47,-3.82,1.44,776,761,,,,,,,,,,
BTDTP-4F,A,-5.56,-3.93,1.3,857,761,-7.22,-2.15,2.37,523.8,11.65,-7.22,-2.15,2.4,516.8,13.05
BT-BO-L4F,A,-5.58,-3.98,1.32,837,762,-7.31,-2.2,2.31,536.7,13.45,-7.31,-2.2,2.34,530.3,13.5
BT-L4F,A,-5.57,-4,1.32,838,762,,,,,,,,,,
CPIC-2,A,-5.3,-3.52,1.31,742,764,,,,,,,,,,
BN-2F,A,-5.39,-3.99,1.4,808,764,-7.07,-2.02,2.19,565.4,14.45,-7.07,-2.02,2.22,557.7,14.317
COi6FIC,A,-5.6,-3.93,1.34,815,764,,,,,,,,,,
NoCA-1,A,-5.45,-3.88,,822,764,-7.17,-2.14,2.16,575.1,15.6,-7.17,-2.14,2.18,568,21.467
PTIC-4Cl,A,-5.68,-3.91,1.35,840,765,,,,,,,,,,
p-IO1,A,-5.46,-4.13,1.34,815,766,,,,,,,,,,
LL3-2Cl,A,-5.53,-3.92,1.32,860,766,,,,,,,,,,
PJ1-H,A,-5.64,-3.82,1.41,798,767,,,,,,,,,,
INPIC-2F,A,-5.4,-3.91,1.41,799,767,,,,,,,,,,
BTP-3V,A,-5.38,-3.9,1.22,814,768,,,,,,,,,,
BN-4F,A,-5.44,-4.06,1.38,816,768,-7.13,-2.03,2.25,550.6,15.233,-7.13,-2.03,2.28,543.4,15.283
S-WSeSe-Cl,A,-5.66,-3.88,1.3,853,768,-7.71,-2.26,1.99,464.7,12.217,-7.71,-2.26,2.02,457.9,12.433
NoCA-5,A,-5.43,-3.83,,818,769,,,,,,,,,,
INPIC-4F,A,-5.42,-3.94,1.39,821,769,-7.02,-1.93,2.32,533.6,26.35,-7.02,-1.93,2.36,526,25.683
COi6DFIC,A,-5.64,-4.04,1.31,824,769,-7.49,-2.26,2.28,543,19,-7.49,-2.26,2.31,535.7,17.4
IUIC,A,-5.45,-3.87,1.41,788,772,-6.96,-1.97,2.27,545.8,64.683,-6.96,-1.97,2.3,539.1,47.767
UF-Qx-2Cl,A,-5.55,-3.89,1.29,824,772,,,,,,,,,,
m-INPOIC,A,-5.41,-3.97,1.41,810,773,-7.11,-2,2.35,528,24.933,-7.11,-2,2.38,521.2,25
IXIC-2Cl,A,-5.2,-3.9,1.3,939,773.5,-7.14,-2.16,2.15,575.8,19.217,-7.14,-2.16,2.18,569.8,19.117
IPIC-4F,A,-5.54,-3.94,1.38,824,776,,,,,,,,,,
CPDT-4F,A,-5.26,-3.87,1.31,847,776,,,,,,,,,,
PT2IC-4Cl,A,-5.6,-3.9,1.31,865,776,-7.26,-2.19,2.3,539.7,11.483,-7.26,-2.19,2.33,533.1,12.217
Y19,A,-5.68,-3.95,1.308,873,776,-7.52,-2.02,2.39,455.4,11.017,-7.52,-2.02,2.44,444.4,11.633
BTP-Se,A,-5.64,-4.04,1.24,853,778,,,,,,,,,,
p-INPOIC,A,-5.38,-4,1.37,823,779,,,,,,,,,,
CPIC-3,A,-5.2,-3.48,1.24,819,780,-6.9,-2.1,2,619.8,13.717,-6.9,-2.1,2.02,612.9,14.017
M8,A,-5.49,-3.91,1.28,854,780,,,,,,,,,,
FOIC,A,-5.38,-3.91,1.32,836,782,-7.12,-2.15,2.15,575.7,17.533,-7.12,-2.15,2.18,569.7,28.95
5T-OFIC,A,-5.51,-3.86,1.34,826,784,-6.59,-2.89,0.44,628.8,43.533,-6.59,-2.89,0.55,617,29.483
CPDT-4Cl,A,-5.29,-3.93,1.3,858,786,-7.31,-2.32,2.05,604.9,9.733,-7.31,-2.32,2.07,597.6,14.25
IXIC-4Cl,A,-5.2,-3.95,1.25,866,789,,,,,,,,,,
o-IO1,A,-5.44,-4.15,1.28,850,790,,,,,,,,,,
IPIC-4Cl,A,-5.51,-3.95,1.32,855,790,,,,,,,,,,
ITOTIC-2F,A,-5.22,-4.11,1.32,809,791,,,,,,,,,,
BTP-N,A,-5.63,-3.98,1.25,876,791,-7.65,-2.78,1.54,488,12.35,-7.65,-2.78,1.54,483.1,11.617
6T-OFIC,A,-5.47,-3.89,1.31,839,792,-7.1,-2.14,2.16,575.1,22.883,-7.1,-2.14,2.18,569.3,30.933
IOTIC-2F,A,-5.34,-4.06,1.31,839,794,-6.82,-2.02,2.11,586.6,24.1,-6.82,-2.02,2.15,576.7,23.917
6-IFIC,A,-5.34,-4.02,1.27,862,799,-7.12,-2.21,2.06,602.2,17.15,-7.12,-2.21,2.1,590.7,16.417
IEICO-4Cl,A,-5.56,-4.23,1.23,887,802,-6.99,-2.04,2.28,544,25.833,-6.99,-2.04,2.32,534.6,27.283
IEICO-4F,A,-5.44,-4.19,1.24,869,803,,,,,,,,,,
3TT-CIC,A,-5.24,-3.95,1.23,885,806,,,,,,,,,,
p-IO2,A,-5.44,-4.19,1.24,880,808,,,,,,,,,,
3TT-OCIC,A,-5.22,-3.91,1.29,860,809,-7.33,-2.33,2.05,605.7,23.033,-7.33,-2.33,2.07,597.5,23.133
6-IF2F,A,-5.38,-4.07,1.25,889,809,-7.2,-2.26,2.1,590.5,16.817,-7.2,-2.26,2.14,579.8,16.45
AOT3,A,-5.37,-3.95,1.22,938,810,-7.4,-2.23,2.24,554.1,8.4,-7.4,-2.23,2.27,545.6,8.35
6-IF4F,A,-5.42,-4.14,1.22,916,816,-7.24,-2.36,2.04,608.2,16.5,-7.24,-2.36,2.08,596.1,16.283
GL1,A,-5.4,-3.83,1.28,846,817,-7.09,-2.2,2.08,596,19.967,-7.09,-2.2,2.11,588.5,13.517
o-IO2,A,-5.41,-4.21,1.2,920,835,,,,,,,,,,
PI-BT,A,-5.8,-3.3,2.34,448,,,,,,,,,,,
BIBT-NI,A,-5.62,-3.65,,503,,,,,,,,,,,
SFBRCN,A,-5.93,-3.86,,505,,,,,,,,,,,
FBR,A,-5.77,-3.57,2.14,509,,,,,,,,,,,
FRd2,A,-5.67,-3.58,,509,,,,,,,,,,,
J74,D,-5.56,-3.06,1.99,526,,,,,,,,,,,
FRdCN2,A,-5.88,-3.81,,530,,,,,,,,,,,
PB68-3TDC,D,-5.41,-3.57,1.92,555,,,,,,,,,,,
PB24-TTDC,D,-5.36,-3.58,1.91,556,,,,,,,,,,,
IBR,A,-5.64,-3.41,,565,,,,,,,,,,,
BPTCN,A,-5.38,-3.66,,569,,,,,,,,,,,
YF25,A,-5.4,-3.7,,575,,,,,,,,,,,
J73,D,-5.46,-2.92,1.98,576,,,,,,,,,,,
J72,D,-5.42,-3.29,1.98,578,,,,,,,,,,,
J71,D,-5.4,-3.24,1.96,580,,,,,,,,,,,
J70,D,-5.37,-2.91,1.99,580,,,,,,,,,,,
J52,D,-5.2,-3.05,1.96,590,,,,,,,,,,,
IDT-BC6,A,-5.55,-3.82,1.75,592,,,,,,,,,,,
J60,D,-5.32,-3.08,1.93,598,,,,,,,,,,,
PTBB-m,D,-5.48,-3.42,1.88,600,,,,,,,,,,,
J61,D,-5.32,-3.07,1.93,600,,,,,,,,,,,
TIDT-BT-R2,A,-5.25,-3.65,,604,,,,,,,,,,,
PffT2-FTAZ-2DT,D,-5.28,-3.37,1.91,620,,,,,,,,,,,
PTBB-p,D,-5.41,-3.49,1.84,623,,,,,,,,,,,
BDTS-2DPP,D,-5.28,-3.49,,624,,,,,,,,,,,
BDT-2DPP,D,-5.23,-3.46,,626,,,,,,,,,,,
P(NDI2OD-FT2),A,-5.5,-3.91,1.59,630,,,,,,,,,,,
IDT-2BR,A,-5.52,-3.69,,636,,,,,,,,,,,
IFBR-d,A,-5.67,-3.74,,647,,,,,,,,,,,
PTBB-o,D,-5.52,-3.37,1.89,656,,,,,,,,,,,
IFBR-p,A,-5.64,-3.73,,671,,,,,,,,,,,
DF-TCIC,A,-5.37,-3.76,1.46,686,,,,,,,,,,,
IDT-BOC6,A,-5.51,-3.78,1.63,688,,,,,,,,,,,
T-EHPPD-T-EHBDT,D,-5.47,-3.68,1.79,691,,,,,,,,,,,
IDT-4CN,A,-5.45,-3.95,,698,,,,,,,,,,,
P(NDI2OD-T2),A,-5.49,-4.05,1.44,704,,,,,,,,,,,
PTB7-Th,D,-5.21,-3.6,1.58,705,,,,,,,,,,,
HF-TCIC,A,-5.43,-3.83,1.44,706,,,,,,,,,,,
ITTC,A,-5.49,-3.85,1.61,707,,,,,,,,,,,
IT-IC,A,-5.58,-3.88,1.59,709,,,,,,,,,,,
IT-BT-CN,A,-5.53,-3.96,1.57,712,,,,,,,,,,,
O-IDTBCN,A,-5.8,-3.8,,712,,,,,,,,,,,
IT-2Cl,A,-5.68,-3.99,1.55,720,,,,,,,,,,,
IDTO,A,-5.52,-3.84,1.53,723,,,,,,,,,,,
IDTC,A,-5.57,-3.96,1.51,727,,,,,,,,,,,
BDT-IC,A,-5.51,-3.9,1.53,739,,,,,,,,,,,
SJ-IC,A,-5.61,-3.94,1.49,743,,,,,,,,,,,
IT-4Cl,A,-5.75,-4.09,1.48,746,,,,,,,,,,,
BID-4F,A,-5.69,-3.73,1.53,749,,,,,,,,,,,
IT-BN-ICN,A,-5.59,-4.08,1.51,750,,,,,,,,,,,
NTTI,A,-5.38,-3.83,1.45,783,,,,,,,,,,,
PY5T,A,-5.71,-3.76,,792,,,,,,,,,,,
BZIC-2Br,A,-5.85,-3.92,1.4,807,,,,,,,,,,,
PFA1,A,-5.74,-3.84,1.41,815,,,,,,,,,,,
Y9-2Br,A,-5.53,-3.64,1.32,855,,,,,,,,,,,
SSTI,A,-5.71,-4.24,0.98,866,,,,,,,,,,,
Coi8DFIC,A,-5.51,-4.04,1.26,,,,,,,,,,,,
ATT-2,A,-5.5,-3.9,1.32,,,,,,,,,,,,
IEICO,A,-5.32,-3.95,1.34,,,,,,,,,,,,
IEICS-4F,A,-5.43,-4.08,1.35,,,,,,,,,,,,
6TIC,A,-5.21,-3.83,1.37,,,,,,,,,,,,
4TIC,A,-5.28,-3.87,1.4,,,,,,,,,,,,
P(T4-DPP-M),D,-5.4,-4,1.4,,,,,,,,,,,,
TPQ-Cl,A,-5.64,-4.11,1.4,,,,,,,,,,,,
BT-IC,A,-5.32,-3.85,1.43,,,-7.05,-1.97,2.32,535.1,22.8,-7.05,-1.97,2.35,526.7,30.733
TPQ-F,A,-5.67,-3.91,1.43,,,,,,,,,,,,
PYTT-3,A,-5.76,-3.88,1.44,,,,,,,,,,,,
BZIC,A,-5.42,-3.88,1.45,,,,,,,,,,,,
PYTT-1,A,-5.66,-3.82,1.49,,,,,,,,,,,,
PYTT-2,A,-5.73,-3.83,1.49,,,,,,,,,,,,
IDSe-T-IC,A,-5.45,-3.79,1.52,,,,,,,,,,,,
CRIC,A,-5.44,-3.82,1.53,,,,,,,,,,,,
ATT-1,A,-5.5,-3.63,1.54,,,,,,,,,,,,
P(T4-iI-M),D,-5.5,-3.9,1.55,,,,,,,,,,,,
IDTT-Cl-2F,A,-5.42,-3.92,1.56,,,,,,,,,,,,
IDTT-Br-2F,A,-5.79,-3.99,1.58,,,,,,,,,,,,
m-ITIC,A,-5.52,-3.82,1.58,,,,,,,,,,,,
IDTT-M-2F,A,-5.4,-3.87,1.59,,,,,,,,,,,,
IDT6CN-M,A,-5.6,-3.87,1.6,,,,,,,,,,,,
IT-M,A,-5.58,-3.98,1.6,,,,,,,,,,,,
IDT-2BR1,A,-5.37,-3.67,1.61,,,,,,,,,,,,
IC-C6IDT-IC,A,-5.69,-3.91,1.62,,,,,,,,,,,,
ITCC-Br,A,-5.74,-3.91,1.64,,,,,,,,,,,,
ITCC-Cl,A,-5.4,-3.78,1.66,,,,,,,,,,,,
H1,A,-5.51,-3.84,1.67,,,,,,,,,,,,
ITCC-M,A,-5.43,-3.68,1.72,,,,,,,,,,,,
F(DPP)2B2,A,-5.21,-3.39,1.82,,,,,,,,,,,,
P(T4-TPD-M),D,-5.6,-3.8,1.84,,,,,,,,,,,,
PTPDBDT,D,-5.6,-3.75,1.85,,,,,,,,,,,,
IDTT-TBTA,A,-5.51,-3.72,1.89,,,,,,,,,,,,
J62,D,-5.31,-3.08,1.92,,,,,,,,,,,,
J63,D,-5.28,-3.04,1.92,,,,,,,,,,,,
J64,D,-5.33,-3.09,1.92,,,,,,,,,,,,
PTQ10,D,-5.54,-2.92,1.93,,,,,,,,,,,,
J52-2Cl,D,-5.38,,1.94,,,,,,,,,,,,
J100,D,-5.35,-3,1.95,,,,,,,,,,,,
J101,D,-5.47,-2.97,1.96,,,,,,,,,,,,
J71-Cl,D,-5.33,-2.98,1.96,,,,,,,,,,,,
J91,D,-5.5,-3.02,2,,,,,,,,,,,,
Cz-RH,A,-5.53,-3.5,2.05,,,,,,,,,,,,
Flu-RH,A,-5.58,-3.53,2.1,,,,,,,,,,,,
2TC-TT-BDTFT,D,-5.45,-3.5,,,,,,,,,,,,,
2T-TCC-BDTFT,D,-5.41,-3.53,,,,,,,,,,,,,
3MT-Th,D,-5.42,-3.4,,,,,,,,,,,,,
6TBA,A,-5.24,-3.78,,,,,,,,,,,,,
A4T-16,A,-5.67,-3.96,,,,,,,,,,,,,
A4T-21,A,-5.89,-3.92,,,,,,,,,,,,,
A4T-23,A,-5.63,-3.98,,,,,,,,,,,,,
A701,A,-5.61,-3.8,,,,,,,,,,,,,
A702,A,-5.41,-3.74,,,,,,,,,,,,,
ACS8,A,-5.54,-4.05,,,,,,,,,,,,,
AQx,A,-5.59,-3.85,,,,,,,,,,,,,
AQx-2,A,-5.62,-3.88,,,,,,,,,,,,,
asy-PBDBTN,D,-5.41,-3.58,,,,,,,,,,,,,
B1,D,-5.37,-3.51,,,,,,,,,,,,,
BDDBO-4F,A,-5.56,-3.93,,,,,,,,,,,,,
BDDEH-4F,A,-5.57,-3.94,,,,,,,,,,,,,
BDT3TR,D,-5.1,-3.28,,,,,,,,,,,,,
BDTC-4Cl,A,-5.35,-3.75,,,,,,,,,,,,,
BDTS-4Cl,A,-5.45,-3.82,,,,,,,,,,,,,
BO2FC8,D,-5.5,-3.6,,,,,,,,,,,,,
BO2FEH,D,-5.59,-3.59,,,,,,,,,,,,,
BO-4Cl,A,-5.68,-4.1,,,,,,,,,,,,,
B-PDI-B,A,-5.57,-3.95,,,,,,,,,,,,,
Br-ITIC,A,-5.73,-4.2,,,,,,,,,,,,,
BSFTR,D,-5.59,-3.61,,,,,,,,,,,,,
BTA11,A,-5.29,-3.53,,,,,,,,,,,,,
BTA13,A,-5.34,-3.62,,,,,,,,,,,,,
BTA17,A,-5.41,-3.69,,,,,,,,,,,,,
BTA4,A,-5.5,-3.65,,,,,,,,,,,,,
BTA5,A,-5.55,-3.71,,,,,,,,,,,,,
BTA7,A,-5.56,-3.66,,,,,,,,,,,,,
BT-CIC,A,-5.49,-4.09,,,,,,,,,,,,,
BTCT-2Cl,A,-5.56,-3.95,,,,,,,,,,,,,
BTIC-2Cl-yCF3,A,-5.55,-4,,,,,,,,,,,,,
BTIC-COOMe,A,-5.41,-3.89,,,,,,,,,,,,,
BTIC-OCOMe,A,-5.35,-3.83,,,,,,,,,,,,,
BTP,A,-5.52,-3.82,,,,,,,,,,,,,
BTP-2Cl-delta,A,-5.57,-3.85,,,,,,,,,,,,,
BTP-4Cl,A,-5.66,-4.14,,,,-7.38,-2.22,2.39,519.5,13.183,-7.38,-2.22,2.42,513.2,10.2
BTP-4F-12,A,-5.69,-3.97,,,,,,,,,,,,,
BTP-4F-C5-16,A,-5.73,-3.93,,,,,,,,,,,,,
BTP-6F,A,-5.69,-3.97,,,,,,,,,,,,,
BTP-M,A,-5.48,-3.81,,,,,,,,,,,,,
BTP-PhC6,A,-5.58,-3.85,,,,,,,,,,,,,
BTP-S1,A,-5.55,-4.01,,,,,,,,,,,,,
BTP-S2,A,-5.65,-4.01,,,,,,,,,,,,,
BTP-S7,A,-5.52,-4.08,,,,,,,,,,,,,
BTP-S8,A,-5.63,-4.09,,,,,,,,,,,,,
BTP-S9,A,-5.63,-4.09,,,,,,,,,,,,,
BTPT-4F,A,-5.73,-4,,,,,,,,,,,,,
BTPTT-4F,A,-5.68,-4.06,,,,,,,,,,,,,
BTPV-4F,A,-5.39,-4.08,,,,,,,,,,,,,
BTPV-4F-eC9,A,-5.38,-4.06,,,,,,,,,,,,,
C8-ITCC,A,-5.45,-3.85,,,,,,,,,,,,,
C8-ITCC-Cl,A,-5.5,-3.93,,,,,,,,,,,,,
C8-ITIC,A,-5.63,-3.91,,,,,,,,,,,,,
CH1007,A,-5.59,-3.97,,,,,,,,,,,,,
Cl-ITIC,A,-5.7,-4.14,,,,,,,,,,,,,
CRIC-4F,A,-5.67,-3.9,,,,,,,,,,,,,
D18,D,-5.51,-2.77,,,,,,,,,,,,,
DF-PCIC,A,-5.49,-3.77,,,,,,,,,,,,,
di-PBI,A,-6.1,-4,,,,,,,,,,,,,
di-PDI,A,-6.1,-3.86,,,,,,,,,,,,,
di-PDI-2F,A,-6.22,-3.92,,,,,,,,,,,,,
DO-2F,A,-5.54,-3.9,,,,,,,,,,,,,
DR3TBDTT,D,-5.02,-3.27,,,,,,,,,,,,,
DRBDT-STVT,D,-5.14,-3.43,,,,,,,,,,,,,
DRBDT-TVT,D,-5.11,-3.41,,,,,,,,,,,,,
DRCN5T,D,-5.22,-3.41,,,,,,,,,,,,,
DRNCN5T,D,-5.22,-3.41,,,,,,,,,,,,,
DRTB-T,D,-5.51,-3.34,,,,,,,,,,,,,
DRTB-T-C4,D,-5.51,-3.34,,,,,,,,,,,,,
DTBT(TDPP)2,A,-5.7,-4.18,,,,,,,,,,,,,
DTDfBT(TDPP)2,A,-5.85,-4.33,,,,,,,,,,,,,
DTI,A,-6.1,-3.9,,,,,,,,,,,,,
DTPC-DFIC,A,-5.31,-4.1,,,,,,,,,,,,,
DTPC-IC,A,-5.21,-3.97,,,,,,,,,,,,,
DTP-in-F,A,-5.53,-3.92,,,,,,,,,,,,,
DTP-out-F,A,-5.61,-3.96,,,,,,,,,,,,,
eC9-2Cl,A,-5.57,-3.74,,,,,,,,,,,,,
F-0Cl,A,-5.43,-3.71,,,,,,,,,,,,,
F-1Cl,A,-5.46,-3.75,,,,,,,,,,,,,
F8IC,A,-5.4,-4,,,,,,,,,,,,,
F-BTA3,A,-5.52,-3.39,,,,,,,,,,,,,
FEHIDT,A,-5.95,-3.95,,,,,,,,,,,,,
FFI-1,A,-6.1,-3.5,,,,,,,,,,,,,
F-ITIC,A,-5.65,-4.09,,,,,,,,,,,,,
FITP,A,-5.48,-3.75,,,,,,,,,,,,,
FTAZ,D,-5.38,-3.17,,,,,,,,,,,,,
H11,D,-5.27,-3.45,,,,,,,,,,,,,
H13,D,-5.43,-3.39,,,,,,,,,,,,,
H14,D,-5.46,-3.47,,,,,,,,,,,,,
H2,A,-5.62,-3.94,,,,,,,,,,,,,
HD-4Cl,A,-5.68,-4.09,,,,,,,,,,,,,
HDO-4Cl,A,-5.7,-3.91,,,,,,,,,,,,,
H-ITIC,A,-5.61,-4.02,,,,,,,,,,,,,
HTAZ,D,-5.42,-3.44,,,,,,,,,,,,,
IBCT,A,-5.5,-3.7,,,,,,,,,,,,,
ICPDT-4F,A,-5.33,-3.91,,,,,,,,,,,,,
IDIC8-F,A,-5.51,-3.82,,,,,,,,,,,,,
IDIC8-H,A,-5.52,-3.76,,,,,,,,,,,,,
IDIC8-M,A,-5.51,-3.72,,,,,,,,,,,,,
IDT-2PDI,A,-5.53,-3.83,,,,,,,,,,,,,
IDTA,A,-5.88,-3.9,,,,,,,,,,,,,
IDTBR,A,-5.63,-3.8,,,,,,,,,,,,,
IDT-BT-R,A,-5.3,-3.59,,,,,,,,,,,,,
IDTC-4Cl,A,-5.5,-3.79,,,,,,,,,,,,,
IDTI,A,-5.81,-3.94,,,,,,,,,,,,,
IDTIC,A,-5.85,-3.89,,,,,,,,,,,,,
IDTIDSe-T-IC,A,-5.41,-3.81,,,,,,,,,,,,,
IDT-NTI-1HH,A,-5.4,-3.8,,,,,,,,,,,,,
IDT-NTI-2EH,A,-5.4,-3.9,,,,,,,,,,,,,
IDT-T,A,-5.41,-3.96,,,,,,,,,,,,,
IDTTA,A,-5.81,-3.97,,,,,,,,,,,,,
IDTTIC,A,-5.68,-3.84,,,,,,,,,,,,,
IDTT-OB,A,-5.59,-3.87,,,,,,,,,,,,,
IDT-Tz,A,-5.62,-4.09,,,,,,,,,,,,,
IFBR,A,-5.69,-3.64,,,,,,,,,,,,,
IffBR,A,-5.71,-3.77,,,,,,,,,,,,,
IFIC-i-4F,A,-5.42,-3.91,,,,,,,,,,,,,
IHIC2,A,-5.69,-3.86,,,,,,,,,,,,,
IHIC-N,A,-5.57,-3.8,,,,,,,,,,,,,
I-ITIC,A,-5.68,-4.14,,,,,,,,,,,,,
IOIC2,A,-5.41,-3.78,,,,,,,,,,,,,
IOIC3,A,-5.38,-3.84,,,,,,,,,,,,,
IT-2F,A,-5.64,-4.05,,,,,,,,,,,,,
IT-F,A,-5.66,-3.95,,,,,,,,,,,,,
ITIC-C9,A,-5.78,-3.97,,,,,,,,,,,,,
ITIC-Cl4,A,-5.5,-3.9,,,,,,,,,,,,,
ITIC-SC2C6,A,-5.74,-3.86,,,,,,,,,,,,,
ITN-C9,A,-5.78,-3.92,,,,,,,,,,,,,
ITTIC,A,-5.28,-3.82,,,,,,,,,,,,,
ITzN-C9,A,-5.62,-3.78,,,,,,,,,,,,,
J101 (actually J100),D,-5.3,-3.5,,,,,,,,,,,,,
J51,D,-5.29,-3.3,,,,,,,,,,,,,
J52-2F,D,-5.36,-3.42,,,,,,,,,,,,,
J52-Cl,D,-5.39,-3.45,,,,,,,,,,,,,
J52-F,D,-5.36,-3.42,,,,,,,,,,,,,
J81,D,-5.43,-2.98,,,,,,,,,,,,,
K12,A,-6.2,-3.6,,,,,,,,,,,,,
L1,D,-5.45,-2.79,,,,,,,,,,,,,
L24,D,-5.43,-3.48,,,,,,,,,,,,,
L68,D,-5.51,-3.56,,,,,,,,,,,,,
L810,D,-5.57,-3.58,,,,,,,,,,,,,
L8-BO,A,-5.68,-3.9,,,,,,,,,,,,,
m-DTC-2Cl,A,-5.65,-3.89,,,,,,,,,,,,,
m-ITIC-OR-4Cl,A,-5.78,-4.05,,,,,,,,,,,,,
N10,A,-5.7,-4.15,,,,,,,,,,,,,
N2200,A,-5.71,-4.02,,,,,,,,,,,,,
N3_srivani,A,-5.87,-3.9,,,,,,,,,,,,,
N4,A,-6.05,-3.89,,,,,,,,,,,,,
N6b,A,-5.06,-3.71,,,,,,,,,,,,,
N7,A,-5.56,-3.74,,,,,,,,,,,,,
NBDTP,A,-5.66,-3.79,,,,,,,,,,,,,
NCBDT,A,-5.36,-3.89,,,,,,,,,,,,,
NCBDT-4Cl,A,-5.6,-4.02,,,,,,,,,,,,,
NDI-3TH,A,-5.5,-4.1,,,,,,,,,,,,,
NDICz-6,A,-5.91,-4.19,,,,,,,,,,,,,
NDTR,D,-5.23,-3.5,,,,,,,,,,,,,
NFTI,A,-5.46,-3.77,,,,,,,,,,,,,
NITI-SeS,A,-5.76,-3.83,,,,,,,,,,,,,
NITI-Sse,A,-5.76,-3.81,,,,,,,,,,,,,
NNBDT,A,-5.46,-3.94,,,,,,,,,,,,,
P,D,-5.27,-3.6,,,,,,,,,,,,,
P2F-EH,D,-5.36,-3.04,,,,,,,,,,,,,
P2F-Ehp,D,-5.46,-3.13,,,,,,,,,,,,,
P2F-EHp,D,-5.38,-3.06,,,,,,,,,,,,,
P2F-EO,D,-5.41,-3.08,,,,,,,,,,,,,
P-4FP,D,-5.54,-3.61,,,,,,,,,,,,,
P5T,D,-5.41,-3.48,,,,,,,,,,,,,
P5T-2F,D,-5.51,-3.56,,,,,,,,,,,,,
PBBSB,D,-5.19,-3.63,,,,,,,,,,,,,
PBCT-2F,D,-5.58,-3.66,,,,,,,,,,,,,
PBDB-ST,D,-5.37,-3.59,,,,,,,,,,,,,
PBDB-T-2Cl,D,-5.52,-3.6,,,,,,,,,,,,,
PBDB-T-4Cl,D,-5.38,-3.47,,,,,,,,,,,,,
PBDB-T-SF,D,-5.41,-3.62,,,,,,,,,,,,,
PBDE-DFDT,D,-5.5,-3.56,,,,,,,,,,,,,
PBDE-TT,D,-5.49,-3.52,,,,,,,,,,,,,
PBDS-TZ,D,-5.41,-3.46,,,,,,,,,,,,,
PBDTNO-BDD,D,-5.27,-3.44,,,,,,,,,,,,,
PBDTNS-BDD,D,-5.35,-3.54,,,,,,,,,,,,,
PBDT-S-2TC,D,-5.47,-3.58,,,,,,,,,,,,,
PBDTS-DTBTO,D,-5.24,-3.6,,,,,,,,,,,,,
PBDTSF-TZNT,D,-5.45,-3.41,,,,,,,,,,,,,
PBDTS-TDZ,D,-5.39,-2.8,,,,,,,,,,,,,
PBDTS-TZNT,D,-5.39,-3.3,,,,,,,,,,,,,
PBDTTAZ-NaPh,D,-5.44,-3.49,,,,,,,,,,,,,
PBDT-TDZ,D,-5.35,-2.78,,,,,,,,,,,,,
PBDTTPD,D,-5.7,-3.7,,,,,,,,,,,,,
PBDTTS-TTffBT,D,-5.45,-3.69,,,,,,,,,,,,,
PBDTTT-EFT,D,-5.24,-3.66,,,,,,,,,,,,,
PBDTTT-E-T,D,-5.09,-3.22,,,,,,,,,,,,,
PBDTT-TT-F,D,-5.3,-3.6,,,,,,,,,,,,,
PBFSF,D,-5.27,-3.72,,,,,,,,,,,,,
PBF-SF,D,-5.46,-3.58,,,,,,,,,,,,,
PBFTT,D,-5.47,-3.56,,,,,,,,,,,,,
PBFZ-OP,D,-5.33,-3.01,,,,,,,,,,,,,
PBI,A,-5.8,-3.6,,,,,,,,,,,,,
PBN-S,D,-5.48,-3.52,,,,,,,,,,,,,
PBPD-Th,D,-5.42,-3.36,,,,,,,,,,,,,
PBQx-TF,D,-5.41,-2.82,,,,,,,,,,,,,
PBT1-EH,D,-5.43,-3.43,,,,,,,,,,,,,
PBTA-BO,D,-5.31,-2.89,,,,,,,,,,,,,
PBTA-PS,D,-5.34,-3.4,,,,,,,,,,,,,
PBTA-PSF,D,-5.52,-3.54,,,,,,,,,,,,,
PBTB-TF,D,-5.46,-3.63,,,,,,,,,,,,,
PBTCl,D,-5.43,-3.55,,,,,,,,,,,,,
PBT-Cl,D,-5.51,-3.6,,,,,,,,,,,,,
PBT-F,D,-5.39,-3.65,,,,,,,,,,,,,
PBTIBDTT,D,-5.47,-3.6,,,,,,,,,,,,,
PBZ,D,-5.18,-3.22,,,,,,,,,,,,,
PBZ1,D,-5.27,-3.06,,,,,,,,,,,,,
PBZ-Cl,D,-5.39,-3.41,,,,,,,,,,,,,
PBZ-ClSi,D,-5.56,-3.5,,,,,,,,,,,,,
PBZ-m-CF3,D,-5.49,-3.22,,,,,,,,,,,,,
PCDTBT,D,-5.5,-3.6,,,,,,,,,,,,,
PCE10-2Cl,D,-5.5,-3.93,,,,,,,,,,,,,
PCE10-2F,D,-5.47,-3.9,,,,,,,,,,,,,
PCE10-SF,D,-5.53,-3.76,,,,,,,,,,,,,
P-CIT,D,-5.5,-3.55,,,,,,,,,,,,,
PDBT-T1,D,-5.36,-3.43,,,,,,,,,,,,,
PDTSBT,D,-5.3,-3.5,,,,,,,,,,,,,
PF2-DTC,A,-5.76,-3.9,,,,,,,,,,,,,
PF2-DTGe,A,-5.78,-3.9,,,,,,,,,,,,,
PF2-DTSi,A,-5.74,-3.87,,,,,,,,,,,,,
PF3-DTC,A,-5.73,-3.91,,,,,,,,,,,,,
PF3-DTCO,A,-5.71,-3.95,,,,,,,,,,,,,
PFBDB-T,D,-5.47,-3.46,,,,,,,,,,,,,
PFBDT-IDTIC,A,-5.78,-3.85,,,,,,,,,,,,,
PFBZ,D,-5.36,-3.42,,,,,,,,,,,,,
PffBT4T,D,-5.36,-3.71,,,,,,,,,,,,,
PffBT4T-2DT,D,-5.29,-3.65,,,,,,,,,,,,,
PffBT4T-B,D,-5.61,-3.58,,,,,,,,,,,,,
PffBT-DPP,D,-5.66,-3.56,,,,,,,,,,,,,
PffQx-PS,D,-5.4,-3.55,,,,,,,,,,,,,
PffQx-T,D,-5.36,-3.56,,,,,,,,,,,,,
PFOPB,D,-5.5,-3.64,,,,,,,,,,,,,
P-FP,D,-5.54,-3.61,,,,,,,,,,,,,
P-FT,D,-5.48,-3.48,,,,,,,,,,,,,
PIDTTDTffBTA,D,-5.25,-3.63,,,,,,,,,,,,,
PN1,A,-5.71,-3.85,,,,,,,,,,,,,
POPB,D,-5.38,-3.57,,,,,,,,,,,,,
P-P,D,-5.33,-3.39,,,,,,,,,,,,,
PPDT2FBT,D,-5.43,-3.67,,,,,,,,,,,,,
PT4FB,D,-5.59,-3.61,,,,,,,,,,,,,
PTB7,D,-5.19,-3.43,,,,,,,,,,,,,
PTBTz-2,D,-5.48,-3.52,,,,,,,,,,,,,
PTFB-O,D,-5.36,-3.36,,,,,,,,,,,,,
PTFB-P,D,-5.32,-3.33,,,,,,,,,,,,,
PTIBT,D,-5.41,-3.61,,,,,,,,,,,,,
PT-IDTIC,A,-5.79,-3.87,,,,,,,,,,,,,
PT-IDTTIC,A,-5.59,-3.86,,,,,,,,,,,,,
PTO2,D,-5.59,-3.67,,,,,,,,,,,,,
PTQ11,D,-5.52,-2.76,,,,,,,,,,,,,
PTQ7,D,-5.38,-2.82,,,,,,,,,,,,,
PTQ8,D,-5.68,-2.92,,,,,,,,,,,,,
PTQ9,D,-5.41,-2.87,,,,,,,,,,,,,
PTT4FB,D,-5.58,-3.58,,,,,,,,,,,,,
PTZ1,D,-5.31,-3.34,,,,,,,,,,,,,
PTZ6,D,-5.36,-3.36,,,,,,,,,,,,,
PTzBI,D,-5.34,-3.46,,,,,,,,,,,,,
PTzBI-DT,D,-5.39,-3.51,,,,,,,,,,,,,
PTzBI-oF,D,-5.25,-3.25,,,,,,,,,,,,,
PvBDTTAZ,D,-5.47,-3.42,,,,,,,,,,,,,
PZ1,A,-5.74,-3.86,,,,,,,,,,,,,
QX2,D,-5.4,-3.1,,,,,,,,,,,,,
SM,D,-5.25,-3.33,,,,,,,,,,,,,
SM1-F,D,-5.37,-2.81,,,,,,,,,,,,,
SM1-S,D,-5.32,-2.81,,,,,,,,,,,,,
SM-Cl,D,-5.42,-3.34,,,,,,,,,,,,,
SN6IC,A,-5.38,-3.93,,,,,,,,,,,,,
SN6IC-4F,A,-5.52,-4.11,,,,,,,,,,,,,
SZ5,D,-5.5,-2.92,,,,,,,,,,,,,
TfIF-4FIC,A,-5.71,-3.96,,,,,,,,,,,,,
TfIF-IC,A,-5.51,-3.77,,,,,,,,,,,,,
TPBT-RCN,A,-5.42,-3.71,,,,,,,,,,,,,
TPD3,A,-5.65,-3.79,,,,,,,,,,,,,
TPD-3,D,-5.14,-3.32,,,,,,,,,,,,,
TPD-3F,D,-5.32,-3.5,,,,,,,,,,,,,
TPDCIC,A,-5.38,-3.78,,,,,,,,,,,,,
TPDCNC,A,-5.37,-3.83,,,,,,,,,,,,,
TPT10,A,-5.52,-3.99,,,,,,,,,,,,,
TT-FIC,A,-5.42,-4.13,,,,,,,,,,,,,
W1,D,-5.65,-4.1,,,,,,,,,,,,,
X1-PCIC,A,-5.35,-3.77,,,,,,,,,,,,,
X-PCIC,A,-5.37,-3.79,,,,,,,,,,,,,
Y1,A,-5.45,-3.95,,,,,,,,,,,,,
Y14,A,-5.56,-4.01,,,,,,,,,,,,,
Y1-4F,A,-5.56,-4.11,,,,,,,,,,,,,
Y18,A,-5.58,-3.98,,,,,,,,,,,,,
Y18-1D,A,-5.43,-3.75,,,,,,,,,,,,,
Y2,A,-5.43,-4.04,,,,,,,,,,,,,
Y22,A,-5.69,-3.94,,,,,,,,,,,,,
Y25,A,-5.49,-4.06,,,,,,,,,,,,,
Y26,A,-5.58,-4.03,,,,,,,,,,,,,
Y3,A,-5.55,-4.01,,,,,,,,,,,,,
Y6-T,A,-5.51,-3.86,,,,,,,,,,,,,
YITI-0F,A,-5.59,-3.88,,,,,,,,,,,,,
YITI-2F,A,-5.6,-3.92,,,,,,,,,,,,,
YITI-4F,A,-5.61,-3.99,,,,,,,,,,,,,
Y-T,A,-5.42,-3.7,,,,,,,,,,,,,
ZITI-C,A,-5.65,-3.81,,,,,,,,,,,,,
ZITI-N,A,-5.57,-3.82,,,,,,,,,,,,,
ZITI-S,A,-5.8,-3.87,,,,,,,,,,,,,
ZR1,D,-5.32,-3.53,,,,,,,,,,,,,
