,AorD,HOMO,LUMO,optbg,wavelength_film,wavelength_soln,HOMO,LUMO,optbg,max_abs,total_mins,sTDA_HOMO,sTDA_LUMO,sTDA_optbg,sTDA_max_abs,sTDA_total_mins
2D-PBTCl,D,-5.45,-3.6,1.72,627.0,625.0,-6.71,-1.3,2.61,474.1,36.217,-6.71,-1.3,2.61,474.1,36.217
2D-PBTCl2,D,-5.43,-3.63,1.66,642.0,593.0,,,,,,,,,,
2FIFIC,A,-5.45,-3.97,1.38,817.0,750.0,-7.32,-2.23,2.2,562.6,12.533,-7.32,-2.23,2.2,562.6,12.533
2T2Se-F,A,-5.52,-3.83,1.31,806.0,694.0,-7.47,-2.29,2.2,564.8,8.35,-7.47,-2.29,2.2,564.8,8.35
2TC-TT-BDTFT,D,-5.45,-3.5,,,,,,,,,,,,,
2T-TCC-BDTFT,D,-5.41,-3.53,,,,,,,,,,,,,
3BDT-4,D,-5.14,-3.44,1.83,606.0,522.0,,,,,,,,,,
3BDT-5,D,-5.15,-3.4,1.9,584.0,512.0,-6.86,-1.38,2.68,463.2,30.617,-6.86,-1.38,2.68,463.2,30.617
3MT-Th,D,-5.42,-3.4,,,,,,,,,,,,,
3TT-CIC,A,-5.24,-3.95,1.23,885.0,806.0,,,,,,,,,,
3TT-OCIC,A,-5.22,-3.91,1.29,860.0,809.0,-7.33,-2.33,2.05,605.7,23.033,-7.33,-2.33,2.05,605.7,23.033
4T-1,A,-5.71,-4.09,1.47,704.0,600.0,-7.44,-2.09,2.44,508.9,10.483,-7.44,-2.09,2.44,508.9,10.483
4T-2,A,-5.85,-4.02,1.54,654.0,600.0,,,,,,,,,,
4T-3,A,-5.86,-3.98,1.52,667.0,599.0,,,,,,,,,,
4T-4,A,-5.85,-3.86,1.6,651.0,599.0,,,,,,,,,,
4TC-4F-C16,A,-5.53,-3.96,1.48,736.0,690.0,,,,,,,,,,
4TC-4F-C6C8,A,-5.59,-4.0,1.49,737.0,688.0,,,,,,,,,,
4TC-4F-C8C8,A,-5.6,-3.96,1.51,732.0,688.0,-7.26,-2.03,2.44,507.2,22.933,-7.26,-2.03,2.44,507.2,22.933
4TIC,A,-5.28,-3.87,1.4,,,,,,,,,,,,
5T-OFIC,A,-5.51,-3.86,1.34,826.0,784.0,-6.59,-2.89,0.44,628.8,43.533,-6.59,-2.89,0.44,628.8,43.533
6-IF2F,A,-5.38,-4.07,1.25,889.0,809.0,-7.2,-2.26,2.1,590.5,16.817,-7.2,-2.26,2.1,590.5,16.817
6-IF4F,A,-5.42,-4.14,1.22,916.0,816.0,-7.24,-2.36,2.04,608.2,16.5,-7.24,-2.36,2.04,608.2,16.5
6-IFIC,A,-5.34,-4.02,1.27,862.0,799.0,-7.12,-2.21,2.06,602.2,17.15,-7.12,-2.21,2.06,602.2,17.15
6TBA,A,-5.24,-3.78,,,,,,,,,,,,,
6TIC,A,-5.21,-3.83,1.37,,,,,,,,,,,,
6T-OFIC,A,-5.47,-3.89,1.31,839.0,792.0,-7.1,-2.14,2.16,575.1,22.883,-7.1,-2.14,2.16,575.1,22.883
A1,A,-5.66,-3.7,1.4,785.0,681.0,-6.92,-1.96,2.11,588.8,24.4,-6.92,-1.96,2.11,588.8,24.4
A2,A,-5.7,-3.78,1.36,770.0,707.0,-7.25,-2.34,2.07,599.6,30.05,-7.25,-2.34,2.07,599.6,30.05
A4T-16,A,-5.67,-3.96,,,,,,,,,,,,,
A4T-21,A,-5.89,-3.92,,,,,,,,,,,,,
A4T-23,A,-5.63,-3.98,,,,,,,,,,,,,
A701,A,-5.61,-3.8,,,,,,,,,,,,,
A702,A,-5.41,-3.74,,,,,,,,,,,,,
ABP4T-4F,A,-5.65,-3.85,1.37,782.0,720.0,-7.41,-2.21,2.4,517.4,10.25,-7.41,-2.21,2.4,517.4,10.25
ACS8,A,-5.54,-4.05,,,,,,,,,,,,,
AFI3,A,-5.99,-3.52,,519.0,504.0,,,,,,,,,,
a-IT-2F,A,-5.67,-4.07,1.56,717.0,684.0,-7.41,-2.09,2.47,502.4,18.4,-7.41,-2.09,2.47,502.4,18.4
a-IT-2OM,A,-5.61,-3.92,1.63,695.0,671.0,-7.23,-1.89,2.49,498.8,17.917,-7.23,-1.89,2.49,498.8,17.917
AOIC,A,-5.5,-3.93,1.44,811.0,758.0,-7.1,-2.07,2.2,563.8,34.083,-7.1,-2.07,2.2,563.8,34.083
AOIC1,A,-5.53,-3.94,1.51,790.0,748.0,-6.24,-2.97,0.88,1416.4,38.8,-6.24,-2.97,0.88,1416.4,38.8
AOIC2,A,-5.62,-3.83,1.54,782.0,741.0,-7.16,-2.04,2.23,555.1,30.55,-7.16,-2.04,2.23,555.1,30.55
AOT1,A,-5.52,-3.88,1.46,773.0,708.0,-7.8,-2.07,2.6,476.3,11.317,-7.8,-2.07,2.6,476.3,11.317
AOT2,A,-5.39,-3.9,1.28,856.0,758.0,-7.32,-2.33,2.2,563.9,8.767,-7.32,-2.33,2.2,563.9,8.767
AOT3,A,-5.37,-3.95,1.22,938.0,810.0,-7.4,-2.23,2.24,554.1,8.4,-7.4,-2.23,2.24,554.1,8.4
AQx,A,-5.59,-3.85,,,,,,,,,,,,,
AQx-2,A,-5.62,-3.88,,,,,,,,,,,,,
asy-PBDBTN,D,-5.41,-3.58,,,,,,,,,,,,,
AT-4Cl,A,-5.71,-3.89,1.6,709.0,691.0,-7.29,-1.99,2.45,506.2,21.8,-7.29,-1.99,2.45,506.2,21.8
AT-NC,A,-5.44,-3.8,1.62,716.0,695.0,-7.12,-1.87,2.43,509.4,24.283,-7.12,-1.87,2.43,509.4,24.283
ATT-1,A,-5.5,-3.63,1.54,,,,,,,,,,,,
ATT-2,A,-5.5,-3.9,1.32,,,,,,,,,,,,
A-WSSe-Cl,A,-5.7,-3.86,1.31,840.0,758.0,-7.4,-2.22,2.39,517.8,11.883,-7.4,-2.22,2.39,517.8,11.883
AY6,A,-5.69,-4.06,1.39,789.0,717.0,-7.48,-2.25,2.39,519.7,13.967,-7.48,-2.25,2.39,519.7,13.967
B1,D,-5.37,-3.51,,,,,,,,,,,,,
BCDT-4Cl,A,-5.47,-3.88,1.38,806.0,748.0,-7.36,-2.19,2.21,560.4,14.917,-7.36,-2.19,2.21,560.4,14.917
BCDT-4F,A,-5.46,-3.86,1.4,784.0,733.0,-7.14,-2.25,2.04,608.8,14.683,-7.14,-2.25,2.04,608.8,14.683
BCIC2F,A,-5.54,-3.87,1.45,695.0,713.0,,,,,,,,,,
BCPDT-1,A,-5.36,-3.85,1.36,824.0,707.0,,,,,,,,,,
BCPDT-2,A,-5.4,-3.79,1.39,792.0,720.0,-7.34,-2.2,2.22,558.8,15.167,-7.34,-2.2,2.22,558.8,15.167
BDCPDT-FIC,A,-5.52,-4.0,1.49,748.0,710.0,-7.4,-2.2,2.32,534.6,18.017,-7.4,-2.2,2.32,534.6,18.017
BDCPDT-IC,A,-5.41,-3.87,1.53,727.0,696.0,,,,,,,,,,
BDCPDT-TTC,A,-5.38,-3.78,1.58,700.0,671.0,-7.21,-1.93,2.46,503.9,18.65,-7.21,-1.93,2.46,503.9,18.65
BDDBO-4F,A,-5.56,-3.93,,,,,,,,,,,,,
BDDEH-4F,A,-5.57,-3.94,,,,,,,,,,,,,
BDIC2F,A,-5.55,-3.85,1.38,722.0,689.0,-7.35,-2.14,2.32,535.1,12.2,-7.35,-2.14,2.32,535.1,12.2
BDSePhCl,A,-5.61,-3.96,1.41,790.0,725.0,-7.36,-2.14,2.35,528.6,26.367,-7.36,-2.14,2.35,528.6,26.367
BDSeThCl,A,-5.58,-3.82,1.55,706.0,685.0,-7.32,-1.98,2.41,515.2,18.25,-7.32,-1.98,2.41,515.2,18.25
BDT-2DPP,D,-5.23,-3.46,,626.0,,,,,,,,,,,
BDT3TR,D,-5.1,-3.28,,,,,,,,,,,,,
BDTC-4Cl,A,-5.35,-3.75,,,,,,,,,,,,,
BDT-IC,A,-5.51,-3.9,1.53,739.0,,,,,,,,,,,
BDTIT-M,A,-5.4,-3.85,1.55,730.0,700.0,-7.23,-1.93,2.41,515.1,17.9,-7.23,-1.93,2.41,515.1,17.9
BDTN-BF,A,-5.58,-3.73,1.41,792.0,740.0,-7.26,-2.1,2.38,519.9,20.717,-7.26,-2.1,2.38,519.9,20.717
BDTN-Th,A,-5.5,-3.62,1.41,792.0,740.0,-7.16,-1.99,2.44,507.1,14.867,-7.16,-1.99,2.44,507.1,14.867
BDTP-4F,A,-5.61,-3.9,1.36,820.0,750.0,-7.3,-2.17,2.34,530.0,10.933,-7.3,-2.17,2.34,530.0,10.933
BDTS-2DPP,D,-5.28,-3.49,,624.0,,,,,,,,,,,
BDTS-4Cl,A,-5.45,-3.82,,,,,,,,,,,,,
BDTThIT-M,A,-5.35,-3.82,1.53,738.0,710.0,-7.14,-1.91,2.39,518.9,28.0,-7.14,-1.91,2.39,518.9,28.0
BFC-4F,A,-5.54,-3.82,1.45,,727.0,,,,,,,,,,
BIBT-NI,A,-5.62,-3.65,,503.0,,,,,,,,,,,
BID-4F,A,-5.69,-3.73,1.53,749.0,,,,,,,,,,,
Bis-PDI-T-di-EG,A,-5.57,-3.84,,545.0,560.0,,,,,,,,,,
BN-0F,A,-5.35,-3.94,1.41,801.0,759.0,-7.13,-1.94,2.32,535.2,14.85,-7.13,-1.94,2.32,535.2,14.85
BN-2F,A,-5.39,-3.99,1.4,808.0,764.0,-7.07,-2.02,2.19,565.4,14.45,-7.07,-2.02,2.19,565.4,14.45
BN-4F,A,-5.44,-4.06,1.38,816.0,768.0,-7.13,-2.03,2.25,550.6,15.233,-7.13,-2.03,2.25,550.6,15.233
BO2FC8,D,-5.5,-3.6,,,,,,,,,,,,,
BO2FEH,D,-5.59,-3.59,,,,,,,,,,,,,
BO2FIDT-4Cl,A,-5.73,-3.89,1.59,708.0,693.0,-7.21,-2.03,2.35,527.4,45.283,-7.21,-2.03,2.35,527.4,45.283
BO-4Cl,A,-5.68,-4.1,,,,,,,,,,,,,
BO-4F,A,-5.7,-4.01,1.4,811.0,733.0,,,,,,,,,,
BOC-4F,A,-5.4,-3.78,1.42,,755.0,,,,,,,,,,
BP4T-4F,A,-5.71,-3.91,1.33,826.0,732.0,,,,,,,,,,
BP5T-4F,A,-5.63,-3.88,1.34,813.0,735.0,-7.29,-2.09,2.41,514.4,10.183,-7.29,-2.09,2.41,514.4,10.183
B-PDI-B,A,-5.57,-3.95,,,,,,,,,,,,,
BPF-4F,A,-5.58,-3.98,1.36,,742.0,,,,,,,,,,
BPS-4F,A,-5.54,-4.0,1.29,,749.0,,,,,,,,,,
BPT-4F,A,-5.59,-4.0,1.36,,727.0,,,,,,,,,,
BPTCN,A,-5.38,-3.66,,569.0,,,,,,,,,,,
Br-ITIC,A,-5.73,-4.2,,,,,,,,,,,,,
BSCl-C1,D,-5.59,-3.34,1.87,533.5,506.5,,,,,,,,,,
BSCl-C2,D,-5.58,-3.39,1.82,566.8,506.5,,,,,,,,,,
BSCl-C3,D,-5.55,-3.37,1.84,569.7,506.0,,,,,,,,,,
BSFTR,D,-5.59,-3.61,,,,,,,,,,,,,
BT2,A,-5.5,-3.53,1.82,619.0,605.0,,,,,,,,,,
BT2b,A,-5.41,-3.56,1.75,646.0,621.0,-7.03,-1.8,2.3,538.7,8.95,-7.03,-1.8,2.3,538.7,8.95
BT2F-IC4F,A,-5.98,-4.31,1.38,703.0,724.0,-7.36,-2.45,2.03,610.1,10.767,-7.36,-2.45,2.03,610.1,10.767
BT2FIDT-4Cl,A,-5.7,-3.88,1.56,722.0,695.0,-7.1,-1.97,2.34,529.9,46.117,-7.1,-1.97,2.34,529.9,46.117
BT3,A,-5.26,-3.66,1.59,674.0,657.0,-7.16,-2.09,2.22,558.9,18.65,-7.16,-2.09,2.22,558.9,18.65
BT6IC-HD-4Cl,A,-5.57,-4.1,1.35,828.0,746.0,,,,,,,,,,
BTA1,A,-5.49,-3.57,1.85,610.0,593.0,-6.84,-1.43,2.48,500.2,18.5,-6.84,-1.43,2.48,500.2,18.5
BTA100,A,-5.32,-3.23,2.05,564.0,556.0,-6.56,-1.06,2.58,481.2,32.5,-6.56,-1.06,2.58,481.2,32.5
BTA101,A,-5.41,-3.55,1.88,606.0,593.0,-6.7,-1.3,2.51,494.8,23.35,-6.7,-1.3,2.51,494.8,23.35
BTA103,A,-5.37,-3.64,1.77,627.0,617.0,-6.96,-1.63,2.44,509.0,27.05,-6.96,-1.63,2.44,509.0,27.05
BTA11,A,-5.29,-3.53,,,,,,,,,,,,,
BTA13,A,-5.34,-3.62,,,,,,,,,,,,,
BTA17,A,-5.41,-3.69,,,,,,,,,,,,,
BTA2,A,-5.43,-3.38,2.0,573.0,558.0,-6.82,-1.33,2.5,495.2,17.817,-6.82,-1.33,2.5,495.2,17.817
BTA3,A,-5.49,-3.72,1.76,636.0,613.0,-7.04,-1.73,2.41,515.2,23.15,-7.04,-1.73,2.41,515.2,23.15
BTA4,A,-5.5,-3.65,,,,,,,,,,,,,
BTA43,A,-5.44,-3.47,1.78,644.0,600.0,-6.99,-1.74,2.36,524.7,23.55,-6.99,-1.74,2.36,524.7,23.55
BTA5,A,-5.55,-3.71,,,,,,,,,,,,,
BTA53,A,-5.48,-3.58,1.68,690.0,607.0,-7.04,-1.77,2.4,516.7,22.867,-7.04,-1.77,2.4,516.7,22.867
BTA7,A,-5.56,-3.66,,,,,,,,,,,,,
BT-BIC,A,-5.46,-3.73,1.52,748.0,688.0,-7.15,-1.91,2.41,515.5,12.833,-7.15,-1.91,2.41,515.5,12.833
BT-BO-L4F,A,-5.58,-3.98,1.32,837.0,762.0,-7.31,-2.2,2.31,536.7,13.45,-7.31,-2.2,2.31,536.7,13.45
BTC6-0F,A,-5.47,-3.71,1.48,685.0,711.0,-7.15,-2.06,2.18,569.0,17.217,-7.15,-2.06,2.18,569.0,17.217
BTC6-2F,A,-5.52,-3.8,1.44,700.0,720.0,-7.22,-2.17,2.17,572.1,13.267,-7.22,-2.17,2.17,572.1,13.267
BTC6-4F,A,-5.56,-3.86,1.43,781.0,724.0,-7.26,-2.25,2.14,579.1,13.217,-7.26,-2.25,2.14,579.1,13.217
BTCIC,A,-5.53,-4.0,1.36,723.0,734.0,-7.17,-2.21,2.02,615.1,10.983,-7.17,-2.21,2.02,615.1,10.983
BT-CIC,A,-5.49,-4.09,,,,,,,,,,,,,
BTCIC-4Cl,A,-5.64,-4.12,1.31,748.0,756.0,-7.25,-2.38,1.97,628.1,11.633,-7.25,-2.38,1.97,628.1,11.633
BT-Cl,A,-5.42,-3.71,1.31,842.0,759.0,,,,,,,,,,
BTCPDT,A,-5.54,-3.95,1.34,815.0,744.0,,,,,,,,,,
BTCPDTF,A,-5.64,-3.92,1.44,781.0,724.0,,,,,,,,,,
BTCPDTO4,A,-5.52,-3.9,1.38,795.0,752.0,,,,,,,,,,
BTCT-2Cl,A,-5.56,-3.95,,,,,,,,,,,,,
BT-dIDT,A,-5.34,-3.87,1.54,718.0,696.0,,,,,,,,,,
BTDT2R,A,-5.61,-3.73,1.88,550.0,530.0,-7.34,-1.85,2.41,514.7,7.117,-7.34,-1.85,2.41,514.7,7.117
BTDTP-4F,A,-5.56,-3.93,1.3,857.0,761.0,-7.22,-2.15,2.37,523.8,11.65,-7.22,-2.15,2.37,523.8,11.65
BT-F,A,-5.41,-3.7,1.33,811.0,696.0,,,,,,,,,,
BT-IC,A,-5.32,-3.85,1.43,,,-7.05,-1.97,2.32,535.1,22.8,-7.05,-1.97,2.32,535.1,22.8
BTIC-2Br-m,A,-5.56,-4.07,,820.0,734.0,,,,,,,,,,
BTIC-2Cl-yCF3,A,-5.55,-4.0,,,,,,,,,,,,,
BTIC-4Br,A,-5.57,-4.11,,825.0,746.0,,,,,,,,,,
BTIC-4EO-4Br,A,-5.45,-4.03,1.39,805.0,750.0,-7.41,-2.21,2.41,514.1,11.5,-7.41,-2.21,2.41,514.1,11.5
BTIC-4EO-4Cl,A,-5.72,-3.93,1.39,800.0,747.0,,,,,,,,,,
BTIC-4EO-4F,A,-5.63,-3.88,1.45,774.0,732.0,,,,,,,,,,
BTIC-4F,A,-5.71,-3.95,1.48,739.0,696.0,-7.41,-2.25,2.18,569.5,24.3,-7.41,-2.25,2.18,569.5,24.3
BT-IC4F,A,-5.89,-4.27,1.37,734.0,746.0,-7.27,-2.41,1.96,633.4,11.25,-7.27,-2.41,1.96,633.4,11.25
BTIC-BO-4Br,A,-5.53,-4.09,,823.0,747.0,,,,,,,,,,
BTIC-CF3-y,A,-5.45,-3.96,1.3,837.0,744.0,-7.41,-2.25,2.39,518.8,11.533,-7.41,-2.25,2.39,518.8,11.533
BTIC-Cl-m,A,-5.42,-3.91,1.34,822.0,733.0,,,,,,,,,,
BTIC-COOMe,A,-5.41,-3.89,,,,,,,,,,,,,
BTIC-F-m,A,-5.42,-3.9,1.36,805.0,724.0,-7.32,-2.11,2.41,514.3,10.333,-7.32,-2.11,2.41,514.3,10.333
BTIC-OCOMe,A,-5.35,-3.83,,,,,,,,,,,,,
BTIDIC,A,-5.48,-3.97,1.47,766.0,713.0,,,,,,,,,,
BT-L4F,A,-5.57,-4.0,1.32,838.0,762.0,,,,,,,,,,
BT-LIC,A,-5.42,-3.84,1.38,801.0,733.0,,,,,,,,,,
BTN-4F,A,-5.73,-4.15,1.33,834.0,742.0,,,,,,,,,,
BTOC6C8-IC4F,A,-5.52,-3.92,1.42,773.0,742.0,,,,,,,,,,
BTOIC,A,-5.42,-3.94,1.39,781.0,743.0,,,,,,,,,,
BTOR-IC4F,A,-5.92,-4.23,1.37,710.0,750.0,,,,,,,,,,
BTP,A,-5.52,-3.82,,,,,,,,,,,,,
BTP-1V,A,-5.54,-3.89,1.28,829.0,737.0,-7.73,-2.27,2.58,480.8,13.7,-7.73,-2.27,2.58,480.8,13.7
BTP-2Cl-delta,A,-5.57,-3.85,,,,,,,,,,,,,
BTP-2F-ThCl,A,-5.7,-3.99,1.34,839.0,741.0,,,,,,,,,,
BTP-2ThCl,A,-5.67,-3.95,1.35,829.0,750.0,,,,,,,,,,
BTP-2V,A,-5.43,-3.91,1.28,851.0,756.0,,,,,,,,,,
BTP-3V,A,-5.38,-3.9,1.22,814.0,768.0,,,,,,,,,,
BTP-4Cl,A,-5.66,-4.14,,,,-7.38,-2.22,2.39,519.5,13.183,-7.38,-2.22,2.39,519.5,13.183
BTP-4F,A,-5.68,-4.01,1.33,841.0,733.0,,,,,,,,,,
BTP-4F-12,A,-5.69,-3.97,,,,,,,,,,,,,
BTP-4F-C5-16,A,-5.73,-3.93,,,,,,,,,,,,,
BTP-4V,A,-5.34,-3.94,1.21,885.0,760.0,,,,,,,,,,
BTP-6F,A,-5.69,-3.97,,,,,,,,,,,,,
BTP-ClBr,A,-5.79,-4.0,1.38,826.0,746.0,,,,,,,,,,
BTP-ClBr1,A,-5.79,-4.03,1.33,742.0,747.0,-7.29,-2.08,2.41,471.8,11.333,-7.29,-2.08,2.41,471.8,11.333
BTP-ClBr2,A,-5.8,-4.04,1.33,743.0,754.0,,,,,,,,,,
BTP-M,A,-5.48,-3.81,,,,,,,,,,,,,
BTP-N,A,-5.63,-3.98,1.25,876.0,791.0,-7.65,-2.78,1.54,488.0,12.35,-7.65,-2.78,1.54,488.0,12.35
BTP-PhC6,A,-5.58,-3.85,,,,,,,,,,,,,
BTP-S,A,-5.66,-4.03,1.26,862.0,737.0,,,,,,,,,,
BTP-S1,A,-5.55,-4.01,,,,,,,,,,,,,
BTP-S2,A,-5.65,-4.01,,,,,,,,,,,,,
BTP-S7,A,-5.52,-4.08,,,,,,,,,,,,,
BTP-S8,A,-5.63,-4.09,,,,,,,,,,,,,
BTP-S9,A,-5.63,-4.09,,,,,,,,,,,,,
BTP-Se,A,-5.64,-4.04,1.24,853.0,778.0,,,,,,,,,,
BTPT-4F,A,-5.73,-4.0,,,,,,,,,,,,,
BTPTT-4F,A,-5.68,-4.06,,,,,,,,,,,,,
BTPV-4F,A,-5.39,-4.08,,,,,,,,,,,,,
BTPV-4F-eC9,A,-5.38,-4.06,,,,,,,,,,,,,
BTR,D,-5.34,-3.53,1.78,620.0,520.0,-6.69,-1.31,2.41,513.9,17.783,-6.69,-1.31,2.41,513.9,17.783
BTR-Cl,D,-5.46,-3.7,1.78,624.0,520.0,-6.87,-1.45,2.44,508.6,15.333,-6.87,-1.45,2.44,508.6,15.333
BTSe-4F,A,-5.78,-4.16,1.39,804.0,727.0,,,,,,,,,,
BTTBo-4F,A,-5.56,-3.85,1.45,738.0,705.0,,,,,,,,,,
BTTBo-4FN,A,-5.48,-3.86,1.4,763.0,727.0,,,,,,,,,,
BTTIC,A,-5.59,-3.86,1.47,759.0,724.0,,,,,,,,,,
BTTPC,A,-5.47,-3.78,1.39,798.0,734.0,,,,,,,,,,
BTTPC-Br,A,-5.54,-3.88,1.37,813.0,741.0,,,,,,,,,,
BTz-Np,A,-5.95,-3.44,1.82,,517.0,,,,,,,,,,
Bu-OD-4F,A,-5.68,-4.01,1.42,801.0,732.0,,,,,,,,,,
BZIC,A,-5.42,-3.88,1.45,,,,,,,,,,,,
BZIC-2Br,A,-5.85,-3.92,1.4,807.0,,,,,,,,,,,
C8IDT-Br,A,-5.73,-3.86,1.63,662.0,606.0,-7.8,-2.07,2.7,458.4,11.483,-7.8,-2.07,2.7,458.4,11.483
C8-ITCC,A,-5.45,-3.85,,,,,,,,,,,,,
C8-ITCC-Cl,A,-5.5,-3.93,,,,,,,,,,,,,
C8-ITIC,A,-5.63,-3.91,,,,,,,,,,,,,
CBM,A,-6.05,-4.13,2.02,547.0,497.0,-8.12,-2.15,2.85,434.7,3.933,-8.12,-2.15,2.85,434.7,3.933
CDTBM,A,-5.69,-4.28,1.45,701.0,681.0,,,,,,,,,,
CH1007,A,-5.59,-3.97,,,,,,,,,,,,,
CH3-2F,A,-5.59,-4.01,1.42,775.0,734.0,-7.17,-2.13,2.27,546.4,18.25,-7.17,-2.13,2.27,546.4,18.25
Cl-ITIC,A,-5.7,-4.14,,,,,,,,,,,,,
CNDTBT-C8IDT-FINCN,A,-5.58,-3.92,1.4,766.0,692.0,-7.12,-2.32,2.02,612.6,39.2,-7.12,-2.32,2.02,612.6,39.2
CNDTBT-C8IDT-INCN,A,-5.54,-3.82,1.48,715.0,680.0,,,,,,,,,,
CNDTBT-IDTT-FINCN,A,-5.56,-3.98,1.58,726.0,699.0,,,,,,,,,,
COi6DFIC,A,-5.64,-4.04,1.31,824.0,769.0,-7.49,-2.26,2.28,543.0,19.0,-7.49,-2.26,2.28,543.0,19.0
COi6FIC,A,-5.6,-3.93,1.34,815.0,764.0,,,,,,,,,,
COi6IC,A,-5.57,-3.86,1.37,795.0,755.0,-7.27,-2.07,2.24,554.4,16.767,-7.27,-2.07,2.24,554.4,16.767
Coi8DFIC,A,-5.51,-4.04,1.26,,,,,,,,,,,,
CPDT-4Cl,A,-5.29,-3.93,1.3,858.0,786.0,-7.31,-2.32,2.05,604.9,9.733,-7.31,-2.32,2.05,604.9,9.733
CPDT-4F,A,-5.26,-3.87,1.31,847.0,776.0,,,,,,,,,,
CPIC-1,A,-5.61,-3.62,1.45,642.0,674.0,,,,,,,,,,
CPIC-2,A,-5.3,-3.52,1.31,742.0,764.0,,,,,,,,,,
CPIC-3,A,-5.2,-3.48,1.24,819.0,780.0,-6.9,-2.1,2.0,619.8,13.717,-6.9,-2.1,2.0,619.8,13.717
CRIC,A,-5.44,-3.82,1.53,,,,,,,,,,,,
CRIC-4F,A,-5.67,-3.9,,,,,,,,,,,,,
CSeT-IC,A,-5.6,-3.91,1.58,712.0,690.0,,,,,,,,,,
CTSe-IC,A,-5.55,-3.9,1.56,725.0,697.0,-7.42,-1.86,2.63,471.0,18.433,-7.42,-1.86,2.63,471.0,18.433
Cz-RH,A,-5.53,-3.5,2.05,,,,,,,,,,,,
CZTT-4F,A,-5.61,-4.11,1.48,737.0,706.0,,,,,,,,,,
CZTT-IC,A,-5.54,-3.97,1.56,700.0,684.0,-7.22,-1.86,2.59,478.0,20.283,-7.22,-1.86,2.59,478.0,20.283
D18,D,-5.51,-2.77,,,,,,,,,,,,,
DBD-4F,A,-5.55,-3.74,1.38,816.0,731.0,,,,,,,,,,
DBT-4F,A,-5.67,-3.87,1.43,789.0,703.0,,,,,,,,,,
DBTD-4F,A,-5.51,-3.9,1.34,751.0,753.0,,,,,,,,,,
DCI-2,A,-5.24,-4.05,1.23,888.0,680.0,,,,,,,,,,
DF-PCIC,A,-5.49,-3.77,,,,,,,,,,,,,
DF-TCIC,A,-5.37,-3.76,1.46,686.0,,,,,,,,,,,
DICTF,A,-5.67,-3.79,1.82,624.0,587.0,-7.75,-1.93,2.71,457.1,6.9,-7.75,-1.93,2.71,457.1,6.9
di-PBI,A,-6.1,-4.0,,,,,,,,,,,,,
di-PDI,A,-6.1,-3.86,,,,,,,,,,,,,
di-PDI-2F,A,-6.22,-3.92,,,,,,,,,,,,,
DO-2F,A,-5.54,-3.9,,,,,,,,,,,,,
DPP-FN-DPP,A,-5.56,-3.81,1.75,653.0,585.0,,,,,,,,,,
DR3TBDTT,D,-5.02,-3.27,,,,,,,,,,,,,
DRBDT-STVT,D,-5.14,-3.43,,,,,,,,,,,,,
DRBDT-TVT,D,-5.11,-3.41,,,,,,,,,,,,,
DRCN5T,D,-5.22,-3.41,,,,,,,,,,,,,
DRNCN5T,D,-5.22,-3.41,,,,,,,,,,,,,
DRTB-T,D,-5.51,-3.34,,,,,,,,,,,,,
DRTB-T-C4,D,-5.51,-3.34,,,,,,,,,,,,,
DTBT(TDPP)2,A,-5.7,-4.18,,,,,,,,,,,,,
DTC-4F,A,-5.79,-3.92,1.63,701.0,672.0,,,,,,,,,,
DTCC-BC,A,-5.46,-3.81,1.67,671.0,643.0,,,,,,,,,,
DTCC-IC,A,-5.49,-3.85,1.62,705.87,661.96,,,,,,,,,,
DTC-F-C,A,-5.66,-3.94,1.72,650.0,691.0,,,,,,,,,,
DTC-F-F,A,-5.51,-3.83,1.68,654.0,595.0,,,,,,,,,,
DTC-T-C,A,-5.68,-4.09,1.59,681.0,620.0,,,,,,,,,,
DTC-T-F,A,-5.48,-3.83,1.65,653.0,591.0,,,,,,,,,,
DTDfBT(TDPP)2,A,-5.85,-4.33,,,,,,,,,,,,,
DTG-IW,A,-5.63,-4.07,1.32,822.0,720.0,-7.38,-2.2,2.19,565.2,8.333,-7.38,-2.2,2.19,565.2,8.333
DTI,A,-6.1,-3.9,,,,,,,,,,,,,
DTNIC6,A,-5.87,-3.92,1.7,670.0,638.0,-7.54,-1.94,2.56,484.5,8.767,-7.54,-1.94,2.56,484.5,8.767
DTNIC8,A,-5.91,-3.93,1.73,660.0,634.0,,,,,,,,,,
DTNR,A,-5.67,-3.75,1.72,650.0,618.0,,,,,,,,,,
DTPC-DFIC,A,-5.31,-4.1,,,,,,,,,,,,,
DTPC-IC,A,-5.21,-3.97,,,,,,,,,,,,,
DTP-in-F,A,-5.53,-3.92,,,,,,,,,,,,,
DTP-out-F,A,-5.61,-3.96,,,,,,,,,,,,,
DTSiC-IC,A,-5.79,-4.05,1.71,678.0,634.0,,,,,,,,,,
DTSiC-TC,A,-5.79,-4.07,1.67,688.0,664.0,,,,,,,,,,
DTTC-4Cl,A,-5.72,-4.03,1.47,753.0,690.0,,,,,,,,,,
DTTC-4F,A,-5.69,-3.91,1.55,725.0,676.0,,,,,,,,,,
eC9-2Cl,A,-5.57,-3.74,,,,,,,,,,,,,
EH-HD-4F,A,-5.69,-4.04,1.39,813.0,732.0,,,,,,,,,,
EH-IDTBR,A,-5.51,-3.88,1.63,690.0,650.0,-7.03,-1.93,2.21,560.6,9.667,-7.03,-1.93,2.21,560.6,9.667
ERCN,A,-5.5,-3.59,1.82,572.0,582.0,-7.06,-1.68,2.43,509.6,19.75,-7.06,-1.68,2.43,509.6,19.75
F(DPP)2B2,A,-5.21,-3.39,1.82,,,,,,,,,,,,
F-0Cl,A,-5.43,-3.71,,,,,,,,,,,,,
F1,D,-5.5,-3.53,1.97,577.0,568.0,-6.75,-1.06,2.71,456.9,24.183,-6.75,-1.06,2.71,456.9,24.183
F-1Cl,A,-5.46,-3.75,,,,,,,,,,,,,
F-2Cl,A,-5.63,-3.89,1.58,732.0,688.0,-7.57,-2.1,2.56,484.1,13.117,-7.57,-2.1,2.56,484.1,13.117
F-2F,A,-5.78,-3.89,1.6,703.0,678.0,-7.6,-2.08,2.57,481.7,12.7,-7.6,-2.08,2.57,481.7,12.7
F5IC,A,-5.82,-4.05,1.64,694.0,666.0,,,,,,,,,,
F7IC,A,-5.74,-4.01,1.56,730.0,690.0,,,,,,,,,,
F8IC,A,-5.4,-4.0,,,,,,,,,,,,,
F8IDT-Br,A,-5.82,-3.87,1.7,638.0,600.0,,,,,,,,,,
F9IC,A,-5.52,-3.97,1.49,746.0,710.0,,,,,,,,,,
FBM,A,-6.25,-4.14,2.11,501.0,486.0,,,,,,,,,,
FBR,A,-5.77,-3.57,2.14,509.0,,,,,,,,,,,
F-Br,A,-5.62,-4.06,1.56,720.0,679.0,,,,,,,,,,
F-BTA3,A,-5.52,-3.39,,,,,,,,,,,,,
F-Cl,A,-5.62,-4.04,1.58,711.0,678.0,,,,,,,,,,
FDICTF,A,-5.43,-3.71,1.63,689.0,665.0,,,,,,,,,,
FDNCTF,A,-5.48,-3.82,1.6,714.0,697.0,,,,,,,,,,
FDTBT-IDTT-FINCN,A,-5.46,-3.92,1.51,723.0,691.0,,,,,,,,,,
FEHIDT,A,-5.95,-3.95,,,,,,,,,,,,,
F-F,A,-5.72,-4.13,1.59,703.0,674.0,,,,,,,,,,
FFI-1,A,-6.1,-3.5,,,,,,,,,,,,,
F-H,A,-5.43,-3.71,1.63,689.0,665.0,,,,,,,,,,
F-ITIC,A,-5.65,-4.09,,,,,,,,,,,,,
FITP,A,-5.48,-3.75,,,,,,,,,,,,,
Flu-RH,A,-5.58,-3.53,2.1,,,,,,,,,,,,
F-M,A,-5.42,-3.7,1.65,687.0,662.0,-7.41,-1.83,2.59,478.0,12.767,-7.41,-1.83,2.59,478.0,12.767
FNIC1,A,-5.61,-3.92,1.48,752.0,734.0,,,,,,,,,,
FNIC2,A,-5.56,-4.0,1.38,794.0,750.0,,,,,,,,,,
FNTz-Teh-FA,A,-6.17,-3.55,2.08,,525.0,,,,,,,,,,
FO-2F,A,-5.72,-3.94,1.47,784.0,696.0,,,,,,,,,,
FOC2C6-2FIC,A,-5.51,-3.84,1.43,742.0,710.0,,,,,,,,,,
FOC6-FIC,A,-5.47,-3.81,1.47,736.0,708.0,,,,,,,,,,
FOC6-IC,A,-5.42,-3.77,1.51,721.0,700.0,,,,,,,,,,
FOIC,A,-5.38,-3.91,1.32,836.0,782.0,-7.12,-2.15,2.15,575.7,17.533,-7.12,-2.15,2.15,575.7,17.533
FRd2,A,-5.67,-3.58,,509.0,,,,,,,,,,,
FRdCN2,A,-5.88,-3.81,,530.0,,,,,,,,,,,
FTAZ,D,-5.38,-3.17,,,,,,,,,,,,,
GL1,A,-5.4,-3.83,1.28,846.0,817.0,-7.09,-2.2,2.08,596.0,19.967,-7.09,-2.2,2.08,596.0,19.967
H1,A,-5.51,-3.84,1.67,,,,,,,,,,,,
H11,D,-5.27,-3.45,,,,,,,,,,,,,
H13,D,-5.43,-3.39,,,,,,,,,,,,,
H14,D,-5.46,-3.47,,,,,,,,,,,,,
H2,A,-5.62,-3.94,,,,,,,,,,,,,
H-2F,A,-5.58,-4.06,1.46,745.0,710.0,-7.29,-2.13,2.29,540.4,15.683,-7.29,-2.13,2.29,540.4,15.683
HD-4Cl,A,-5.68,-4.09,,,,,,,,,,,,,
HDO-4Cl,A,-5.7,-3.91,,,,,,,,,,,,,
HFO-PCIC,A,-5.5,-3.81,1.48,723.0,686.0,,,,,,,,,,
HF-PCIC,A,-5.53,-3.83,1.5,716.0,682.0,,,,,,,,,,
HFQx-T,D,-5.44,-3.5,1.76,601.0,604.0,-6.68,-1.39,2.5,495.0,79.717,-6.68,-1.39,2.5,495.0,79.717
HF-TCIC,A,-5.43,-3.83,1.44,706.0,,,,,,,,,,,
H-IDTzR,A,-5.31,-3.44,1.87,616.0,582.0,-7.06,-1.48,2.53,490.9,6.817,-7.06,-1.48,2.53,490.9,6.817
H-ITIC,A,-5.61,-4.02,,,,,,,,,,,,,
HTAZ,D,-5.42,-3.44,,,,,,,,,,,,,
IBCT,A,-5.5,-3.7,,,,,,,,,,,,,
IBR,A,-5.64,-3.41,,565.0,,,,,,,,,,,
i-cc23,A,-5.34,-3.64,1.69,677.0,663.0,,,,,,,,,,
i-cc34,A,-5.39,-3.75,1.57,717.0,708.0,-7.01,-1.72,3.14,394.8,18.117,-7.01,-1.72,3.14,394.8,18.117
IC-C6IDT-IC,A,-5.69,-3.91,1.62,,,,,,,,,,,,
ICIF2F,A,-5.45,-4.02,1.36,823.0,760.0,,,,,,,,,,
ICPDT-4F,A,-5.33,-3.91,,,,,,,,,,,,,
Icz-Rd2,A,-5.59,-3.88,,590.0,543.0,,,,,,,,,,
Icz-RdCN2,A,-5.58,-3.98,,642.0,582.0,,,,,,,,,,
ID4F,A,-5.83,-3.86,1.64,707.0,671.0,,,,,,,,,,
ID-4F,A,-5.75,-4.06,,719.0,677.0,,,,,,,,,,
IDBDT-O,A,-5.68,-3.68,1.55,713.0,711.0,,,,,,,,,,
IDBDT-T,A,-5.78,-3.66,1.63,701.0,686.0,,,,,,,,,,
IDBTR-C6,A,-5.3,-3.71,1.52,711.0,654.0,,,,,,,,,,
IDIC,A,-5.69,-3.91,1.63,716.0,666.0,,,,,,,,,,
IDIC-4Cl,A,-5.9,-4.04,1.52,755.8,688.5,-7.78,-2.3,2.47,501.6,8.233,-7.78,-2.3,2.47,501.6,8.233
IDIC8-F,A,-5.51,-3.82,,,,,,,,,,,,,
IDIC8-H,A,-5.52,-3.76,,,,,,,,,,,,,
IDIC8-M,A,-5.51,-3.72,,,,,,,,,,,,,
IDIC-PhC6,A,-5.72,-3.86,1.71,682.0,654.0,,,,,,,,,,
IDSe-T-IC,A,-5.45,-3.79,1.52,,,,,,,,,,,,
IDST-4F,A,-5.59,-4.01,,791.0,728.0,,,,,,,,,,
IDT(DCV)2,A,-5.81,-3.65,2.16,538.0,532.0,,,,,,,,,,
IDT(TCV)2,A,-6.04,-4.18,1.86,616.0,602.0,,,,,,,,,,
IDT-2B,A,-5.8,-3.84,1.73,672.0,654.0,,,,,,,,,,
IDT-2BM,A,-5.5,-3.79,1.34,688.99,657.99,-7.37,-2.19,2.31,536.4,16.433,-7.37,-2.19,2.31,536.4,16.433
IDT-2BR,A,-5.52,-3.69,,636.0,,,,,,,,,,,
IDT-2BR1,A,-5.37,-3.67,1.61,,,,,,,,,,,,
IDT2-IC,A,-5.28,-3.91,1.5,715.0,710.0,,,,,,,,,,
IDT2-IC-4Cl,A,-5.34,-3.95,1.4,779.0,739.0,,,,,,,,,,
IDT-2O,A,-5.73,-3.85,1.64,706.0,668.0,,,,,,,,,,
IDT-2PDI,A,-5.53,-3.83,,,,,,,,,,,,,
IDT2Se,A,-5.41,-3.87,1.45,747.0,722.0,,,,,,,,,,
IDT2Se-4F,A,-5.51,-4.0,1.39,789.0,737.0,,,,,,,,,,
IDT-3EsT,A,-5.38,-3.85,1.55,705.0,683.0,,,,,,,,,,
IDT-3EsT-2IC2F,A,-5.38,-3.93,1.44,759.0,704.0,,,,,,,,,,
IDT-4CN,A,-5.45,-3.95,,698.0,,,,,,,,,,,
IDT-4EsT-2IC2F,A,-5.35,-3.93,1.44,738.0,719.0,,,,,,,,,,
IDT6CN-M,A,-5.6,-3.87,1.6,,,,,,,,,,,,
IDTA,A,-5.88,-3.9,,,,,,,,,,,,,
IDT-BC6,A,-5.55,-3.82,1.75,592.0,,,,,,,,,,,
IDT-BOC6,A,-5.51,-3.78,1.63,688.0,,,,,,,,,,,
IDTBR,A,-5.63,-3.8,,,,,,,,,,,,,
IDT-BT-R,A,-5.3,-3.59,,,,,,,,,,,,,
IDTC,A,-5.57,-3.96,1.51,727.0,,,,,,,,,,,
IDTC-4Cl,A,-5.5,-3.79,,,,,,,,,,,,,
IDTCR,A,-5.46,-3.67,1.76,622.0,603.0,-7.14,-1.76,2.38,521.5,17.617,-7.14,-1.76,2.38,521.5,17.617
IDT-CR,A,-5.34,-3.44,1.78,590.0,598.0,,,,,,,,,,
IDT-CT,A,-5.39,-3.67,1.63,655.0,639.0,,,,,,,,,,
IDT-EDOT,A,-5.43,-3.8,1.41,789.0,753.0,,,,,,,,,,
IDTI,A,-5.81,-3.94,,,,,,,,,,,,,
IDTIC,A,-5.85,-3.89,,,,,,,,,,,,,
IDT-IC,A,-5.61,-3.88,1.72,683.49,646.0,,,,,,,,,,
IDTIDSe-T-IC,A,-5.41,-3.81,,,,,,,,,,,,,
IDTIDT-IC,A,-5.42,-3.82,1.53,721.0,696.0,,,,,,,,,,
IDTN,A,-5.8,-3.98,1.57,732.0,688.0,,,,,,,,,,
IDT-N,A,-5.74,-4.08,1.58,727.0,687.0,,,,,,,,,,
IDTN-O,A,-5.77,-3.89,1.59,728.0,686.0,,,,,,,,,,
IDT-NTI-1HH,A,-5.4,-3.8,,,,,,,,,,,,,
IDT-NTI-2EH,A,-5.4,-3.9,,,,,,,,,,,,,
IDTO,A,-5.52,-3.84,1.53,723.0,,,,,,,,,,,
IDT-OB,A,-5.77,-3.87,1.66,697.0,661.0,,,,,,,,,,
IDTOT2F,A,-5.54,-3.94,1.44,765.0,723.0,,,,,,,,,,
IDT-PDOT,A,-5.39,-3.77,1.43,776.0,747.0,,,,,,,,,,
IDT-R,A,-5.44,-3.53,1.96,583.0,576.0,,,,,,,,,,
IDT-T,A,-5.41,-3.96,,,,,,,,,,,,,
IDTT(TCV)2,A,-5.58,-4.06,1.52,713.0,691.0,,,,,,,,,,
IDTT-2BM,A,-5.5,-3.8,1.54,714.0,672.0,,,,,,,,,,
IDTT2F,A,-5.57,-4.03,1.46,749.0,716.0,,,,,,,,,,
IDTT2OT,A,-5.2,-3.69,1.51,725.0,717.0,,,,,,,,,,
IDTT2OT-2F,A,-5.28,-3.83,1.45,754.0,731.0,,,,,,,,,,
IDTT2OT-4F,A,-5.32,-3.9,1.42,768.0,734.0,,,,,,,,,,
IDTTA,A,-5.81,-3.97,,,,,,,,,,,,,
IDTT-BH,A,-5.42,-3.86,1.54,733.0,710.0,,,,,,,,,,
IDTT-Br-2F,A,-5.79,-3.99,1.58,,,,,,,,,,,,
IDTT-Cl-2F,A,-5.42,-3.92,1.56,,,,,,,,,,,,
IDTT-CR,A,-5.25,-3.38,1.74,602.0,610.0,,,,,,,,,,
IDTT-CT,A,-5.28,-3.65,1.63,653.0,641.0,,,,,,,,,,
IDTTIC,A,-5.68,-3.84,,,,,,,,,,,,,
IDTT-M-2F,A,-5.4,-3.87,1.59,,,,,,,,,,,,
IDT-T-N,A,-5.58,-4.06,1.45,755.0,734.0,,,,,,,,,,
IDTT-OB,A,-5.59,-3.87,,,,,,,,,,,,,
IDTT-OBH,A,-5.41,-3.86,1.57,733.0,710.0,,,,,,,,,,
IDTT-R,A,-5.32,-3.49,1.84,598.0,590.0,,,,,,,,,,
IDTT-T,A,-5.51,-3.58,1.82,625.0,620.0,,,,,,,,,,
IDTT-TBTA,A,-5.51,-3.72,1.89,,,,,,,,,,,,
IDT-Tz,A,-5.62,-4.09,,,,,,,,,,,,,
IDTzCR,A,-5.67,-3.77,1.79,616.0,593.0,,,,,,,,,,
IE-4Cl,A,-5.54,-4.11,1.43,775.0,730.0,,,,,,,,,,
IE-4F,A,-5.51,-4.07,1.44,760.0,715.0,,,,,,,,,,
IEIC,A,-5.42,-3.82,1.57,714.97,700.0,,,,,,,,,,
IEICO,A,-5.32,-3.95,1.34,,,,,,,,,,,,
IEICO-4Cl,A,-5.56,-4.23,1.23,887.0,802.0,-6.99,-2.04,2.28,544.0,25.833,-6.99,-2.04,2.28,544.0,25.833
IEICO-4F,A,-5.44,-4.19,1.24,869.0,803.0,,,,,,,,,,
IEICS-4F,A,-5.43,-4.08,1.35,,,,,,,,,,,,
IFBR,A,-5.69,-3.64,,,,,,,,,,,,,
IFBR-d,A,-5.67,-3.74,,647.0,,,,,,,,,,,
IFBR-p,A,-5.64,-3.73,,671.0,,,,,,,,,,,
IffBR,A,-5.71,-3.77,,,,,,,,,,,,,
IFIC-i-4F,A,-5.42,-3.91,,,,,,,,,,,,,
IHIC2,A,-5.69,-3.86,,,,,,,,,,,,,
IHIC-N,A,-5.57,-3.8,,,,,,,,,,,,,
I-IDTBTRh,A,-5.42,-3.68,1.65,667.0,618.0,,,,,,,,,,
i-IEICO-2Cl,A,-5.42,-3.75,1.57,727.0,709.0,,,,,,,,,,
i-IEICO-4Cl,A,-5.46,-3.82,1.51,754.0,718.0,-6.89,-1.9,2.8,408.6,21.65,-6.89,-1.9,2.8,408.6,21.65
I-ITIC,A,-5.68,-4.14,,,,,,,,,,,,,
INIC,A,-5.45,-3.88,1.57,706.0,692.0,-7.15,-1.94,2.42,511.8,28.0,-7.15,-1.94,2.42,511.8,28.0
INIC1,A,-5.54,-3.97,1.56,720.0,710.0,,,,,,,,,,
INIC2,A,-5.52,-3.98,1.52,728.0,704.0,,,,,,,,,,
INIC3,A,-5.52,-4.02,1.48,744.0,710.0,,,,,,,,,,
INPIC,A,-5.36,-3.82,1.46,779.0,755.0,,,,,,,,,,
INPIC-2F,A,-5.4,-3.91,1.41,799.0,767.0,,,,,,,,,,
INPIC-4F,A,-5.42,-3.94,1.39,821.0,769.0,-7.02,-1.93,2.32,533.6,26.35,-7.02,-1.93,2.32,533.6,26.35
IOIC2,A,-5.41,-3.78,,,,,,,,,,,,,
IOIC3,A,-5.38,-3.84,,,,,,,,,,,,,
IOTIC-2F,A,-5.34,-4.06,1.31,839.0,794.0,-6.82,-2.02,2.11,586.6,24.1,-6.82,-2.02,2.11,586.6,24.1
IPIC,A,-5.47,-3.82,1.44,776.0,761.0,,,,,,,,,,
IPIC-4Cl,A,-5.51,-3.95,1.32,855.0,790.0,,,,,,,,,,
IPIC-4F,A,-5.54,-3.94,1.38,824.0,776.0,,,,,,,,,,
IPT-2F,A,-5.51,-3.96,1.44,775.0,739.0,-7.2,-1.97,2.42,513.2,26.417,-7.2,-1.97,2.42,513.2,26.417
IPT2F-Ph,A,-5.57,-4.0,1.46,769.0,732.0,,,,,,,,,,
IPT2F-Th,A,-5.58,-4.03,1.47,759.0,726.0,,,,,,,,,,
IPT2F-TT,A,-5.6,-4.0,1.45,764.0,724.0,,,,,,,,,,
IPT-4Cl,A,-5.58,-4.11,1.39,819.0,760.0,,,,,,,,,,
IPT-4F,A,-5.57,-4.08,1.42,795.0,746.0,,,,,,,,,,
IPTBO-4Cl,A,-5.64,-4.08,1.39,817.0,759.0,,,,,,,,,,
IPTBO-4F,A,-5.57,-4.07,1.41,800.0,746.0,,,,,,,,,,
IPTT-2F,A,-5.46,-4.04,1.42,766.0,742.0,,,,,,,,,,
IPTTT-2F,A,-5.4,-4.07,1.43,761.0,746.0,,,,,,,,,,
IT-2Cl,A,-5.68,-3.99,1.55,720.0,,,,,,,,,,,
IT-2F,A,-5.64,-4.05,,,,,,,,,,,,,
IT-4Cl,A,-5.75,-4.09,1.48,746.0,,,,,,,,,,,
IT-4F,A,-5.66,-4.14,1.53,725.5,690.99,,,,,,,,,,
IT6-4F,A,-5.69,-3.99,1.53,709.0,679.0,,,,,,,,,,
ITBC,A,-5.49,-3.9,1.59,691.0,664.0,,,,,,,,,,
IT-BN-ICN,A,-5.59,-4.08,1.51,750.0,,,,,,,,,,,
IT-BT-CN,A,-5.53,-3.96,1.57,712.0,,,,,,,,,,,
ITC-2Cl,A,-5.58,-4.01,1.58,746.0,709.0,,,,,,,,,,
ITC6-IC,A,-5.73,-3.92,1.6,709.0,677.0,,,,,,,,,,
ITCC-Br,A,-5.74,-3.91,1.64,,,,,,,,,,,,
ITCC-Cl,A,-5.4,-3.78,1.66,,,,,,,,,,,,
ITCC-M,A,-5.43,-3.68,1.72,,,,,,,,,,,,
ITCF,A,-5.59,-3.95,1.57,718.0,683.0,,,,,,,,,,
ITCPTC,A,-5.63,-3.96,1.58,719.7,677.88,,,,,,,,,,
IT-DM,A,-5.57,-3.88,1.63,694.0,669.0,,,,,,,,,,
IT-DOH,A,-5.58,-3.93,1.53,732.0,667.0,,,,,,,,,,
IT-F,A,-5.66,-3.95,,,,,,,,,,,,,
ITIC,A,-5.49,-3.83,1.59,705.14,677.79,-7.34,-1.98,2.48,499.0,18.4,-7.34,-1.98,2.48,499.0,18.4
IT-IC,A,-5.58,-3.88,1.59,709.0,,,,,,,,,,,
ITIC-0F,A,-5.7,-4.0,1.59,708.0,668.0,,,,,,,,,,
ITIC1,A,-5.48,-3.85,1.55,734.0,702.0,,,,,,,,,,
ITIC2,A,-5.43,-3.8,1.53,738.0,714.0,,,,,,,,,,
ITIC-2F,A,-5.66,-4.11,1.56,721.5,681.47,,,,,,,,,,
ITIC3,A,-5.54,-3.9,1.55,734.0,686.0,,,,,,,,,,
ITIC-3F,A,-5.73,-4.12,1.54,730.0,685.0,,,,,,,,,,
ITIC4,A,-5.77,-3.97,1.52,730.0,690.0,,,,,,,,,,
ITIC-4F,A,-5.82,-4.24,1.55,728.0,682.0,,,,,,,,,,
ITIC5,A,-5.48,-3.95,1.53,744.0,718.0,,,,,,,,,,
ITIC-6F,A,-5.78,-4.16,1.51,745.0,695.0,,,,,,,,,,
ITIC-C9,A,-5.78,-3.97,,,,,,,,,,,,,
ITIC-Cl4,A,-5.5,-3.9,,,,,,,,,,,,,
ITIC-OE,A,-5.67,-4.03,1.58,718.0,671.0,,,,,,,,,,
ITIC-SC2C6,A,-5.74,-3.86,,,,,,,,,,,,,
ITIC-Th,A,-5.66,-3.93,1.6,706.0,668.0,,,,,,,,,,
ITIC-Th1,A,-5.74,-4.01,1.55,728.0,677.0,,,,,,,,,,
ITIC-Th2,A,-5.75,-4.07,1.54,735.0,680.0,,,,,,,,,,
ITIC-Th3,A,-5.67,-3.73,1.63,698.0,664.0,,,,,,,,,,
IT-M,A,-5.58,-3.98,1.6,,,,,,,,,,,,
ITN-C9,A,-5.78,-3.92,,,,,,,,,,,,,
IT-OH,A,-5.57,-3.92,1.54,725.0,666.0,,,,,,,,,,
IT-OM-1,A,-5.5,-3.76,1.67,668.0,650.0,,,,,,,,,,
IT-OM-2,A,-5.49,-3.86,1.59,706.0,678.0,,,,,,,,,,
IT-OM-3,A,-5.52,-3.8,1.64,686.0,664.0,,,,,,,,,,
IT-OM-4,A,-5.49,-3.81,1.63,688.0,676.0,,,,,,,,,,
ITOTIC-2F,A,-5.22,-4.11,1.32,809.0,791.0,,,,,,,,,,
ITTC,A,-5.49,-3.85,1.61,707.0,,,,,,,,,,,
ITTIC,A,-5.28,-3.82,,,,,,,,,,,,,
ITzN-C9,A,-5.62,-3.78,,,,,,,,,,,,,
IUIC,A,-5.45,-3.87,1.41,788.0,772.0,-6.96,-1.97,2.27,545.8,64.683,-6.96,-1.97,2.27,545.8,64.683
IXIC,A,-5.13,-3.78,1.35,799.5,751.5,,,,,,,,,,
IXIC-2Cl,A,-5.2,-3.9,1.3,939.0,773.5,-7.14,-2.16,2.15,575.8,19.217,-7.14,-2.16,2.15,575.8,19.217
IXIC-4Cl,A,-5.2,-3.95,1.25,866.0,789.0,,,,,,,,,,
J100,D,-5.35,-3.0,1.95,,,,,,,,,,,,
J101,D,-5.47,-2.97,1.96,,,,,,,,,,,,
J101 (actually J100),D,-5.3,-3.5,,,,,,,,,,,,,
J11,D,-5.48,-3.23,1.96,543.0,543.0,-6.85,-1.38,2.57,482.9,40.333,-6.85,-1.38,2.57,482.9,40.333
J12,D,-5.51,-3.26,1.94,545.0,548.0,-6.85,-1.43,2.56,483.9,42.35,-6.85,-1.43,2.56,483.9,42.35
J51,D,-5.29,-3.3,,,,,,,,,,,,,
J52,D,-5.2,-3.05,1.96,590.0,,,,,,,,,,,
J52-2Cl,D,-5.38,,1.94,,,,,,,,,,,,
J52-2F,D,-5.36,-3.42,,,,,,,,,,,,,
J52-Cl,D,-5.39,-3.45,,,,,,,,,,,,,
J52-F,D,-5.36,-3.42,,,,,,,,,,,,,
J60,D,-5.32,-3.08,1.93,598.0,,,,,,,,,,,
J61,D,-5.32,-3.07,1.93,600.0,,,,,,,,,,,
J62,D,-5.31,-3.08,1.92,,,,,,,,,,,,
J63,D,-5.28,-3.04,1.92,,,,,,,,,,,,
J64,D,-5.33,-3.09,1.92,,,,,,,,,,,,
J70,D,-5.37,-2.91,1.99,580.0,,,,,,,,,,,
J71,D,-5.4,-3.24,1.96,580.0,,,,,,,,,,,
J71-Cl,D,-5.33,-2.98,1.96,,,,,,,,,,,,
J72,D,-5.42,-3.29,1.98,578.0,,,,,,,,,,,
J73,D,-5.46,-2.92,1.98,576.0,,,,,,,,,,,
J74,D,-5.56,-3.06,1.99,526.0,,,,,,,,,,,
J81,D,-5.43,-2.98,,,,,,,,,,,,,
J91,D,-5.5,-3.02,2.0,,,,,,,,,,,,
JC1,A,-5.51,-3.95,1.3,828.0,723.0,,,,,,,,,,
JC14,A,-5.41,-3.63,1.57,707.0,657.0,-6.99,-1.86,2.22,557.8,16.583,-6.99,-1.86,2.22,557.8,16.583
JC2,A,-5.48,-3.73,1.48,760.0,673.0,,,,,,,,,,
K12,A,-6.2,-3.6,,,,,,,,,,,,,
L1,D,-5.45,-2.79,,,,,,,,,,,,,
L24,D,-5.43,-3.48,,,,,,,,,,,,,
L68,D,-5.51,-3.56,,,,,,,,,,,,,
L810,D,-5.57,-3.58,,,,,,,,,,,,,
L8-BO,A,-5.68,-3.9,,,,,,,,,,,,,
LL2,A,-5.58,-3.88,1.39,809.0,729.0,-7.24,-2.06,2.42,513.0,12.333,-7.24,-2.06,2.42,513.0,12.333
LL2-2Cl,A,-5.64,-4.02,1.35,835.0,745.0,,,,,,,,,,
LL3,A,-5.48,-3.78,1.37,823.0,753.0,,,,,,,,,,
LL3-2Cl,A,-5.53,-3.92,1.32,860.0,766.0,,,,,,,,,,
LL4,A,-5.56,-3.82,1.39,807.0,730.0,,,,,,,,,,
LL4-2Cl,A,-5.62,-3.99,,,743.0,,,,,,,,,,
M1,A,-5.48,-3.8,1.44,774.0,726.0,,,,,,,,,,
M2,A,-5.6,-3.96,1.39,797.0,742.0,,,,,,,,,,
M34,A,-5.6,-3.91,1.39,798.0,741.0,,,,,,,,,,
M4,A,-5.61,-3.97,1.38,798.0,742.0,,,,,,,,,,
m-4TBC-2F,A,-5.68,-4.0,1.66,606.0,595.0,,,,,,,,,,
M8,A,-5.49,-3.91,1.28,854.0,780.0,,,,,,,,,,
m-BTP-C6Ph,A,-5.59,-3.86,1.35,806.0,728.0,,,,,,,,,,
m-DTC-2Cl,A,-5.65,-3.89,,,,,,,,,,,,,
MeIC,A,-5.72,-3.76,1.58,718.0,674.0,,,,,,,,,,
m-IDTIDT-FIC,A,-5.47,-3.94,1.51,743.0,716.0,,,,,,,,,,
m-INPOIC,A,-5.41,-3.97,1.41,810.0,773.0,-7.11,-2.0,2.35,528.0,24.933,-7.11,-2.0,2.35,528.0,24.933
m-ITIC,A,-5.52,-3.82,1.58,,,,,,,,,,,,
m-ITIC-OR-4Cl,A,-5.78,-4.05,,,,,,,,,,,,,
m-ITTC,A,-5.62,-3.89,1.61,711.0,688.0,,,,,,,,,,
MO-IDIC,A,-5.69,-3.89,1.6,,670.0,,,,,,,,,,
MO-IDIC-2F,A,-5.8,-3.93,1.55,,677.0,,,,,,,,,,
m-PBDTPS-FTAZ,D,-5.4,-3.4,2.0,579.0,567.0,-6.81,-1.32,2.56,483.5,41.5,-6.81,-1.32,2.56,483.5,41.5
MS-4Cl,A,-5.68,-3.99,1.37,813.0,742.0,,,,,,,,,,
MS-4F,A,-5.63,-3.91,1.41,800.0,727.0,,,,,,,,,,
N10,A,-5.7,-4.15,,,,,,,,,,,,,
N2200,A,-5.71,-4.02,,,,,,,,,,,,,
N3_srivani,A,-5.87,-3.9,,,,,,,,,,,,,
N4,A,-6.05,-3.89,,,,,,,,,,,,,
N65-2FIC,A,-5.6,-4.03,1.4,786.0,731.0,-7.21,-2.14,2.2,564.2,21.833,-7.21,-2.14,2.2,564.2,21.833
N65-IC,A,-5.52,-3.89,1.48,748.0,715.0,,,,,,,,,,
N6b,A,-5.06,-3.71,,,,,,,,,,,,,
N7,A,-5.56,-3.74,,,,,,,,,,,,,
NAI-FN-NAI(BO),A,-6.07,-3.96,2.13,426.0,411.0,,,,,,,,,,
NBDTP,A,-5.66,-3.79,,,,,,,,,,,,,
NCBDT,A,-5.36,-3.89,,,,,,,,,,,,,
NCBDT-4Cl,A,-5.6,-4.02,,,,,,,,,,,,,
NDI-3TH,A,-5.5,-4.1,,,,,,,,,,,,,
NDICz-6,A,-5.91,-4.19,,,,,,,,,,,,,
NDTR,D,-5.23,-3.5,,,,,,,,,,,,,
NFBDT,A,-5.42,-3.86,1.56,731.0,703.0,,,,,,,,,,
NFTI,A,-5.46,-3.77,,,,,,,,,,,,,
NIBT,A,-5.38,-3.68,1.63,660.0,628.0,-6.99,-1.92,2.19,565.4,29.633,-6.99,-1.92,2.19,565.4,29.633
NIDT,A,-5.34,-3.58,1.85,618.0,599.0,,,,,,,,,,
NITI-SeS,A,-5.76,-3.83,,,,,,,,,,,,,
NITI-Sse,A,-5.76,-3.81,,,,,,,,,,,,,
NITT-BF,A,-5.75,-4.15,1.52,713.0,675.0,,,,,,,,,,
NITT-ThCl,A,-5.71,-4.1,1.55,705.0,692.0,,,,,,,,,,
NITV,A,-5.4,-3.62,1.78,548.0,567.0,,,,,,,,,,
NNBDT,A,-5.46,-3.94,,,,,,,,,,,,,
NOBDT,A,-5.26,-3.89,1.39,781.0,744.0,-7.1,-2.09,2.29,541.4,24.217,-7.1,-2.09,2.29,541.4,24.217
NoCA-1,A,-5.45,-3.88,,822.0,764.0,-7.17,-2.14,2.16,575.1,15.6,-7.17,-2.14,2.16,575.1,15.6
NoCA-5,A,-5.43,-3.83,,818.0,769.0,,,,,,,,,,
NTIC,A,-5.58,-3.76,1.67,694.0,650.0,,,,,,,,,,
NTIC-F,A,-5.52,-3.77,1.66,712.0,657.0,-7.54,-2.01,2.57,481.6,17.233,-7.54,-2.01,2.57,481.6,17.233
NTIC-Me,A,-5.53,-3.73,1.74,670.0,647.0,,,,,,,,,,
NTIC-OMe,A,-5.53,-3.7,1.71,675.0,651.0,,,,,,,,,,
NTTI,A,-5.38,-3.83,1.45,783.0,,,,,,,,,,,
NTz-Np,A,-6.01,-3.6,1.73,,533.0,,,,,,,,,,
NTz-Teh-FA,A,-6.06,-3.38,2.13,,509.0,,,,,,,,,,
o-4TBC-2F,A,-5.63,-4.0,1.34,825.0,671.0,,,,,,,,,,
o-BTP-C6Ph,A,-5.53,-3.76,1.39,790.0,730.0,,,,,,,,,,
OCH3-2F,A,-5.4,-4.04,1.33,796.0,752.0,,,,,,,,,,
o-DOC6-2F,A,-5.49,-3.83,1.51,744.0,712.0,,,,,,,,,,
OF-PCIC,A,-5.66,-3.86,1.59,702.0,660.0,-7.63,-2.18,2.47,502.8,15.783,-7.63,-2.18,2.47,502.8,15.783
O-IDTBCN,A,-5.8,-3.8,,712.0,,,,,,,,,,,
O-IDTBR,A,-5.52,-3.89,1.68,673.0,650.0,,,,,,,,,,
o-IO1,A,-5.44,-4.15,1.28,850.0,790.0,,,,,,,,,,
o-IO2,A,-5.41,-4.21,1.2,920.0,835.0,,,,,,,,,,
O-NTIC,A,-5.51,-3.67,1.7,671.0,650.0,,,,,,,,,,
O-NTNC,A,-5.54,-3.78,1.64,706.0,679.0,,,,,,,,,,
ORCN,A,-5.37,-3.56,1.64,676.0,666.0,,,,,,,,,,
P,D,-5.27,-3.6,,,,,,,,,,,,,
P(NDI2OD-FT2),A,-5.5,-3.91,1.59,630.0,,,,,,,,,,,
P(NDI2OD-T2),A,-5.49,-4.05,1.44,704.0,,,,,,,,,,,
P(T4-DPP-M),D,-5.4,-4.0,1.4,,,,,,,,,,,,
P(T4-iI-M),D,-5.5,-3.9,1.55,,,,,,,,,,,,
P(T4-TPD-M),D,-5.6,-3.8,1.84,,,,,,,,,,,,
P1_mishra,D,-5.1,-3.48,1.6,588.0,532.0,-6.64,-1.44,2.32,535.3,22.65,-6.64,-1.44,2.32,535.3,22.65
P1_yang,D,-5.17,-2.9,1.87,563.0,561.0,-7.38,-0.65,3.3,375.2,6.433,-7.38,-0.65,3.3,375.2,6.433
P104,D,-5.29,-3.68,1.59,657.0,651.0,-6.74,-1.47,2.36,526.1,29.967,-6.74,-1.47,2.36,526.1,29.967
P105,D,-5.38,-3.62,1.66,652.0,647.0,,,,,,,,,,
P2,D,-5.5,-3.59,1.93,548.0,544.0,,,,,,,,,,
P2_yang,D,-5.33,-2.94,1.9,594.0,591.0,-7.3,-0.78,3.16,392.7,6.367,-7.3,-0.78,3.16,392.7,6.367
P2F-EH,D,-5.36,-3.04,,,,,,,,,,,,,
P2F-Ehp,D,-5.46,-3.13,,,,,,,,,,,,,
P2F-EHp,D,-5.38,-3.06,,,,,,,,,,,,,
P2F-EO,D,-5.41,-3.08,,,,,,,,,,,,,
P3_yang,D,-5.54,-2.98,1.92,593.0,592.0,-7.42,-0.86,3.16,392.0,6.917,-7.42,-0.86,3.16,392.0,6.917
P3HT,D,-5.01,-3.12,,522.0,450.0,,,,,,,,,,
P4_yang,D,-5.68,-3.13,2.0,577.0,576.0,-7.57,-0.91,3.24,382.9,7.1,-7.57,-0.91,3.24,382.9,7.1
P-4FP,D,-5.54,-3.61,,,,,,,,,,,,,
P5T,D,-5.41,-3.48,,,,,,,,,,,,,
P5T-2F,D,-5.51,-3.56,,,,,,,,,,,,,
PB24-TTDC,D,-5.36,-3.58,1.91,556.0,,,,,,,,,,,
PB2T,D,-5.63,-3.63,2.24,416.0,413.0,-6.71,-1.16,2.61,474.9,38.75,-6.71,-1.16,2.61,474.9,38.75
PB3T,D,-5.39,-3.37,1.96,540.0,534.0,-6.8,-1.12,2.65,468.0,47.617,-6.8,-1.12,2.65,468.0,47.617
PB68-3TDC,D,-5.41,-3.57,1.92,555.0,,,,,,,,,,,
PBB,D,-5.54,-3.59,1.95,551.0,512.0,-6.8,-1.23,2.63,471.9,40.433,-6.8,-1.23,2.63,471.9,40.433
PBB-Cl,D,-5.64,-3.64,2.0,580.0,528.0,-6.94,-1.41,2.76,448.5,64.567,-6.94,-1.41,2.76,448.5,64.567
PBB-F,D,-5.57,-3.57,2.0,579.0,529.0,-6.93,-1.39,2.7,417.4,72.383,-6.93,-1.39,2.7,417.4,72.383
PBB-H,D,-5.47,-3.47,2.0,580.0,572.0,,,,,,,,,,
PBBSB,D,-5.19,-3.63,,,,,,,,,,,,,
PBBSe-Cl,D,-5.36,-3.63,1.73,645.0,643.0,-6.78,-1.4,2.42,511.5,59.15,-6.78,-1.4,2.42,511.5,59.15
PBBSe-H,D,-5.16,-3.45,1.71,657.0,651.0,-6.6,-1.26,2.42,512.3,58.467,-6.6,-1.26,2.42,512.3,58.467
PBCIT,D,-5.47,-3.61,1.64,695.0,691.0,,,,,,,,,,
PBCT-2F,D,-5.58,-3.66,,,,,,,,,,,,,
PBDB-ST,D,-5.37,-3.59,,,,,,,,,,,,,
PBDB-T,D,-5.33,-3.48,1.84,625.98,622.5,-6.68,-1.18,2.53,489.8,52.433,-6.68,-1.18,2.53,489.8,52.433
PBDB-T-2Cl,D,-5.52,-3.6,,,,,,,,,,,,,
PBDB-T-4Cl,D,-5.38,-3.47,,,,,,,,,,,,,
PBDB-TF,D,-5.49,-3.64,1.8,618.48,615.0,-6.9,-1.28,2.6,428.9,49.617,-6.9,-1.28,2.6,428.9,49.617
PBDB-TSCl,D,-5.61,-3.8,1.81,615.0,608.0,-6.87,-1.38,2.53,489.9,57.3,-6.87,-1.38,2.53,489.9,57.3
PBDB-T-SF,D,-5.41,-3.62,,,,,,,,,,,,,
PBDE-DFDT,D,-5.5,-3.56,,,,,,,,,,,,,
PBDE-TT,D,-5.49,-3.52,,,,,,,,,,,,,
PBDS-TZ,D,-5.41,-3.46,,,,,,,,,,,,,
PBDT-DTN,D,-5.37,-3.53,1.84,572.0,538.0,,,,,,,,,,
PBDTNO-BDD,D,-5.27,-3.44,,,,,,,,,,,,,
PBDT-NQx,D,-5.24,-3.42,1.8,632.0,624.0,-6.49,-1.16,2.55,485.7,121.617,-6.49,-1.16,2.55,485.7,121.617
PBDTNS-BDD,D,-5.35,-3.54,,,,,,,,,,,,,
PBDT-S-2TC,D,-5.47,-3.58,,,,,,,,,,,,,
PBDTS-DTBTO,D,-5.24,-3.6,,,,,,,,,,,,,
PBDT-Se-TAZ,D,-5.23,-3.43,1.92,597.0,583.0,,,,,,,,,,
PBDTSF-TZNT,D,-5.45,-3.41,,,,,,,,,,,,,
PBDTS-NQx,D,-5.31,-3.46,1.81,636.0,628.0,,,,,,,,,,
PBDTS-Se-TAZ,D,-5.29,-3.52,1.9,602.0,592.0,,,,,,,,,,
PBDTS-TDZ,D,-5.39,-2.8,,,,,,,,,,,,,
PBDTS-TZNT,D,-5.39,-3.3,,,,,,,,,,,,,
PBDTTAZ-NaPh,D,-5.44,-3.49,,,,,,,,,,,,,
PBDT-TDZ,D,-5.35,-2.78,,,,,,,,,,,,,
PBDTTPD,D,-5.7,-3.7,,,,,,,,,,,,,
PBDTTS-TTffBT,D,-5.45,-3.69,,,,,,,,,,,,,
PBDTTT-EFT,D,-5.24,-3.66,,,,,,,,,,,,,
PBDTTT-E-T,D,-5.09,-3.22,,,,,,,,,,,,,
PBDTT-TT-F,D,-5.3,-3.6,,,,,,,,,,,,,
PBFSF,D,-5.27,-3.72,,,,,,,,,,,,,
PBF-SF,D,-5.46,-3.58,,,,,,,,,,,,,
PBFTT,D,-5.47,-3.56,,,,,,,,,,,,,
PBFZ-OP,D,-5.33,-3.01,,,,,,,,,,,,,
PBI,A,-5.8,-3.6,,,,,,,,,,,,,
PBiTPD,D,-5.2,-3.45,1.78,630.0,610.0,,,,,,,,,,
PBN-S,D,-5.48,-3.52,,,,,,,,,,,,,
PBPD-Th,D,-5.42,-3.36,,,,,,,,,,,,,
PBQx-TF,D,-5.41,-2.82,,,,,,,,,,,,,
PBT1-C,D,-5.43,-3.37,1.87,616.0,611.0,-6.68,-1.14,2.55,487.0,61.1,-6.68,-1.14,2.55,487.0,61.1
PBT1-C-2Cl,D,-5.59,-3.53,1.85,629.0,629.0,-6.94,-1.3,2.69,460.2,55.233,-6.94,-1.3,2.69,460.2,55.233
PBT1Cl-Bz,D,-5.39,-3.57,1.93,588.0,581.0,-6.75,-1.3,2.55,485.5,39.133,-6.75,-1.3,2.55,485.5,39.133
PBT1-EH,D,-5.43,-3.43,,,,,,,,,,,,,
PBT2Clas-Bz,D,-5.48,-3.56,1.97,574.0,569.0,-6.74,-1.24,2.56,436.4,39.75,-6.74,-1.24,2.56,436.4,39.75
PBT2Cls-Bz,D,-5.47,-3.58,1.96,585.0,580.0,,,,,,,,,,
PBT4Cl-Bz,D,-5.64,-3.57,2.01,573.0,571.0,,,,,,,,,,
PBT7-Th,D,-5.27,-3.48,1.61,705.0,701.0,,,,,,,,,,
PBTA-BO,D,-5.31,-2.89,,,,,,,,,,,,,
PBTA-PS,D,-5.34,-3.4,,,,,,,,,,,,,
PBTA-PSF,D,-5.52,-3.54,,,,,,,,,,,,,
PBTB-TF,D,-5.46,-3.63,,,,,,,,,,,,,
PBTCl,D,-5.43,-3.55,,,,,,,,,,,,,
PBT-Cl,D,-5.51,-3.6,,,,,,,,,,,,,
PBT-F,D,-5.39,-3.65,,,,,,,,,,,,,
PBTIBDTT,D,-5.47,-3.6,,,,,,,,,,,,,
p-BTP-C6Ph,A,-5.59,-3.85,1.36,805.0,728.0,,,,,,,,,,
PBT-S-TTz,D,-5.45,-3.5,1.95,597.0,597.0,-6.69,-1.19,2.57,482.9,41.667,-6.69,-1.19,2.57,482.9,41.667
PBT-TTz,D,-5.41,-3.46,1.95,589.0,589.0,,,,,,,,,,
PBZ,D,-5.18,-3.22,,,,,,,,,,,,,
PBZ1,D,-5.27,-3.06,,,,,,,,,,,,,
PBZ-Cl,D,-5.39,-3.41,,,,,,,,,,,,,
PBZ-ClSi,D,-5.56,-3.5,,,,,,,,,,,,,
PBZ-m-CF3,D,-5.49,-3.22,,,,,,,,,,,,,
PCDTBT,D,-5.5,-3.6,,,,,,,,,,,,,
PCE10-2Cl,D,-5.5,-3.93,,,,,,,,,,,,,
PCE10-2F,D,-5.47,-3.9,,,,,,,,,,,,,
PCE10-SF,D,-5.53,-3.76,,,,,,,,,,,,,
P-CIT,D,-5.5,-3.55,,,,,,,,,,,,,
PDBT-2Cl,D,-5.49,-3.59,1.92,554.0,562.0,,,,,,,,,,
PDBT-2F,D,-5.43,-3.61,1.82,579.0,576.0,-6.83,-2.97,0.72,597.7,111.8,-6.83,-2.97,0.72,597.7,111.8
PDBT-Cl,D,-5.41,-3.56,1.83,583.0,583.0,-6.74,-1.24,2.56,468.5,76.933,-6.74,-1.24,2.56,468.5,76.933
PDBT-F,D,-5.39,-3.57,1.81,584.0,577.0,,,,,,,,,,
PDBT-T1,D,-5.36,-3.43,,,,,,,,,,,,,
PDCBT,D,-5.31,-3.0,1.9,600.0,483.0,-6.96,-1.08,2.59,478.7,13.75,-6.96,-1.08,2.59,478.7,13.75
PDCBT-2Cl,D,-5.44,-3.0,1.95,585.0,486.0,-7.11,-1.19,2.68,463.0,16.067,-7.11,-1.19,2.68,463.0,16.067
PDCBT-2F,D,-5.5,-3.36,1.92,592.0,501.0,-6.99,-1.4,2.43,509.4,15.6,-6.99,-1.4,2.43,509.4,15.6
PDCBT-Cl,D,-5.34,-3.01,1.91,599.0,491.0,-7.02,-1.23,2.57,481.6,12.833,-7.02,-1.23,2.57,481.6,12.833
PDCBT-F,D,-5.32,-2.98,1.93,594.0,501.0,,,,,,,,,,
PDCPDT-BC,A,-5.4,-3.85,1.53,717.0,680.0,,,,,,,,,,
PD-dIDTC6,A,-5.51,-3.89,1.65,681.0,681.0,-7.15,-1.94,2.44,507.3,20.75,-7.15,-1.94,2.44,507.3,20.75
p-DOC6-2F,A,-5.47,-3.79,1.37,821.0,742.0,,,,,,,,,,
PDTB-EF-T,D,-5.5,-3.59,1.93,548.0,544.0,,,,,,,,,,
PDTF-TZNT,D,-5.24,-3.23,1.84,617.0,597.0,-6.52,-1.04,2.5,495.6,33.65,-6.52,-1.04,2.5,495.6,33.65
PDTH-TZNT,D,-5.16,-3.1,1.94,541.0,527.0,-6.37,-0.94,2.44,508.4,34.717,-6.37,-0.94,2.44,508.4,34.717
PDTSBT,D,-5.3,-3.5,,,,,,,,,,,,,
PF2-DTC,A,-5.76,-3.9,,,,,,,,,,,,,
PF2-DTGe,A,-5.78,-3.9,,,,,,,,,,,,,
PF2-DTSi,A,-5.74,-3.87,,,,,,,,,,,,,
PF3-DTC,A,-5.73,-3.91,,,,,,,,,,,,,
PF3-DTCO,A,-5.71,-3.95,,,,,,,,,,,,,
PFA1,A,-5.74,-3.84,1.41,815.0,,,,,,,,,,,
PFBDB-T,D,-5.47,-3.46,,,,,,,,,,,,,
PFBDT-IDTIC,A,-5.78,-3.85,,,,,,,,,,,,,
PFBZ,D,-5.36,-3.42,,,,,,,,,,,,,
PffBT4T,D,-5.36,-3.71,,,,,,,,,,,,,
PffBT4T-2DT,D,-5.29,-3.65,,,,,,,,,,,,,
PffBT4T-B,D,-5.61,-3.58,,,,,,,,,,,,,
PffBT-DPP,D,-5.66,-3.56,,,,,,,,,,,,,
PffQx-PS,D,-5.4,-3.55,,,,,,,,,,,,,
PffQx-T,D,-5.36,-3.56,,,,,,,,,,,,,
PffT2-FTAZ-2DT,D,-5.28,-3.37,1.91,620.0,,,,,,,,,,,
PFOPB,D,-5.5,-3.64,,,,,,,,,,,,,
P-FP,D,-5.54,-3.61,,,,,,,,,,,,,
P-FT,D,-5.48,-3.48,,,,,,,,,,,,,
Ph-DTDP-IC,A,-5.53,-4.0,1.61,701.0,673.0,,,,,,,,,,
Ph-DTDP-TIC,A,-5.33,-3.89,1.46,740.0,707.0,,,,,,,,,,
Ph-DTDP-TTIC,A,-5.28,-3.92,1.45,703.0,695.0,-7.07,-1.95,2.35,526.7,51.133,-7.07,-1.95,2.35,526.7,51.133
PhITBD,A,-5.5,-3.78,1.18,656.0,606.0,-7.56,-2.2,2.45,506.6,14.55,-7.56,-2.2,2.45,506.6,14.55
PI-4F,A,-5.8,-4.06,1.65,703.0,665.0,-7.61,-2.16,2.34,528.7,21.667,-7.61,-2.16,2.34,528.7,21.667
PI-BT,A,-5.8,-3.3,2.34,448.0,,,,,,,,,,,
PIDIC2T,A,-5.65,-3.85,1.54,726.0,691.0,-7.48,-2.07,2.51,493.3,36.6,-7.48,-2.07,2.51,493.3,36.6
PIDIC2T2Cl,A,-5.67,-3.87,1.55,706.0,697.0,,,,,,,,,,
PIDIC2T2F,A,-5.73,-3.89,1.55,711.0,701.0,,,,,,,,,,
PIDT-DTN,D,-5.37,-3.48,1.89,542.0,544.0,-6.53,-1.07,2.43,451.4,156.133,-6.53,-1.07,2.43,451.4,156.133
p-IDTIDT-IC,A,-5.42,-3.82,1.53,721.0,696.0,,,,,,,,,,
PIDTTDTffBTA,D,-5.25,-3.63,,,,,,,,,,,,,
P-IDTzR,A,-5.31,-3.42,1.89,592.0,571.0,,,,,,,,,,
p-INPOIC,A,-5.38,-4.0,1.37,823.0,779.0,,,,,,,,,,
p-IO1,A,-5.46,-4.13,1.34,815.0,766.0,,,,,,,,,,
p-IO2,A,-5.44,-4.19,1.24,880.0,808.0,,,,,,,,,,
PIST-4F,A,-5.65,-4.03,1.46,748.0,710.0,,,,,,,,,,
PJ1-H,A,-5.64,-3.82,1.41,798.0,767.0,,,,,,,,,,
PMI-F-PMI,A,-5.74,-3.54,2.2,514.0,533.0,,,,,,,,,,
PN1,A,-5.71,-3.85,,,,,,,,,,,,,
POPB,D,-5.38,-3.57,,,,,,,,,,,,,
P-P,D,-5.33,-3.39,,,,,,,,,,,,,
p-PBDTPS-FTAZ,D,-5.32,-3.36,1.96,589.0,583.0,,,,,,,,,,
PPDT2FBT,D,-5.43,-3.67,,,,,,,,,,,,,
PT2IC-4Cl,A,-5.6,-3.9,1.31,865.0,776.0,-7.26,-2.19,2.3,539.7,11.483,-7.26,-2.19,2.3,539.7,11.483
PT4FB,D,-5.59,-3.61,,,,,,,,,,,,,
PTB4Cl,A,-5.91,-3.93,1.58,760.0,657.0,-7.64,-2.07,2.53,489.6,11.367,-7.64,-2.07,2.53,489.6,11.367
PTB4F,A,-5.87,-3.89,1.65,729.0,645.0,,,,,,,,,,
PTB7,D,-5.19,-3.43,,,,,,,,,,,,,
PTB7-Th,D,-5.21,-3.6,1.58,705.0,,,,,,,,,,,
PTBB-m,D,-5.48,-3.42,1.88,600.0,,,,,,,,,,,
PTBB-o,D,-5.52,-3.37,1.89,656.0,,,,,,,,,,,
PTBB-p,D,-5.41,-3.49,1.84,623.0,,,,,,,,,,,
PTBTz-2,D,-5.48,-3.52,,,,,,,,,,,,,
PTFB-O,D,-5.36,-3.36,,,,,,,,,,,,,
PTFB-P,D,-5.32,-3.33,,,,,,,,,,,,,
PTIBT,D,-5.41,-3.61,,,,,,,,,,,,,
PTIC,A,-5.59,-3.81,1.53,747.0,650.0,,,,,,,,,,
PTIC-4Cl,A,-5.68,-3.91,1.35,840.0,765.0,,,,,,,,,,
PTICH,A,-5.62,-3.8,1.6,709.0,637.0,,,,,,,,,,
PTICO,A,-5.48,-3.66,1.56,746.0,647.0,,,,,,,,,,
PT-IDTIC,A,-5.79,-3.87,,,,,,,,,,,,,
PT-IDTTIC,A,-5.59,-3.86,,,,,,,,,,,,,
PTO2,D,-5.59,-3.67,,,,,,,,,,,,,
PTPD,D,-5.05,-3.19,1.86,613.0,612.0,-6.8,-1.26,2.56,483.7,45.8,-6.8,-1.26,2.56,483.7,45.8
PTPDBDT,D,-5.6,-3.75,1.85,,,,,,,,,,,,
PTQ10,D,-5.54,-2.92,1.93,,,,,,,,,,,,
PTQ11,D,-5.52,-2.76,,,,,,,,,,,,,
PTQ7,D,-5.38,-2.82,,,,,,,,,,,,,
PTQ8,D,-5.68,-2.92,,,,,,,,,,,,,
PTQ9,D,-5.41,-2.87,,,,,,,,,,,,,
PTT4FB,D,-5.58,-3.58,,,,,,,,,,,,,
PTZ1,D,-5.31,-3.34,,,,,,,,,,,,,
PTZ6,D,-5.36,-3.36,,,,,,,,,,,,,
PTzBI,D,-5.34,-3.46,,,,,,,,,,,,,
PTzBI-DT,D,-5.39,-3.51,,,,,,,,,,,,,
PTzBI-oF,D,-5.25,-3.25,,,,,,,,,,,,,
PvBDT-Cl,D,-5.49,-3.49,2.04,607.0,580.0,-6.84,-0.93,2.99,414.9,44.033,-6.84,-0.93,2.99,414.9,44.033
PvBDT-F,D,-5.44,-3.45,2.01,616.0,585.0,-6.85,-0.94,2.94,421.4,42.333,-6.85,-0.94,2.94,421.4,42.333
PvBDTTAZ,D,-5.47,-3.42,,,,,,,,,,,,,
PY-1,A,-5.27,-4.0,1.4,750.0,648.0,-6.84,-1.83,2.31,536.8,20.933,-6.84,-1.83,2.31,536.8,20.933
Py-2F,A,-5.85,-3.82,1.66,645.0,606.0,,,,,,,,,,
Py-2H,A,-5.78,-3.74,1.69,626.0,594.0,,,,,,,,,,
PY5-2TZ,A,-5.7,-3.76,1.44,775.0,736.0,,,,,,,,,,
PY5-BT,A,-5.73,-3.78,1.43,778.0,737.0,,,,,,,,,,
PY5-BTZ,A,-5.67,-3.72,1.44,775.0,756.0,,,,,,,,,,
PY5-PZ,A,-5.71,-3.75,1.45,772.0,735.0,,,,,,,,,,
PY5T,A,-5.71,-3.76,,792.0,,,,,,,,,,,
PYTT-1,A,-5.66,-3.82,1.49,,,,,,,,,,,,
PYTT-2,A,-5.73,-3.83,1.49,,,,,,,,,,,,
PYTT-3,A,-5.76,-3.88,1.44,,,,,,,,,,,,
PZ1,A,-5.74,-3.86,,,,,,,,,,,,,
PZ-dIDTC6,A,-5.54,-3.85,1.57,711.0,683.0,,,,,,,,,,
QCIC1,A,-5.52,-3.8,1.41,718.0,680.0,,,,,,,,,,
QCIC3,A,-5.52,-3.89,1.38,739.0,689.0,,,,,,,,,,
QOC6-4Cl,A,-5.62,-3.87,1.45,796.0,733.0,,,,,,,,,,
QOC6-4H,A,-5.59,-3.8,1.49,763.0,713.0,,,,,,,,,,
Qx1,A,-5.42,-3.6,1.74,629.0,610.0,-6.69,-1.25,2.5,495.9,47.783,-6.69,-1.25,2.5,495.9,47.783
Qx-10F,D,-5.18,-3.49,1.69,634.0,612.0,-6.69,-1.26,2.61,474.2,68.65,-6.69,-1.26,2.61,474.2,68.65
Qx-12F,D,-5.22,-3.5,1.72,642.0,612.0,-6.76,-1.45,2.48,500.0,72.117,-6.76,-1.45,2.48,500.0,72.117
Qx1b,A,-5.35,-3.66,1.68,660.0,631.0,,,,,,,,,,
QX2,D,-5.4,-3.1,,,,,,,,,,,,,
Qx3,A,-5.38,-3.56,1.64,654.0,613.0,,,,,,,,,,
Qx3b,A,-5.27,-3.63,1.59,706.0,642.0,,,,,,,,,,
Qx3c,A,-5.3,-3.59,1.6,686.0,636.0,-7.13,-1.98,2.25,551.4,12.217,-7.13,-1.98,2.25,551.4,12.217
Qx-8F,D,-5.11,-3.45,1.66,613.0,597.0,-6.59,-1.24,2.47,502.9,70.317,-6.59,-1.24,2.47,502.9,70.317
R10-4Cl,A,-5.35,-3.91,1.43,754.0,715.0,-7.08,-1.97,2.39,518.1,40.5,-7.08,-1.97,2.39,518.1,40.5
R12-4Cl,A,-5.26,-3.95,1.35,766.0,721.0,-6.99,-1.99,2.43,511.0,40.167,-6.99,-1.99,2.43,511.0,40.167
SCH3-2F,A,-5.5,-4.06,1.41,759.0,720.0,,,,,,,,,,
SeCT-IC,A,-5.53,-3.92,1.54,745.0,710.0,,,,,,,,,,
SeTIC,A,-5.55,-3.9,1.58,712.0,688.0,,,,,,,,,,
SeTIC4Cl,A,-5.65,-4.08,1.44,761.0,716.0,,,,,,,,,,
SFBRCN,A,-5.93,-3.86,,505.0,,,,,,,,,,,
SF-HR,A,-5.53,-3.33,2.2,478.0,475.0,-7.6,-1.49,3.03,407.7,12.7,-7.6,-1.49,3.03,407.7,12.7
SF-OR,A,-5.5,-3.25,2.15,538.0,504.0,,,,,,,,,,
SIDIC,A,-5.44,-3.93,1.43,759.0,728.0,,,,,,,,,,
SJ-IC,A,-5.61,-3.94,1.49,743.0,,,,,,,,,,,
SM,D,-5.25,-3.33,,,,,,,,,,,,,
SM1,D,-5.25,-2.8,1.88,566.0,500.0,,,,,,,,,,
SM1-F,D,-5.37,-2.81,,,,,,,,,,,,,
SM1-Oct,D,-5.12,-2.8,1.8,570.0,498.0,,,,,,,,,,
SM1-S,D,-5.32,-2.81,,,,,,,,,,,,,
SM2,D,-5.04,-2.7,2.02,521.0,466.0,,,,,,,,,,
SM-Cl,D,-5.42,-3.34,,,,,,,,,,,,,
SN6IC,A,-5.38,-3.93,,,,,,,,,,,,,
SN6IC-4F,A,-5.52,-4.11,,,,,,,,,,,,,
SNBDT1-F,A,-5.3,-3.83,1.41,790.0,726.0,-7.2,-2.01,2.46,503.6,9.1,-7.2,-2.01,2.46,503.6,9.1
SSBR,A,-5.44,-3.72,1.53,662.0,659.0,-7.12,-2.09,2.07,597.6,6.033,-7.12,-2.09,2.07,597.6,6.033
SSTI,A,-5.71,-4.24,0.98,866.0,,,,,,,,,,,
S-WSeSe-Cl,A,-5.66,-3.88,1.3,853.0,768.0,-7.71,-2.26,1.99,464.7,12.217,-7.71,-2.26,1.99,464.7,12.217
SY1,A,-5.68,-3.95,,825.0,733.0,,,,,,,,,,
SY2,A,-5.67,-3.99,,836.0,739.0,,,,,,,,,,
SY3,A,-5.69,-3.98,,838.0,740.0,,,,,,,,,,
S-YSS-Cl,A,-5.71,-3.85,1.34,835.0,748.0,,,,,,,,,,
SZ5,D,-5.5,-2.92,,,,,,,,,,,,,
TB-4Cl,A,-5.81,-3.94,1.42,810.0,730.0,-7.47,-2.27,2.39,519.8,9.35,-7.47,-2.27,2.39,519.8,9.35
TBTT-BORH,A,-5.76,-3.58,1.83,626.0,540.0,-7.49,-2.01,2.36,525.2,2.85,-7.49,-2.01,2.36,525.2,2.85
TCIC2F,A,-5.59,-3.89,1.46,772.0,718.0,,,,,,,,,,
T-EHPPD-T-EHBDT,D,-5.47,-3.68,1.79,691.0,,,,,,,,,,,
TfIF-4FIC,A,-5.71,-3.96,,,,,,,,,,,,,
TfIF-IC,A,-5.51,-3.77,,,,,,,,,,,,,
TIDT-BT-R2,A,-5.25,-3.65,,604.0,,,,,,,,,,,
TPBT-RCN,A,-5.42,-3.71,,,,,,,,,,,,,
TPD3,A,-5.65,-3.79,,,,,,,,,,,,,
TPD-3,D,-5.14,-3.32,,,,,,,,,,,,,
TPD-3F,D,-5.32,-3.5,,,,,,,,,,,,,
TPDC-4F,A,-5.83,-3.99,1.42,765.0,717.0,-7.38,-2.29,2.17,572.6,11.35,-7.38,-2.29,2.17,572.6,11.35
TPDCIC,A,-5.38,-3.78,,,,,,,,,,,,,
TPDCNC,A,-5.37,-3.83,,,,,,,,,,,,,
TPQ-Cl,A,-5.64,-4.11,1.4,,,,,,,,,,,,
TPQ-F,A,-5.67,-3.91,1.43,,,,,,,,,,,,
TPQx-4F,A,-5.57,-3.74,1.41,813.0,748.0,,,,,,,,,,
TPQx-6F,A,-5.61,-3.78,1.43,805.0,740.0,,,,,,,,,,
TPT10,A,-5.52,-3.99,,,,,,,,,,,,,
TPT-2F,A,-5.84,-4.06,1.64,698.0,662.0,,,,,,,,,,
TPTT-2F,A,-5.75,-4.04,1.58,717.0,675.0,,,,,,,,,,
TPTTT-2F,A,-5.69,-4.01,1.56,724.0,687.0,,,,,,,,,,
TR2F-IC4F,A,-5.57,-3.94,1.4,820.0,730.0,,,,,,,,,,
TSeTIC,A,-5.65,-3.91,1.53,733.0,710.0,,,,,,,,,,
TT-FIC,A,-5.42,-4.13,,,,,,,,,,,,,
TTFQx-T1,D,-5.31,-3.62,1.69,652.0,606.0,-6.7,-1.42,2.49,498.5,59.367,-6.7,-1.42,2.49,498.5,59.367
TTIC,A,-5.51,-3.89,1.48,768.24,719.85,,,,,,,,,,
TTIC-F,A,-5.34,-3.88,1.35,828.0,756.0,,,,,,,,,,
TTIC-M,A,-5.3,-3.82,1.44,783.0,746.0,,,,,,,,,,
TTIDIC,A,-5.43,-3.92,1.46,766.0,705.0,-6.9,-1.95,2.29,540.5,18.817,-6.9,-1.95,2.29,540.5,18.817
TTPBT-IC,A,-5.69,-3.84,1.43,781.0,720.0,,,,,,,,,,
TTPTTT-2F,A,-5.67,-4.04,1.54,726.0,697.0,,,,,,,,,,
TTPTTT-4F,A,-5.69,-4.12,1.52,738.0,701.0,,,,,,,,,,
TTPTTT-IC,A,-5.64,-3.87,1.6,700.0,685.0,-7.69,-1.65,2.96,380.5,15.867,-7.69,-1.65,2.96,380.5,15.867
TTz1,A,-5.7,-3.86,1.65,675.0,578.0,,,,,,,,,,
TTz2,A,-5.5,-3.8,1.61,614.0,577.0,,,,,,,,,,
UF-Qx-2Cl,A,-5.55,-3.89,1.29,824.0,772.0,,,,,,,,,,
UF-Qx-2F,A,-5.53,-3.84,1.32,804.0,759.0,-7.11,-2.21,2.01,615.3,18.25,-7.11,-2.21,2.01,615.3,18.25
W1,D,-5.65,-4.1,,,,,,,,,,,,,
X1-PCIC,A,-5.35,-3.77,,,,,,,,,,,,,
X-PCIC,A,-5.37,-3.79,,,,,,,,,,,,,
Y1,A,-5.45,-3.95,,,,,,,,,,,,,
Y14,A,-5.56,-4.01,,,,,,,,,,,,,
Y1-4F,A,-5.56,-4.11,,,,,,,,,,,,,
Y18,A,-5.58,-3.98,,,,,,,,,,,,,
Y18-1D,A,-5.43,-3.75,,,,,,,,,,,,,
Y19,A,-5.68,-3.95,1.308,873.0,776.0,-7.52,-2.02,2.39,455.4,11.017,-7.52,-2.02,2.39,455.4,11.017
Y2,A,-5.43,-4.04,,,,,,,,,,,,,
Y22,A,-5.69,-3.94,,,,,,,,,,,,,
Y25,A,-5.49,-4.06,,,,,,,,,,,,,
Y26,A,-5.58,-4.03,,,,,,,,,,,,,
Y3,A,-5.55,-4.01,,,,,,,,,,,,,
Y5,A,-5.55,-3.87,1.4,786.99,708.95,-7.69,-2.54,1.21,506.5,12.55,-7.69,-2.54,1.21,506.5,12.55
Y6,A,-5.65,-4.09,1.36,826.42,731.84,-7.8,-2.94,1.68,508.2,10.8,-7.8,-2.94,1.68,508.2,10.8
Y6-1O,A,-5.71,-3.84,1.43,,715.0,,,,,,,,,,
Y6-2O,A,-5.73,-3.76,1.45,,701.0,,,,,,,,,,
Y6-2Se,A,-5.58,-3.84,1.34,,745.0,,,,,,,,,,
Y6-4Cl,A,-5.74,-4.01,,845.0,746.0,,,,,,,,,,
Y6-O,A,-5.75,-3.71,1.52,768.0,702.0,-7.42,-2.12,2.46,504.8,9.767,-7.42,-2.12,2.46,504.8,9.767
Y6-Se,A,-5.63,-3.99,1.31,,745.0,,,,,,,,,,
Y6-T,A,-5.51,-3.86,,,,,,,,,,,,,
Y9,A,-5.59,-3.78,1.36,808.0,720.0,-7.35,-2.04,2.48,448.6,11.25,-7.35,-2.04,2.48,448.6,11.25
Y9-2Br,A,-5.53,-3.64,1.32,855.0,,,,,,,,,,,
YF25,A,-5.4,-3.7,,575.0,,,,,,,,,,,
YITI-0F,A,-5.59,-3.88,,,,,,,,,,,,,
YITI-2F,A,-5.6,-3.92,,,,,,,,,,,,,
YITI-4F,A,-5.61,-3.99,,,,,,,,,,,,,
Y-T,A,-5.42,-3.7,,,,,,,,,,,,,
ZITI,A,-5.56,-3.77,1.53,747.0,712.0,-7.2,-1.96,2.38,520.0,10.6,-7.2,-1.96,2.38,520.0,10.6
ZITI-C,A,-5.65,-3.81,,,,,,,,,,,,,
ZITI-N,A,-5.57,-3.82,,,,,,,,,,,,,
ZITI-S,A,-5.8,-3.87,,,,,,,,,,,,,
ZR1,D,-5.32,-3.53,,,,,,,,,,,,,
BisPDI-T-di-EG,,,,,,,-7.55,-2.1,2.46,477.6,18.3,-7.55,-2.1,2.46,477.6,18.3
BT-dIBT,,,,,,,-7.03,-1.93,2.31,537.8,47.467,-7.03,-1.93,2.31,537.8,47.467
m-4TBC-4F,,,,,,,-7.45,-2.16,2.37,523.9,12.55,-7.45,-2.16,2.37,523.9,12.55
BSCI-C2,,,,,,,-6.97,-1.48,2.58,480.1,14.75,-6.97,-1.48,2.58,480.1,14.75
PBDB-DTN,,,,,,,-6.81,-1.2,2.7,459.9,51.483,-6.81,-1.2,2.7,459.9,51.483
PbiTPD,,,,,,,-6.86,-1.44,2.51,494.3,66.583,-6.86,-1.44,2.51,494.3,66.583
