,Unnamed: 0,acceptor,donor,reference,Voc,Jsc,FF,PCE,predicted_PCE,acceptor type,Acceptor Type,core fused ring size
0,0,2FIFIC,PBDB-TF,Zhang_preparation_2020,0.8,22.4,61.5,11.34,12.24336509,sm,Fused,5
1,1,2T2Se-F,PBDB-TF,Ding_selenophene_2022,0.875,20.63,66.9,12.05,13.17130991,sm,Unfused,1
2,2,3TT-OCIC,PTB7-Th,Gao_achieving_2019,0.68,26.49,69,12.43,11.79785449,sm,Fused,8
3,3,4T-1,D18,Zhou_high-efficiency_2021,0.93,18.28,70.97,12.04,13.30468911,sm,Unfused,1
4,4,4T-1,PBDB-T,Zhou_high-efficiency_2021,0.81,17.27,72.45,10.15,11.2103733,sm,Unfused,1
6,6,4TC-4F-C8C8,PBDB-TF,Chen_a chlorinated_2020,0.95,21.66,67.6,13.89,13.49315094,sm,Fused,9
7,7,4TC-4F-C8C8,PBTIBDTT,Ouyang_improving_2020,0.9,18.61,72,12.06,12.82090769,sm,Fused,9
8,8,4TIC,PBDB-T,Gao_design_2017,0.8,20.58,66,10.87,11.14708305,sm,Fused,6
9,9,4TIC,PBDB-TF,Liu_achieving high performance_2019,0.94,18.29,70.1,12.05,12.04764365,sm,Fused,6
10,10,4TIC,PTB7-Th,Shi_design_2017,0.78,18.8,72,10.43,10.71311195,sm,Fused,6
11,11,5T-OFIC,PBDB-TF,Meng_structural_2021,0.794,24.84,68.1,13.43,13.20893688,sm,Fused,7
12,12,6-IF2F,PTB7-Th,Zhang_non-fullerene_2021,0.65,24.69,67.8,11.2,10.862246,sm,Fused,5
13,13,6-IF4F,PTB7-Th,Zhang_non-fullerene_2021,0.59,25.21,67.9,10.46,11.14794154,sm,Fused,5
15,15,6TBA,PTB7-Th,Zuo_tackling_2018,0.98,15.2,68,10.13,10.41115857,sm,Fused,8
16,16,6TIC,PBDB-T,Chen_modulation_2018,0.82,20.9,65.4,11.3,11.44817897,sm,Fused,8
17,17,6T-OFIC,PBDB-TF,Meng_structural_2021,0.782,22.69,69.6,12.35,13.2454903,sm,Fused,8
21,21,A4T-16,PTO2,Ma_completely_2021,0.952,18.7,66.5,11.8,12.59440576,sm,Unfused,1
22,22,A4T-16,J52-2F,Ma_completely_2021,0.821,18.1,69.9,10.4,12.10169767,sm,Unfused,1
23,23,A4T-16,PBDB-TF,Ma_completely_2021,0.876,21.8,79.8,15.2,13.27592562,sm,Unfused,1
25,25,A4T-23,PBDB-TF,Ma_completely_2021,0.87,21,56.8,10.4,11.94787534,sm,Unfused,1
26,26,A701,PBDB-T,Tang_low-bandgap_2020,0.92,18.27,64,10.7,13.75292208,Polymer,Y-Series,8
28,28,A702,PBDB-T,Zhang_utilizing_2021,0.9,21.93,60,11.84,13.69866521,Polymer,Y-Series,8
29,29,ABP4T-4F,PBDB-TF,Gao_asymmetric_2021,0.922,22,75.1,15.2,16.30359047,sm,Y-Series,8
31,31,a-IT-2F,PBDB-TF,Aldrich_fluorination_2019,0.92,17.3,65.7,10.38,12.55336434,sm,Fused,7
32,32,a-IT-2F,PBDB-T,Li_tuning_2019,0.78,19.06,68.84,10.28,11.69855051,sm,Fused,7
33,33,a-IT-2OM,PBDB-T,Li_tuning_2019,0.93,18.11,71.52,12.07,11.80468407,sm,Fused,7
34,34,a-ITIC-2Cl,PBDB-TF,Lai_3D_2019,0.88,18.91,73.5,12.23,12.60585645,sm,Fused,7
36,36,AOIC,J71,Jia_isomeric_2021,0.783,19.82,67.5,10.5,11.57907367,sm,Fused,8
37,37,AOIC,PTB7-Th,Jia_isomeric_2021,0.75,22.34,73.1,12.3,11.77846746,sm,Fused,8
38,38,AOIC1,PBDB-TF,Jia_isomeric_2021,0.878,21.4,63.9,12,12.74944599,sm,Fused,8
40,40,AOIC1,J71,Jia_isomeric_2021,0.819,21.65,68.3,12.1,11.67297414,sm,Fused,8
42,42,AOIC2,PBDB-TF,Jia_isomeric_2021,0.918,19.41,66.2,11.8,12.64523445,sm,Fused,8
43,43,AOIC2,J71,Jia_isomeric_2021,0.826,19.48,68.2,11,11.48377911,sm,Fused,8
47,47,AQx,PBDB-TF,Zhou_subtle_2019,0.89,22.18,67.14,13.31,16.04378329,sm,Y-Series,8
48,48,AQx-2,PBDB-TF,Zhou_subtle_2019,0.86,25.38,76.25,16.64,16.66710923,sm,Y-Series,8
49,49,AT-4Cl,PBDB-TF,Feng_new_2019,0.901,19.52,75.5,13.27,13.04097832,sm,Fused,7
50,50,AT-NC,PBDB-T,Feng_new_2019,0.919,17.11,69.4,10.91,11.63613712,sm,Fused,7
51,51,ATT1,PTB7-Th,Liu_a thieno_2016,0.87,16.48,70,10.07,10.51277849,sm,Fused,5
53,53,BCDT-4Cl,PBDB-T,He_near-infrared_2020,0.76,23.77,67,12.1,11.81912661,sm,Unfused,2
55,55,BCDT-4F,PBDB-T,Yoon_effects_2020,0.78,21.21,71,11.85,12.04710718,sm,Unfused,2
56,56,BCPDT-2,PBDB-TF,Wu_a ligand-free_2021,0.88,22.57,63.38,12.59,13.30090001,sm,Unfused,3
57,57,BCPDT-2,PBDB-T,Li_regulating_2021,0.792,22.1,71,12.4,12.15671685,sm,Unfused,3
58,58,BDCPDT-BC,PBDB-T,Chang_isomerically_2019,0.92,18.55,63.41,10.82,11.30494867,sm,Fused,7
60,60,BDCPDT-TTC,PBDB-T,Chang_new_2018,0.94,17.72,61.78,10.29,10.98960043,sm,Fused,7
62,62,BDSePhCl,PBDB-T-2Cl,Wan_benzo_2019,0.92,20.35,73.1,13.68,12.65436415,sm,Fused,7
63,63,BDSeThCl,PBDB-T-2Cl,Wan_benzo_2019,0.97,17.85,68.8,11.91,11.85824409,sm,Fused,7
65,65,BDTIT-M,PBDB-T,An_energy_2018,0.903,17.56,71.3,11.31,11.53590817,sm,Fused,7
66,66,BDTN-BF,PBDB-TF,Ma_ladder-type_2020,0.91,23.63,70.66,15.24,15.42112152,sm,Fused,7
68,68,BDTP-4F,PBDB-TF,Luo_conformation_2020,0.895,22.54,75.5,15.24,15.90290964,sm,Y-Series,8
70,70,BDTThIT-M,PBDB-T,An_energy_2018,0.942,18.03,71.4,12.12,11.88563996,sm,Fused,7
72,72,BID-4F,PBDB-TF,Chang_diflurobenzothiadiazole_2020,0.92,17.8,74.3,12.3,12.780285,sm,Fused,5
74,74,BN-0F,J51,Zhang_high-performance_2021,0.835,21.1,60.1,11,11.94912481,sm,Unfused,1
75,75,BN-2F,J51,Zhang_high-performance_2021,0.813,25.25,70.78,14.53,12.93054522,sm,Unfused,1
76,76,BN-4F,J51,Zhang_high-performance_2021,0.792,25.76,64.91,13.24,12.70554193,sm,Unfused,1
77,77,BO2FIDT-4Cl,PBDB-T-2Cl,Zhang_electron-deficient_2020,0.96,16.1,61.3,10.4,11.59167252,sm,Fused,5
78,78,BP5T-4F,PBDB-TF,Gao_asymmetric_2021,0.888,24.6,76.3,16.7,16.29215813,sm,Y-Series,9
80,80,BPF-4F,SZ5,Chai_deciphering_2020,0.846,22.1,67.4,12.6,13.83500111,sm,Y-Series,8
81,81,BPS-4F,SZ5,Chai_deciphering_2020,0.82,25.4,77.9,16.3,16.0390077,sm,Y-Series,8
82,82,BPT-4F,SZ5,Chai_deciphering_2020,0.853,24.8,79.1,16.8,14.59972483,sm,Y-Series,8
85,85,Br-ITIC,PBDB-TF,An_ternary_2019,0.937,18.53,72.7,12.63,12.97041181,sm,Fused,7
86,86,Br-ITIC,J71,An_ternary_2019,0.876,18.27,76.2,12.19,11.81360383,sm,Fused,7
89,89,BT2F-IC4F,PTQ10,Yu_modulating_2020,0.81,20.5,72.35,12.05,12.39997161,sm,Unfused,2
90,90,BT2FIDT-4Cl,PBDB-T-2Cl,Zhang_electron-deficient_2020,0.97,18.1,71.5,12.5,12.31203299,sm,Fused,5
105,105,BTA3,J52-Cl,Guo_modulating_2021,1.24,13.16,66.62,10.5,11.0973142,sm,Fused,5
108,108,BTA5,J52-2F,Wang_tuning_2020,1.17,13.8,69.82,11.27,11.61517107,sm,Fused,5
112,112,BT-BO-L4F,PBDB-T,Li_systematic_2021,0.72,26.9,57.4,11.2,14.0843279,sm,Y-Series,8
113,113,BT-BO-L4F,PBDB-TF,Li_unveiling_2021,0.861,25.92,75.09,16.76,16.31161696,sm,Y-Series,8
115,115,BTC6-2F,PBDB-T,Huang_A-D-C-D-A_2021,0.81,19.32,64.14,10.1,11.40517451,sm,Unfused,2
116,116,BTC6-4F,PBDB-T,Huang_A-D-C-D-A_2021,0.79,19.81,71.65,11.23,11.58434651,sm,Unfused,2
119,119,BT-CIC,PTB7-Th,Li_high_2017,0.7,22.5,71,11.2,11.15264835,sm,Fused,7
121,121,BTCIC-4Cl,PBDB-T-2Cl,Pang_nonfused_2020,0.75,21,66,10.5,12.53323176,sm,Unfused,2
122,122,BTCIC-4Cl,PBDB-T,Pang_nonfused_2020,0.63,23.2,69,10.2,11.47139321,sm,Unfused,2
123,123,BTCT-2Cl,PBDB-TF,Li_roles_2020,0.877,24.4,70.4,15.1,16.27718732,sm,Y-Series,8
124,124,BT-dIDT,PBDB-T,Zhang_A2-D-A1-D-A1_2020,0.87,18.59,64.8,10.52,11.64761824,sm,Fused,5
128,128,BTDTP-4F,PBDB-TF,Luo_conformation_2020,0.866,21.25,71.3,13.12,15.63767125,sm,Y-Series,9
129,129,BT-IC,J71,Li_a near-infrared_2017,0.9,17.75,65.7,10.46,10.82141837,sm,Fused,7
132,132,BTIC-2Br-m,PBDB-TF,Wang_bromination_2020,0.88,25.03,73.13,16.11,16.39287051,sm,Y-Series,8
133,133,BTIC-2Br-m,PTQ11,Sun_high_2020,0.88,24.79,74.8,16.32,15.97959552,sm,Y-Series,8
134,134,BTIC-2Cl-yCF3,PBDB-TF,Chen_17.1%_2021,0.84,25.09,76.99,16.31,16.40413667,sm,Y-Series,8
135,135,BTIC-4EO-4Br,PBDB-TF,Wang_bromination_2020,0.86,24.06,67.84,14.03,15.7284175,sm,Y-Series,8
136,136,BTIC-4F,PBDB-TF,Luo_electron-deficient_2021,0.894,20.5,65.7,12.04,12.78697195,sm,Unfused,3
139,139,BTIC-CF3-y,PBDB-TF,Lai_trifluoromethylation_2020,0.85,25.19,72.82,15.59,16.21552112,sm,Y-Series,8
140,140,BTIC-COOMe,PBDB-TF,Lai_push_2021,0.9,22.13,66.71,13.25,14.55690214,sm,Y-Series,8
141,141,BTIC-F-m,PBDB-TF,Lai_trifluoromethylation_2020,0.92,21.41,69.09,13.61,16.03040855,sm,Y-Series,8
143,143,BTIDIC,J71,Cai_effects_2021,0.861,19.8,67.4,11.5,11.78925399,sm,Fused,5
144,144,BT-LIC,PBDB-TF,Li_systematic_2021,0.85,23.5,52,10.4,14.79670766,sm,Y-Series,8
145,145,BT-LIC,PBDB-T,Li_systematic_2021,0.86,24.3,63.2,13.2,13.27082335,sm,Y-Series,8
146,146,BTN-4F,PBDB-TF,Luo_pyrrole_2021,0.816,25.05,77.3,15.82,16.47915121,sm,Y-Series,7
147,147,BTOIC,PBDB-T,Gao_near-infrared_2018,0.862,18.6,68.4,10.96,11.96524687,sm,Fused,7
148,148,BTP-1V,PBDB-T,song_fused-heterocycle_2022,0.711,26.5,66.65,12.56,14.00304447,sm,Y-Series,8
149,149,BTP-2F-2Cl,BTR-Cl,Hu_15.3%,0.8234,22.35,71.41,13.1,14.52582072,sm,Y-Series,8
150,150,BTP-2F-2Cl,PBDB-TF,Liu_asymmetric_2020,0.852,25.29,74.3,16.01,16.49309935,sm,Y-Series,8
151,151,BTP-2F-ThCl,PBDB-TF,Luo_fine-tuning_2020,0.869,25.38,77.4,17.06,16.60667467,sm,Y-Series,8
152,152,BTP-2V,PTB7-Th,Qin_non-halogenated_2021,0.661,28.2,68.48,12.77,12.76134295,sm,Y-Series,8
156,156,BTP-4Cl,PBDB-T,Ma_impact_2021,0.75,22.9,68.8,11.8,14.41846943,sm,Y-Series,8
157,157,BTP-4Cl,BTR,Qin_15.3%_2020,0.83,18.93,72,11.3,13.70963918,sm,Y-Series,8
158,158,BTP-4Cl,B1,Qin_15.3%_2020,0.83,25.27,73,15.3,14.86355523,sm,Y-Series,8
159,159,BTP-4Cl,P5T-2F,Ma_miscibility_2021,0.837,26.5,78.9,17.7,16.07450023,sm,Y-Series,8
160,160,BTP-4Cl,PBDB-TF,Ma_impact_2021,0.838,26.7,79,17.7,16.3301409,sm,Y-Series,8
162,162,BTP-6F,PBDB-TF,Xu_tuning_2020,0.81,25.9,72.8,15.3,16.15873527,sm,Y-Series,8
163,163,BTP-ClBr,PBDB-TF,Luo_altering_2020,0.906,23.48,79,16.82,16.98517408,sm,Y-Series,8
164,164,BTP-ClBr1,PBDB-TF,Luo_altering_2020,0.854,23.66,72.2,14.56,16.06446729,sm,Y-Series,8
165,165,BTP-ClBr2,PBDB-TF,Luo_altering_2020,0.845,24.97,73.6,15.54,16.42042774,sm,Y-Series,8
166,166,BTP-FCl-FCl,BTR-Cl,Hu_15.3%,0.8234,24.58,75.36,15.3,14.73788222,sm,Y-Series,8
168,168,BTP-N,PBDB-T,song_fused-heterocycle_2022,0.748,24.87,64.35,11.97,13.25055519,sm,Y-Series,8
169,169,BTP-PhC6,PBDB-TF,Chai_enahnced_2020,0.865,25,77,16.7,16.45813694,sm,Y-Series,8
170,170,BTP-PhC6,PTQ10,Chai_fine-tuning_2021,0.888,24.7,77.9,17.1,15.9318941,sm,Y-Series,8
171,171,BTP-S1,PBDB-TF,Li_asymmetric_2020,0.934,22.39,72.69,15.21,16.66385771,sm,Y-Series,8
172,172,BTP-S2,PBDB-TF,Li_asymmetric_2020,0.945,24.07,72.02,16.37,16.55909326,sm,Y-Series,8
173,173,BTP-S9,PBDB-TF,Li_unveiling_2021,0.846,26.47,78.44,17.56,16.4310623,sm,Y-Series,8
174,174,BTP-Se,PBDB-T,song_fused-heterocycle_2022,0.711,28.66,69.7,14.2,14.100312,sm,Y-Series,8
176,176,BTSe-4F,PBDB-TF,Luo_pyrrole_2021,0.811,22.52,75.4,13.79,16.22696174,sm,Y-Series,7
178,178,BTTBo-4FN,PBDB-T,Ma_non-fullerene_2021,0.84,19.56,70.47,11.6,11.67664802,sm,Fused,4
179,179,BTTIC,PBDB-T,Gao_near-infrared_2018,0.904,19.52,74.7,13.18,12.547491,sm,Fused,7
180,180,BTTPC,PBDB-T,Qin_tuning_2019,0.89,22.25,73,14.51,13.32853626,sm,Y-Series,8
181,181,BTTPC-Br,PBDB-T,Qin_tuning_2019,0.86,24.71,71,15.22,13.50920878,sm,Y-Series,8
186,186,C8-ITCC,PBDB-TF,Zhang_chlorinated_2019,1.04,16.1,63,10.8,12.02814654,sm,Fused,7
187,187,C8-ITCC-Cl,PBDB-TF,Zhang_chlorinated_2019,0.95,17.9,73,12.7,12.61281794,sm,Fused,7
188,188,C8-ITIC,PFBDB-T,Fei_an alkylated_2018,0.94,19.6,72,13.2,12.57740878,sm,Fused,7
189,189,C8-ITIC,PBDB-T,Fei_an alkylated_2018,0.87,19.7,73,12.41,11.65429069,sm,Fused,7
192,192,CH1007,PBDB-TF,Lin_a non-fullerene_2020,0.822,27.48,75.61,17.08,17.05895314,sm,Y-Series,8
193,193,CH3-2F,PBDB-T,Wang_high-performance_2021,0.77,22.76,69.85,12.28,12.39057273,sm,Unfused,2
195,195,CNDTBT-C8IDT-FINCN,PBDB-T,Kim_alkylated_2020,0.793,22.11,70.3,12.33,12.31256407,sm,Fused,5
196,196,CNDTBT-C8IDT-INCN,PBDB-T,Kim_alkylated_2020,0.863,9.35,67.2,11.22,11.86559657,sm,Fused,5
201,201,Coi8DFIC,PTB7-Th,Li_molecular_2019,0.69,27.3,71,13.8,12.88493147,sm,Fused,8
205,205,CPIC-2,PBDB-T,Yuan_near-infrared_2021,0.69,22.72,63.66,10.01,11.46380553,sm,Unfused,3
209,209,CTIC-4F,PTB7-Th,Lee_side_2019,0.7,23.36,54,10.5,11.15176603,sm,Unfused,3
215,215,DBT-4F,PBDB-T,Cao_asymmetric_2021,0.88,19.65,70.24,12.14,12.33706765,sm,Unfused,3
221,221,DF-PCIC,PBDB-T,Li_an unfused-core_2018,0.91,15.66,72,10.14,11.29463914,sm,Unfused,3
228,228,DOC2C6-IC,PBDB-T,Huang_noncovalently_2019,0.93,18.85,63.33,11.1,11.71434327,sm,Unfused,3
231,231,DTC-4F,PBDB-TF,Chen_a chlorinated_2020,0.94,20.2,70.42,13.37,13.26542347,sm,Fused,7
232,232,DTCC-BC,PBDB-T,Chang_isomerically_2019,0.98,17.22,63.62,10.74,11.68389543,sm,Fused,7
247,247,DTPC-DFIC,PTB7-Th,Yao_dithienopicenecarbazole_2018,0.76,21.92,61.3,10.21,11.08583328,sm,PDI,10
249,249,DTP-in-F,PBDB-TF,Zhao_highly_2021,0.91,18.54,63.2,10.66,11.79379372,sm,Unfused,3
252,252,DTSiC-TC,PBDB-T-2Cl,Su_elucidating_2021,1.06,14.6,70.32,10.88,11.74209742,sm,Fused,7
253,253,DTTC-4Cl,PBDB-TF,Chen_a chlorinated_2020,0.92,22.64,74.04,15.42,13.55542075,sm,Fused,9
259,259,EH-IDTBR,PfBTAZS,Chen_alkyl_2018,0.98,16.4,62,10.1,10.76153231,sm,Fused,5
260,260,EH-IDTBR,PffBT4T-2DT,Wadsworth_highly_2017,1.02,17.2,63,11.1,10.58735101,sm,Fused,5
261,261,EH-IDTBR,PvBDTTAZ,Chen_awide-bandgap_2017,1.08,16.26,63.6,11.6,11.82299578,sm,Fused,5
266,266,F-2Cl,PBDB-T,Li_concurrently_2021,0.743,18.92,73.4,10.31,11.58205168,sm,Fused,7
267,267,F-2F,PBDB-TF,Ke_the rational_2020,0.941,18.54,74.1,12.93,12.83556731,sm,Fused,7
269,269,F8IC,PTB7-Th,Cheng_efficient_2019,0.67,22.7,69.5,10.9,11.86605176,sm,Fused,8
274,274,F-Br,PBDB-T,Wang_a halogenation_2018,0.87,18.22,76,12.05,11.67302449,sm,Fused,7
275,275,F-BTA3,PBQx-TF,Cui_single-junction_2021,1.15,13.2,75.6,11.5,11.92781553,sm,Fused,5
277,277,F-Cl,PBDB-T,Wang_a halogenation_2018,0.87,17.61,75,11.47,11.78228152,sm,Fused,7
279,279,FDICTF,PBDB-T,Qiu_a new_2017,0.94,15.81,66,10.06,11.18487072,sm,Fused,7
280,280,FDICTF,PBDB-TF,Ke_the rational_2020,0.94,15.81,66,10.06,12.15406828,sm,Fused,7
281,281,FDNCTF,PBDB-T,Feng_an A-D-A_2017,0.93,16.3,72.5,11.2,11.33145492,sm,Fused,7
284,284,F-F,PBDB-T,Wang_a halogenation_2018,0.88,17.36,71,10.85,11.46654618,sm,Fused,7
288,288,F-M,PBDB-T,Zhang_nonfullerene_2018,0.98,14.56,71,10.08,11.45405254,sm,Fused,7
289,289,F-M,PBDB-TF,Meng_a tandem_2019,0.99,14.6,72.7,10.49,12.55262546,sm,Fused,7
290,290,FNIC1,PTB7-Th,Wang_effect_2018,0.774,19.97,66.4,10.3,12.13982741,sm,Fused,9
291,291,FNIC2,PTB7-Th,Wang_effect_2018,0.741,23.93,73.4,13,12.3469303,sm,Fused,9
293,293,FO-2F,PBDB-TF,Ke_the rational_2020,0.878,22.26,77,15.05,12.16771474,sm,Fused,7
294,294,FOC2C6-2FIC,PBDB-T,Feng_regulating_2020,0.87,19.66,72.1,12.36,12.03276003,sm,Unfused,3
295,295,FOC6-FIC,PBDB-T,Feng_regulating_2020,0.89,19.18,70.9,12.08,11.90673856,sm,Unfused,3
296,296,FOC6-IC,PBDB-T,Feng_regulating_2020,0.93,17.64,65.8,10.8,11.48726673,sm,Unfused,3
297,297,FOIC,PTB7-Th,Li_fused_2018,0.743,24,67.1,12,11.55630254,sm,Fused,8
299,299,FRdCN2,PTB7-Th,Suman_a fluorene_2018,0.93,16,71.9,10.7,11.01050151,sm,Unfused,3
300,300,GL1,PBDB-T,Li_concurrently_2021,0.761,22.59,66.5,11.43,11.94057821,sm,Fused,9
302,302,H2,PBDB-TF,Li_structural_2020,0.89,24.3,71.1,15.4,16.74904028,sm,Y-Series,8
303,303,H2,PBDB-T,Qin_triplet_2020,0.79,25.82,73,15.12,14.87146401,sm,Y-Series,8
304,304,H2,PBQx-TF,Cui_single-junction_2021,0.868,25.9,78.6,17.7,17.38264164,sm,Y-Series,8
306,306,HDO-4Cl,PBDB-TF,Xu_organic_2021,0.94,21.9,76,15.6,16.38550857,sm,Y-Series,8
308,308,HF-PCIC,PBDB-TF,Li_revealing_2018,0.91,17.81,70.77,11.49,12.78431184,sm,Unfused,3
311,311,IBCT,L1,Liu_an efficient_2020,1.02,15.07,73.5,11.26,12.72237547,sm,Fused,5
314,314,i-cc34,PBDB-T,Luo_side-chain_2017,0.943,16.25,65.41,10.02,11.05087684,sm,Fused,5
343,343,IDIC,PTT4FB,Liu_donor_2018,0.96,16.24,67,10.6,11.09475782,sm,Fused,5
345,345,IDIC,PBDB-TF,Li_a simple_2019,0.947,18.17,69.88,12.02,12.27525437,sm,Fused,5
347,347,IDIC,FTAZ,Lin_balanced_2018,0.84,20.8,71.8,12.5,11.48109769,sm,Fused,5
348,348,IDIC,SM,Qiu_all-small-molecule_2017,0.905,15.18,73.55,10.11,10.49102343,sm,Fused,5
349,349,IDIC,PBDB-T,Li_a simple_2019,0.819,17.27,73.6,10.41,11.21093596,sm,Fused,5
350,350,IDIC,PTQ10,Sun_a low_2018,0.969,17.81,73.6,12.7,11.6392574,sm,Fused,5
351,351,IDIC,PTZ1,Guo_high_2017,0.92,16.4,76.2,11.5,11.53190023,sm,Fused,5
353,353,IDIC-4Cl,BSCl-C2,Wu_modulation_2020,0.865,20.1,71.3,12.4,12.11917685,sm,Fused,5
356,356,IDST-4F,H13,Bin_precise_2020,0.939,17.3,63.2,10.3,11.31238661,sm,Fused,5
357,357,IDST-4F,H11,Bin_precise_2020,0.842,18.2,68.2,10.4,10.94853236,sm,Fused,5
358,358,IDST-4F,PBDB-TF,Guo_asymmetrically_2020,0.82,24.9,70,14.3,13.43378686,sm,Fused,5
359,359,IDST-4F,H14,Bin_precise_2020,0.943,18.3,70.2,12.1,11.25366372,sm,Fused,5
367,367,IDT2-IC-4Cl,PBDB-T,Shao_A-DD-A_2021,0.81,22.22,69.81,12.53,11.68129287,sm,Fused,5
372,372,IDT2Se-4F,PBDB-T,Liang_near-infrared_2018,0.79,21.49,65.9,11.19,11.83964363,sm,Fused,5
376,376,IDT6CN-M,PBDB-T,Fan_overcoming_2019,0.93,16.3,75.9,11.4,11.59921192,sm,Fused,6
377,377,IDT6CN-M,PBDB-TF,Fan_overcoming_2019,1.04,16.6,77.1,13.3,12.71551329,sm,Fused,6
378,378,IDT6CN-M,PBDB-T-2Cl,Fan_overcoming_2019,1.05,16.4,77.5,13.3,12.45071658,sm,Fused,6
389,389,IDT-EDOT,PBDB-T,Jiang_the influence_2018,0.86,21.34,62,11.32,11.70196888,sm,Fused,5
395,395,IDTN,J71,Chen_alkoxy_2021,0.88,16.7,74.4,10.9,11.18131229,sm,Fused,5
396,396,IDTN,PBDB-TF,Li_design_2017,0.94,16.58,78,12.2,12.24068011,sm,Fused,5
397,397,IDTN-O,J71,Chen_alkoxy_2021,0.91,17.2,77,12.1,11.73439707,sm,Fused,5
399,399,IDT-OB,PBDB-T,Feng_fused-ring_2017,0.88,16.18,71.1,10.12,11.44788363,sm,Fused,5
400,400,IDTOT2F,PBDB-T,Liu_nonfullerene_2018,0.85,20.87,72,12.79,11.66025507,sm,Fused,5
401,401,IDTP-4F,PBDB-TF,Yang_molecular engineering_2020,0.914,22.08,74.15,14.96,13.60416699,sm,Fused,7
406,406,IDTT-2BM,PBDB-TF,Shome_mircowave-assisted_2021,1,16.38,62.47,10.2,11.22560249,sm,Fused,7
410,410,IDTT2OT-2F,PBDB-T,Kim_synthesis_2021,0.88,17.5,65.1,10.04,11.13845865,sm,Fused,7
411,411,IDTT2OT-4F,PBDB-T,Kim_synthesis_2021,0.86,19.3,62.4,10.4,11.44579692,sm,Fused,7
412,412,IDTTA,PBDB-T,Firdaus_novel_2020,0.98,15.8,69,10.8,11.34240396,sm,Fused,7
413,413,IDTT-Br-2F,PBDB-T-2Cl,Cai_an asymmetry_2022,0.97,17.4,66.1,11.4,12.19466221,sm,Fused,7
414,414,IDTT-Br-2F,PBDB-TF,Cai_an asymmetry_2022,0.94,18.4,68.7,12.1,12.40695976,sm,Fused,7
415,415,IDTT-C8-TIC,PBT1-C,Ye_unraveling_2020,0.88,20.3,74.6,13.7,11.82359514,sm,Fused,7
416,416,IDTT-Cl-2F,PBDB-TF,Cai_asymmetric_2021,0.94,18.8,70.1,12.7,12.66847812,sm,Fused,7
417,417,IDTT-Cl-2F,PBDB-T-2Cl,Cai_asymmetric_2021,0.96,19.2,71.1,13.3,12.5077793,sm,Fused,7
420,420,IDTT-M-2F,PBDB-TF,Cai_asymmetric_2021,0.97,17.4,66.1,11.6,12.42451468,sm,Fused,7
421,421,IDTT-M-2F,PBDB-T-2Cl,Cai_asymmetric_2021,0.99,17.3,66.8,11.3,12.19144059,sm,Fused,7
424,424,IDTT-OB,PBDB-T,Li_ternary_2021,0.92,16.29,71.62,10.76,11.72902395,sm,Fused,7
427,427,IDTT-OBH,PBDB-T,Chang_fine-tuning_2018,0.87,17.46,72,10.93,11.40080752,sm,Fused,7
428,428,IDTTP-4F,PBDB-TF,Luo_conformation_2020,0.876,20.21,71.4,12.64,13.69680512,sm,Fused,8
432,432,IE-4Cl,PBDB-T,Hong_investigating_2019,0.86,21.49,60,11.1,11.57187915,sm,Fused,5
435,435,IE-4F,PBDB-T,Hong_investigating_2019,0.87,21.35,58,10.8,11.63076854,sm,Fused,5
443,443,IEICO,PBDTTT-E-T,Cui_fine-tuned_2017,0.823,18.8,66.7,10.3,10.85995757,sm,Fused,5
444,444,IEICO-4Cl,J51,Cui_efficient_2017,0.7,23.8,60.7,10.1,11.5900513,sm,Fused,5
445,445,IEICO-4Cl,PTB7-Th,Cui_efficient_2017,0.727,22.8,62,10.3,11.60143156,sm,Fused,5
449,449,IEICO-4F,PTB7-Th,Xiong_12.5%_2019,0.7,27.2,69,13.2,12.07648258,sm,Fused,5
450,450,IEICS-4F,PTB7-Th,Chen_highly_2019,0.75,25.3,69.3,13.2,12.50219307,sm,Fused,5
455,455,IFIC-i-4F,PTB7-Th,Liu_achieving_2019,0.66,23.56,65,10.03,10.83744779,sm,Fused,5
459,459,i-IEICO-2Cl,J51,Zhao_efficient_2021,0.886,19.51,66.7,11.45,11.8553402,sm,Fused,5
460,460,i-IEICO-4Cl,J51,Zhao_efficient_2021,0.857,20.62,68.76,12.16,11.69284407,sm,Fused,5
463,463,INIC1,FTAZ,Dai_fused_2017,0.929,16.63,64.3,10.1,11.9409465,sm,Fused,9
464,464,INIC2,FTAZ,Dai_fused_2017,0.903,17.56,66.8,10.8,11.68478693,sm,Fused,9
465,465,INIC3,FTAZ,Dai_effect_2018,0.873,20.2,66.4,11.7,12.04449493,sm,Fused,9
468,468,INPIC-4F,PBDB-T,Sun_Dithieno_2018,0.85,21.61,71.5,13.13,12.98476926,sm,Fused,9
470,470,IOIC2,FTAZ,Zhu_naphthodithiophene_2018,0.9,19.7,69.3,12.3,12.24501888,sm,Fused,8
471,471,IOIC3,PTB7-Th,Zhu_alkoxy_2018,0.762,22.9,74.9,13.1,12.52131139,sm,Fused,8
472,472,IOTIC-2F,PTB7-Th,Lee_design_2018,0.817,21.9,65,12.1,11.75335249,sm,Fused,5
473,473,IPIC-4Cl,PBDB-T,Geng_nonfullerene_2019,0.813,22.2,74,13.4,13.02003837,sm,Fused,9
474,474,IPT-2F,PBDB-T,Song_synergetic_2021,0.86,22.2,73,14,12.41540304,sm,Fused,7
475,475,IPT2F-Ph,PBDB-T,Cao_2D_2020,0.86,21.18,72.11,13.13,12.84688787,sm,Fused,7
476,476,IPT2F-Th,PBDB-T,Cao_2D_2020,0.86,20.44,71.2,12.52,12.73810461,sm,Fused,7
477,477,IPT2F-TT,PBDB-T,Cao_2D_2020,0.84,22.24,75.06,14.02,12.90569537,sm,Fused,7
478,478,IPTBO-4Cl,PBDB-TF,Yang_molecular engineering_2020,0.893,23.15,72.57,15,14.01619075,sm,Fused,7
479,479,IPTT-2F,PBDB-T,Yang_tuning_2019,0.874,19.7,66.2,11.4,12.35475914,sm,Fused,8
480,480,IPTTT-2F,PBDB-T,Yang_tuning_2019,0.894,20,69.3,12.3,12.34526635,sm,Fused,9
491,491,IT-4F,PDBT-2F,Huang_significant_2019,0.87,20.6,57,10.2,11.43328628,sm,Fused,7
496,496,IT-4F,PBFSF,Yang_a new_2018,0.8,21.53,60.6,10.51,11.53572751,sm,Fused,7
500,500,IT-4F,PBDT-3TCO,An_enhanced_2019,0.88,20.94,63.68,11.77,12.58425305,sm,Fused,7
501,501,IT-4F,PFOPB,Li_a wide_2019,0.89,20.4,64.5,11.7,12.45323536,sm,Fused,7
502,502,IT-4F,PBDE-TT,Li_influence_2020,0.883,19.34,65,11.1,12.18078808,sm,Fused,7
503,503,IT-4F,J101,Bin_effect_2020,0.93,18.2,67,11.1,12.30379475,sm,Fused,7
504,504,IT-4F,P_chen,Keshtov_synthesis_2020,0.91,17.47,67,10.65,12.07790285,sm,Fused,7
505,505,IT-4F,PBB-H,Wen_high-efficiency_2020,0.82,21.5,67.8,12,12.15951823,sm,Fused,7
506,506,IT-4F,DRTB-T-C4,Yang_modulating_2018,0.909,18.27,68,11.24,11.79909041,sm,Fused,7
507,507,IT-4F,PBDTS-TZNT,Feng_low-energy_2019,0.88,18.65,68.9,11.31,11.70950126,sm,Fused,7
508,508,IT-4F,PDBT-Cl,Huang_significant_2019,0.82,22.3,69,12.6,12.85660576,sm,Fused,7
509,509,IT-4F,PBN-S,Wu_a new_2019,0.891,21.03,69.9,13.1,13.22566077,sm,Fused,7
510,510,IT-4F,F1,Yao_fluorination_2020,0.933,20.6,70,13.5,12.06006168,sm,Fused,7
511,511,IT-4F,PBT-Cl,Dong_towards_2019,0.782,21.03,70,11.6,12.21297152,sm,Fused,7
512,512,IT-4F,PBT1-C,Ye_insertion_2019,0.79,19.03,70.5,10.9,12.03594258,sm,Fused,7
513,513,IT-4F,PBDB-T,Qin_reduced_2019,0.71,20.13,70.65,10.1,11.96459258,sm,Fused,7
514,514,IT-4F,PBDB-T-SF,Zhao_molecular_2017,0.88,20.88,71,13.1,13.48258441,sm,Fused,7
515,515,IT-4F,PDCBT-2F,Zhang_Fullerene-free_2016,0.92,18.2,71,11.9,12.96830464,sm,Fused,7
516,516,IT-4F,PCl4BDB-T,Wu_the_crucial_2018,0.84,20.6,71.09,12.33,12.68664235,sm,Fused,7
517,517,IT-4F,PBB-F,Wen_high-efficiency_2020,0.92,22.4,71.1,14.7,14.20418204,sm,Fused,7
518,518,IT-4F,J71-Cl,Su_nonhalogen_2019,0.93,19.2,71.5,12.8,11.81440347,sm,Fused,7
519,519,IT-4F,PCE10-2Cl,Huang_narrow_2021,0.822,18.13,71.94,10.72,12.13309482,sm,Fused,7
520,520,IT-4F,PBB-Cl,Wen_high-efficiency_2020,0.94,21.8,72.5,14.8,12.75828261,sm,Fused,7
521,521,IT-4F,PBDS-TZ,Xu_a novel_2019,0.804,20.05,73.1,12.01,12.53098164,sm,Fused,7
522,522,IT-4F,J52-Cl,Liao_fluorobenzotriazole_2019,0.79,20.76,73.5,12.1,12.18354614,sm,Fused,7
523,523,IT-4F,P2F-Ehp,Fan_fine-tuning_2018,0.891,19.65,74.09,12.96,12.61958215,sm,Fused,7
524,524,IT-4F,PBDTSF-TZNT,Feng_low-energy_2019,0.93,19.23,74.1,13.25,12.71427471,sm,Fused,7
525,525,IT-4F,J71,Hao_achieving_2019,0.803,19.58,74.2,11.66,11.83449913,sm,Fused,7
526,526,IT-4F,PBDB-TSCl,Park_high-performance_2020,0.834,21.17,74.37,13.13,13.23637492,sm,Fused,7
528,528,IT-4F,PBDE-DFDT,Li_influence_2020,0.865,21.83,75,14.16,13.8335869,sm,Fused,7
529,529,IT-4F,PTO2,Yao_14.7%_2019,0.91,21.5,75,14.7,12.94437107,sm,Fused,7
530,530,IT-4F,PBT1-C-2Cl,Ye_insertion_2019,0.85,19.04,76,12.7,12.94775353,sm,Fused,7
531,531,IT-4F,P2,Li_a wide_2018,0.9,20.73,76,14.2,13.99208231,sm,Fused,7
532,532,IT-4F,TPD-3F,Li_an electrochemically_2018,0.911,20.25,76,13.84,13.01807868,sm,Fused,7
533,533,IT-4F,PBDB-T-2Cl,zhang_over_2018,0.86,21.8,77,14.4,12.80334654,sm,Fused,7
534,534,IT-4F,PBDB-TF,Ma_high-efficiency_2020,0.858,20.2,78.9,13.7,13.06664648,sm,Fused,7
535,535,IT6-4F,PBDB-TF,Gao_an asymmetrical_2020,0.9,16.69,72.1,10.8,12.75699053,sm,Fused,6
536,536,ITBC,PBDB-T,Chang_isomerically_2019,0.94,19.9,64.51,12.07,11.60935295,sm,Fused,7
537,537,IT-BT-ICN,PBDB-TF,Shome_mircowave-assisted_2021,0.87,17.54,73.23,11.14,12.02996253,sm,Fused,7
539,539,ITC-2Cl,PBDB-TF,Luo_reduced_2019,0.91,20.1,74.1,13.6,13.00893641,sm,Fused,7
540,540,ITC6-IC,PBDB-T,Zhang_conformation_2018,0.97,16.41,73,11.61,11.88424005,sm,Fused,7
541,541,ITCC,PBDB-T,Yao_achieving_2017,1.01,15.9,71,11.4,11.0993817,sm,Fused,7
542,542,ITCC-Br,PBDB-T-2Cl,Cai_an asymmetry_2022,1.04,15.9,63.8,10.5,11.55886204,sm,Fused,7
543,543,ITCC-Br,PBDB-TF,Cai_an asymmetry_2022,0.99,16.2,64.9,10.7,11.7694484,sm,Fused,7
544,544,ITCC-Cl,PBDB-TF,Cai_asymmetric_2021,1.01,17,64.9,11.2,12.23074793,sm,Fused,7
545,545,ITCC-Cl,PBDB-T-2Cl,Cai_asymmetric_2021,1.04,16.7,65.7,11.4,11.95993133,sm,Fused,7
548,548,ITCC-M,PBDB-T,Cui_fine-tuned_2017,1.03,14.8,66.3,10.1,11.00890666,sm,Fused,7
549,549,ITCF,J71,Hao_achieving_2019,0.91,18.48,78.8,13.25,11.94951781,sm,Fused,7
553,553,ITCPTC,PTBB-m,Xue_steric_2019,0.96,18.11,70.2,12.22,12.69149221,sm,Fused,7
554,554,ITCPTC,HFQx-T,Zhang_achieving_2017,0.88,16.49,71,10.4,11.05890354,sm,Fused,7
555,555,ITCPTC,PBDB-T,Liu_achieving_2018,0.85,17.88,72.3,11.27,11.67798838,sm,Fused,7
556,556,ITCPTC,J11,Qiu_a simple_2019,0.935,18.05,73,12.32,12.37525441,sm,Fused,7
557,557,ITCPTC,PBDB-TF,Ma_adding_2020,0.964,17.285,73.8,12.31,12.65096135,sm,Fused,7
558,558,ITCPTC,J71,Luo_fine-tuning_2018,0.896,17.52,74.1,11.63,11.55432996,sm,Fused,7
559,559,ITCPTC,PBDB-ST,Xie_a novel_2017,0.95,16.5,75.1,11.8,11.95319445,sm,Fused,7
560,560,IT-DM,J71,Hao_achieving_2019,1.015,16.74,70.9,12.05,11.80318308,sm,Fused,7
561,561,IT-DM,PBDB-T,Li_energy-level_2016,0.97,16.48,71,12.5,11.85422597,sm,Fused,7
562,562,IT-DOH,PBDB-T,Liu_H-bonds-assisted_2020,0.87,18.04,70,10.4,10.89027475,sm,Fused,7
563,563,IT-DOH,PBDB-TF,Liu_H-bonds-assisted_2020,0.96,17.78,73,11,11.66140323,sm,Fused,7
564,564,IT-F,P2F-Ehp,Fan_fine-tuning_2018,0.959,16.91,61.93,10.06,12.10901797,sm,Fused,7
587,587,ITIC,PBPD-Th,Fan_high-performance nonfullerene_2017,1.01,18.1,59,10.8,11.52254866,sm,Fused,7
591,591,ITIC,PTQ10,Xu_understanding_2020,1.03,17.65,60.01,10.9,11.50170463,sm,Fused,7
595,595,ITIC,PBZ-m-CF3,Li_a trifluoromethyl_2018,0.94,18.4,60.2,10.4,11.98262947,sm,Fused,7
596,596,ITIC,PTBTz-2,Bao_high_2017,0.88,20.34,60.5,10.92,11.35756098,sm,Fused,7
599,599,ITIC,PBFZ-OP,Li_efficient_2017,0.91,18.7,61.8,10.5,11.14882747,sm,Fused,7
600,600,ITIC,J52-2F,Fan_high-performance Non-Fullerene_2017,0.9,18.8,62,10.4,11.72299149,sm,Fused,7
603,603,ITIC,PBDT-S-2TC,An_nonhalogen_2018,0.96,16.4,64.3,10.12,11.0824229,sm,Fused,7
604,604,ITIC,PTzBI,Fan_high-performance nonfullerene polymer_2017,0.87,18.29,64.34,10.24,11.13748046,sm,Fused,7
611,611,ITIC,PBDTS-TDZ,Xu_realizing_2018,1.1,17.78,65.4,12.8,12.38839276,sm,Fused,7
612,612,ITIC,PDCBT,Qin_highly_2016,0.94,16.5,65.67,10.16,10.91672816,sm,Fused,7
614,614,ITIC,PBDTS-TZNT,Feng_low-energy_2019,0.94,16.92,65.7,10.45,11.29290992,sm,Fused,7
616,616,ITIC,PFBDB-T,Fei_an alkylated_2018,0.95,18.5,66,11.71,12.32073651,sm,Fused,7
617,617,ITIC,asy-PBDBTN,Li_crystalline_2017,0.942,16.81,66.3,10.5,11.17960655,sm,Fused,7
620,620,ITIC,PBDT-Se-TAZ,Li_highly_2018,0.81,18.63,66.7,10.07,10.85148366,sm,Fused,7
621,621,ITIC,PBQ-4F,Zheng_efficient_2017,0.95,17.87,66.8,11.34,11.4866233,sm,Fused,7
622,622,ITIC,PBDT-TDZ,Xu_realizing_2018,1.01,17.15,67.7,11.72,12.39878771,sm,Fused,7
623,623,ITIC,PBDTTAZ-NaPh,Liu_an effective_2018,0.936,18.21,67.8,11.56,11.59215966,sm,Fused,7
626,626,ITIC,PBTA-PS,Li_high-efficiency_2019,0.94,18.23,69.19,11.85,12.28286565,sm,Fused,7
627,627,ITIC,TTFQx-T1,Xu_optimizing_2018,0.9,16.8,69.24,10.52,11.42361924,sm,Fused,7
628,628,ITIC,J71,Bin_11.4%_2016,0.94,17.32,69.77,11.41,11.31361865,sm,Fused,7
629,629,ITIC,PBDTS-NQx,Yu_wide_2017,0.92,17.86,69.8,11.47,11.13723417,sm,Fused,7
630,630,ITIC,PTFB-O,Li_donor_2016,0.92,15.5,70,10.13,10.72996737,sm,Fused,7
631,631,ITIC,J60,Huang_effect_2018,0.915,16.85,70.09,10.81,11.37077145,sm,Fused,7
632,632,ITIC,J52-Cl,Liu_chlorinated_2018,0.956,17.17,70.2,11.53,11.57084271,sm,Fused,7
633,633,ITIC,PBDTSF-TZNT,Feng_low-energy_2019,0.98,17.58,70.6,12.16,11.99520329,sm,Fused,7
634,634,ITIC,PTZ6,Guo_novel_2017,1.01,14.1,72.3,10.3,11.02115345,sm,Fused,7
635,635,ITIC,J81,Bin_medium_2017,0.95,15.27,73.1,10.6,10.6781753,sm,Fused,7
636,636,ITIC,J100,Wang_a wide-bandgap_2019,0.951,17.7,73.65,12.47,11.86644022,sm,Fused,7
637,637,ITIC,m-PBDTPS-FTAZ,Chen_revealing_2019,0.95,18.76,73.85,13.16,12.51220167,sm,Fused,7
638,638,ITIC,PBDB-T,Zhao_Fullerene-Free_2016,0.899,16.81,74.2,11.21,11.51715573,sm,Fused,7
639,639,ITIC,PBTA-PSF,Li_high-efficiency_2019,1.01,18.51,74.4,13.91,13.07118218,sm,Fused,7
640,640,ITIC,PBDTS-Se-TAZ,Li_highly_2018,0.84,19.51,75.1,12.31,12.16072131,sm,Fused,7
643,643,ITIC1,J71,Li_isomeric_2017,0.92,17.3,65.5,10.5,11.11429392,sm,Fused,7
644,644,ITIC1,PBDB-T,Kan_small-molecule_2017,0.868,17.85,67.2,10.42,11.25194179,sm,Fused,7
645,645,ITIC2,FTAZ,Wang_enhancing_2017,0.92,18.63,63,11,11.51247136,sm,Fused,7
646,646,ITIC-2Cl-beta,PBDB-TF,Lai_3D_2019,0.94,18.47,64.63,11.21,12.23378097,sm,Fused,7
647,647,ITIC-3F,PBDB-TF,Aldrich_fluorination_2019,0.89,19.4,66.5,11.44,12.39428254,sm,Fused,7
649,649,ITIC-4Cl,PCE10-2F,Su_efficient_2019,0.76,18.8,73.9,10.7,12.4527089,sm,Fused,7
650,650,ITIC-4Cl,PBDB-T-2Cl,Zhang_fluorination_2018,0.81,22.01,74,13.37,12.81351667,sm,Fused,7
651,651,ITIC-4Cl,PBDB-TF,zhang_over_2018,0.79,22.67,75.2,13.45,13.01117873,sm,Fused,7
652,652,ITIC5,J71,Yan_enhancing_2018,0.897,18.48,75.5,12.5,11.38403944,sm,Fused,7
653,653,ITIC-6F,PBDB-TF,Aldrich_fluorination_2019,0.82,21.6,67.4,11.89,12.63511307,sm,Fused,7
661,661,ITIC-Th,PTFB-O,Hu_influence_2018,0.93,17.1,67.9,10.9,10.8057684,sm,Fused,7
662,662,ITIC-Th,PB24-3TDC,An_A1-A2_2019,0.902,16.8,68,10.3,11.08357147,sm,Fused,7
667,667,ITIC-Th1,PDCBT-F,Wang_carboxylate_2019,0.93,17.52,66.2,10.85,11.48072851,sm,Fused,7
668,668,ITIC-Th1,PDCBT-Cl,Wang_carboxylate_2019,0.94,18.5,71.2,12.38,12.05723812,sm,Fused,7
669,669,ITIC-Th1,FTAZ,Li_enhancing_2018,0.849,19.33,73.73,12.1,11.58396881,sm,Fused,7
671,671,ITIC-Th3,FTAZ,Li_enhancing_2018,0.962,16.34,68.33,10.7,11.27919374,sm,Fused,7
675,675,IT-M,PB3T,Liu_molecular_2017,1,18.9,63,11.9,12.23832711,sm,Fused,7
677,677,IT-M,PBDB-BzT,Qin_a polymer_2018,0.96,17.97,70,12.1,12.33354568,sm,Fused,7
678,678,IT-M,PDTF-TZNT,Tang_naphthobistriazole_2018,0.8,17.33,72.5,10.05,12.17599872,sm,Fused,7
679,679,IT-M,PBDB-T,Li_energy-level_2016,0.94,17.44,74,12.05,11.82397547,sm,Fused,7
680,680,IT-M,PBDB-TF,Li_a high-efficiency_2018,0.87,20.38,77,13.7,12.88210877,sm,Fused,7
682,682,ITN-C9,PDCBT,Chang_fine-tuning_2018,0.88,17.15,68.6,10.35,11.00811792,sm,Fused,7
683,683,ITN-C9,J71,Chang_fine-tuning_2018,0.9,17.77,69.1,11.05,11.35002175,sm,Fused,7
687,687,ITOIC-2F,PBDB-T,Liu_enhancing_2018,0.897,21.04,64.5,12.17,11.60300875,sm,Fused,5
688,688,ITOIC-F,PBDB-T,Liu_enhancing_2018,0.946,18.6,60.5,10.65,11.33019912,sm,Fused,5
690,690,IT-OM-2,PBDB-T,Li_significant_2017,0.93,17.53,73,11.9,11.60921209,sm,Fused,7
691,691,IT-OM-3,PBDB-T,Li_significant_2017,0.97,16.38,68,10.8,11.62595523,sm,Fused,7
696,696,IUIC,PTB7-Th,Jia_breaking_2018,0.796,21.74,64.9,11.2,11.41625898,sm,Fused,11
697,697,IXIC-2Cl,PBDB-T,Chen_modulation_2018,0.73,23.6,70.9,12.2,12.0220509,sm,Fused,8
698,698,IXIC-4Cl,PTB7-Th,Gao_achieving_2019,0.65,26.67,69,11.96,11.72517499,sm,Fused,8
699,699,IXIC-4Cl,PBDB-T,Chen_modulation_2018,0.69,22.9,71.2,11.2,11.91685001,sm,Fused,8
704,704,LL2,PBDB-T,Lu_high-efficiency_2021,0.82,26.05,70.87,15.18,16.02632311,sm,Y-Series,8
705,705,LL3,PBDB-T,Lu_high-efficiency_2021,0.86,26.97,72.27,16.82,15.67736574,sm,Y-Series,8
709,709,m-BTP-PhC6,PTQ10,Fan_synergistic_2021,0.841,26.95,78.3,17.74,16.61001701,sm,Y-Series,8
710,710,m-DTC-2Cl,PTQ10,Qin_non-halogenated_2021,0.992,16.67,73.42,12.14,12.59197803,sm,Fused,7
712,712,MeIC,J71,Luo_fine-tuning_2018,0.918,18.41,74.2,12.54,11.93236385,sm,Fused,7
714,714,m-IDTIDT-FIC,J71,Wu_a decacyclic_2019,0.92,18.01,68.3,11.32,12.02677438,sm,Fused,10
715,715,m-INPOIC,PBDB-T,Feng_molecular_2019,0.846,19,66.1,10.6,12.33602859,sm,Fused,9
721,721,m-ITIC,J91,Xue_side_2017,0.98,18.03,65.5,11.63,11.66344449,sm,Fused,7
722,722,m-ITIC,2T-TTC-BDTFT,Chen_backbone_2019,0.97,16.57,69.37,11.15,11.54075753,sm,Fused,7
723,723,m-ITIC,J81,Bin_medium_2017,0.96,16.48,69.8,11.05,10.98122727,sm,Fused,7
724,724,m-ITIC,P-FT,Zheng_achieving_2021,0.924,17.64,70.1,11.43,11.35740908,sm,Fused,7
725,725,m-ITIC,J71,Bin_effect_2018,0.94,18.09,70.6,12.05,11.61369737,sm,Fused,7
726,726,m-ITIC,J60,Yang_side-chain_2016,0.91,18.31,71,11.77,11.66329831,sm,Fused,7
727,727,m-ITIC,P-CIT,Zheng_benzo_2021,0.92,16.7,71.56,11.04,11.23945582,sm,Fused,7
728,728,m-ITIC-OR-4Cl,BO2FC8,Lin_enhancing_2019,0.83,20.2,63.3,11,11.52933702,sm,Fused,7
729,729,MO-IDIC,PTQ10,Li_simplified_2019,0.969,16.92,68.1,11.16,12.07429912,sm,Fused,5
730,730,MO-IDIC-2F,PTQ10,Li_simplified_2019,0.906,19.87,74.8,13.46,12.51545625,sm,Fused,5
731,731,MS-4Cl,PBDB-T,Ma_dodecacyclic_2021,0.81,20.3,71.2,11.79,13.63590569,sm,Y-Series,12
732,732,MS-4F,PBDB-T,Ma_dodecacyclic_2021,0.85,19.61,70.59,11.75,13.66710287,sm,Y-Series,12
740,740,N65-2FIC,PBDB-TF,Hu_axisymmetric_2020,0.82,21.49,58,10.19,12.88206163,sm,Fused,8
747,747,NBDTP,PBDB-T,Wu_a designed_2017,0.937,15.72,66.4,10.1,10.19433366,sm,Fused,5
748,748,NCBDT,PBDB-T,Kan_fine-tuning_2018,0.839,20.33,71,12.12,11.78163587,sm,Fused,7
749,749,NCBDT-4Cl,PBDB-T-SF,Kan_a chlorinated_2018,0.851,22.35,74.3,14.1,13.48342933,sm,Fused,7
750,750,NCIC,PBDB-TF,Gao_non-fullerene_2021,0.879,17.53,66.7,10.32,11.89829487,sm,Unfused,3
754,754,NIBT,PBDB-T,Kolhe_designing_2020,1.04,17.34,60,10.8,11.31586003,sm,Fused,5
757,757,NITI-Sse,PBDB-T,Zhou_molecular_2021,0.91,19.41,70,12.49,11.94054189,sm,Fused,4
758,758,NITT-BF,PBDB-TF,Ming_napthalene_2021,0.94,18.08,72.38,12.3,12.87124523,sm,Fused,8
761,761,NNBDT,PBDB-TF,Meng_a tandem_2019,0.86,20.07,69.7,12.03,12.53083584,sm,Fused,7
762,762,NNBDT,PBDB-T,Kan_ternary_2018,0.88,18.63,71.7,11.7,11.63031621,sm,Fused,7
763,763,NOBDT,PTB7-Th,Zhang_nonfullerene_2018,0.77,19.16,70,10.26,10.9919879,sm,Fused,7
764,764,NoCA-1,J51,Zhang_side-chain_2021,0.769,24.69,61.69,11.71,12.17136219,sm,Unfused,3
765,765,NoCA-5,J51,Zhang_side-chain_2021,0.814,26.02,69.96,14.82,13.08159847,sm,Unfused,3
773,773,o-4TBC-4F,PBDB-T,Chen_a fully_2020,0.76,20.48,65.7,10.26,11.90138968,sm,Unfused,2
774,774,o-BTP-PhC6,PTQ10,Chai_fine-tuning_2021,0.924,22.8,76.2,16,16.27901081,sm,Y-Series,8
776,776,o-DOC6-2F,PBDB-T,Hou_noncovalently_2020,0.89,18.58,71.84,11.87,12.08019371,sm,Unfused,3
779,779,o-IO1,PTB7-Th,Lee_bandgap_2020,0.74,26.3,67,13.1,12.00406281,sm,Fused,5
783,783,O-NTNC,PBDB-T,Feng_synergistic_2018,0.942,15.98,73.4,11,11.30638671,sm,Fused,6
788,788,p-DOC6-2F,PBDB-T,Huang_noncovalently_2019,0.85,21.35,73.15,13.24,12.29705306,sm,Unfused,3
791,791,PF2-DTSi,PBDB-TF,Fan_mechanically_2020,0.99,16.48,66.1,10.77,11.1875289,Polymer,Polymer,
793,793,PF3-DTCO,PBDB-TF,Fan_10.3%_2020,0.943,15.75,68.2,10.13,11.40091238,Polymer,Polymer,
794,794,PFA1,PTzBI-oF,Peng_a universal_2020,0.87,23.96,72.67,15.11,14.96475683,Polymer,Polymer,
812,812,p-IO1,PTB7-Th,Lee_bandgap_2020,0.78,22.3,62,10.8,11.74947276,sm,Fused,5
813,813,PIST-4F,PBDB-TF,Lin_noncovalently_2021,0.87,21.9,72,13.8,13.1597455,sm,Fused,5
815,815,PJ1-H,PBDB-T,Jia_14.4%_2020,0.9,22.3,70,14.4,14.17466735,Polymer,Polymer,
817,817,PN1,PBDB-TF,Wu_all-polymer_2019,1,15.2,69,10.5,12.28908119,Polymer,Polymer,
818,818,PT2IC-4Cl,PBDB-TF,Xia_fine-tuning_2021,0.834,20.7,72.37,12.51,15.48824061,sm,Y-Series,9
819,819,PTB4Cl,PBDB-TF,Wen_simple_2021,0.93,19.01,72.17,12.76,12.9776305,sm,Unfused,2
821,821,PTIC,PBDB-TF,Yu_simple_2019,0.93,16.73,66,10.27,12.5241769,sm,Unfused,2
822,822,PTIC-4Cl,PBDB-TF,Xia_fine-tuning_2021,0.86,23.3,73.89,14.81,15.6566963,sm,Y-Series,8
825,825,PT-IDTTIC,PBDB-TF,Yao_all-polymer_2020,0.97,17.96,67,12.06,12.56355612,Polymer,Polymer,
829,829,PY5-2TZ,PBDB-T,Zhou_introducing_2021,0.894,20.82,68.4,12.73,13.43620955,Polymer,Polymer,
831,831,PY5-BTZ,PBDB-T,Zhou_introducing_2021,0.922,22.61,71.1,14.82,14.28487838,Polymer,Polymer,
832,832,PY5-PZ,PBDB-T,Zhou_introducing_2021,0.893,19.91,68.2,12.1,12.84227299,Polymer,Polymer,
833,833,PYTT-1,PBDB-T,Wang_highly_2021,0.93,20.66,70.35,13.54,13.92012084,Polymer,Polymer,
834,834,PYTT-2,PBDB-T,Wang_highly_2021,0.91,22,71.53,14.32,14.45941643,Polymer,Polymer,
835,835,PYTT-3,PBDB-T,Wang_highly_2021,0.82,21.99,68.47,12.41,13.88577076,Polymer,Polymer,
836,836,PZ1,PBDB-TF,Meng_11.2%_2019,0.96,17.1,68.2,11.2,12.02345054,Polymer,Polymer,
838,838,PZ-dIDTC6,PBDB-TF,Zhang_designing_2021,0.94,15.49,75,10.91,12.01968624,sm,Fused,5
840,840,QCIC3,PBDB-T,Ye_synergistic_2021,0.816,19.39,66.9,10.55,11.64076217,sm,Unfused,3
841,841,QOC6-4Cl,PBDB-T,Huang_facile_2021,0.782,22.91,69.01,12.32,12.1176082,sm,Unfused,3
848,848,R10-4Cl,PBDB-T,Qu_multiple_2019,0.85,18.9,66.6,10.7,11.60562355,sm,Fused,10
851,851,SeCT-IC,J71,Liu_modulating_2021,0.889,18.09,67.69,10.89,11.04947158,sm,Fused,7
854,854,SeTIC4Cl,PBDB-TF,Wang_selenopheno_2018,0.78,22.92,75,13.32,12.99063039,sm,Fused,7
856,856,SFBRCN,PTB7-Th,Zhang_efficient_2017,0.9,17.25,65.2,10.12,10.44830896,sm,Unfused,3
864,864,SN6IC-4F,PBDB-T,Huang_highly_2018,0.78,23.2,73,13.2,13.63615121,sm,Fused,6
865,865,SNBDT1-F,PBDB-T,Zeng_significantly_2020,0.86,20.97,70.4,12.7,13.08366185,sm,Fused,7
873,873,S-WSeSe-Cl,PBDB-TF,Yang_a synergistic_2021,0.828,26.35,73.41,16.01,16.91308548,sm,Y-Series,8
874,874,SY1,PBDB-TF,Liu_asymmetric_2020,0.871,25.41,76,16.83,16.7149582,sm,Y-Series,8
875,875,SY3,PBDB-TF,Liu_asymmetric_2020,0.858,25.54,74.1,16.23,16.61363099,sm,Y-Series,8
876,876,TB-4Cl,PBDB-TF,Xia_fine-tuning_2021,0.835,23.2,74.56,14.45,15.86707598,sm,Y-Series,7
878,878,TfIF-4FIC,PBDB-TF,Liu_15%_2019,0.98,17.6,76,13.1,13.43035841,sm,Fused,9
885,885,TPDC-4F,PBDB-TF,Luo_electron-deficient_2021,0.852,22.19,70.6,13.35,13.04326917,sm,Unfused,3
886,886,TPDCIC,PBDB-T,Geng_non-fullerene_2019,0.83,18.16,67.14,10.12,11.19260104,sm,Unfused,3
888,888,TPIC,PBDB-T-2Cl,Ma_understanding_2020,1.003,18.51,71.11,13.2,13.07128041,sm,Fused,7
889,889,TPIC-4Cl,PBDB-T-2Cl,Ma_understanding_2020,0.885,22.89,75.7,15.4,13.7841176,sm,Fused,7
890,890,TPIC-4F,PBDB-T-2Cl,Ma_understanding_2020,0.901,22.35,74.2,14.9,13.80875615,sm,Fused,7
891,891,TPQ-Cl,PBDB-TF,Sun_fused-ring_2021,0.837,25.19,62.99,13.28,14.68127955,sm,Y-Series,8
892,892,TPQ-F,PBDB-TF,Sun_fused-ring_2021,0.857,23.7,66.5,13.51,14.83975368,sm,Y-Series,8
894,894,TPQx-6F,PBDB-TF,Zhao_fine-tuning_2020,0.92,22.37,72.16,14.62,15.48257284,sm,Y-Series,8
896,896,TPTT-2F,PBT1-C,Song_extension_2018,0.881,15.82,73,10.17,11.44753222,sm,Fused,6
897,897,TPTTT-2F,PBT1-C,Song_extension_2018,0.916,17.63,74.5,12.03,11.65808399,sm,Fused,7
898,898,TSeTIC,PBDB-TF,Liu_achieving high performance_2019,0.93,19.42,75.9,13.71,13.38871565,sm,Fused,7
902,902,TTPTTT-2F,PBT1-C,Li_high-performance_2019,0.92,16.78,74.6,11.52,11.90159437,sm,Fused,8
903,903,TTPTTT-4F,PBT1-C,Li_high-performance_2019,0.863,19.36,72.1,12.05,12.19529713,sm,Fused,8
907,907,UF-Qx-2Cl,J51,Chang_the_design_2022,0.76,22.71,63.09,10.81,11.28904071,sm,Unfused,3
908,908,UF-Qx-2F,J51,Chang_the_design_2022,0.78,21.64,62.12,10.54,11.3939018,sm,Unfused,3
909,909,X1-PCIC,PBDB-T,Li_near-infrared_2019,0.85,17.97,66.82,10.17,10.80740584,sm,Unfused,3
910,910,X-PCIC,PBDB-T,Li_near-infrared_2019,0.84,21.8,62.51,11.5,11.26055477,sm,Unfused,3
912,912,Y1,PBDB-T,Yuan_enabling_2019,0.87,22.44,69.1,13.42,12.95063234,sm,Y-Series,8
914,914,Y14,PTB7-Th,Luo_semitransparent_2019,0.788,21.28,62.24,10.44,12.46060358,sm,Y-Series,8
915,915,Y14,PBDB-T,Luo_semitransparent_2019,0.798,26.15,71.48,14.92,13.79271479,sm,Y-Series,8
917,917,Y1-4F,PBDB-TF,Liu_high-efficiency_2020,0.833,26.74,74.33,16.54,15.11370711,sm,Y-Series,8
918,918,Y18,PBDB-TF,Zhang_a disorder-free_2020,0.84,24.91,76.4,16.02,16.00251945,sm,Y-Series,8
919,919,Y18-1D,P_chen,Chen_indole-based_2020,0.84,24.53,74,15.25,15.90329188,sm,Y-Series,8
920,920,Y19,PBDB-T,Lu_high-efficiency_2021,0.79,26.96,67.7,14.4,14.03024309,sm,Y-Series,8
921,921,Y19,PBDB-TF,Cao_a new_2020,0.88,22.38,68.18,12.76,15.81468471,sm,Y-Series,8
922,922,Y2,PBDB-T,Yuan_enabling_2019,0.82,23.56,69.4,13.4,13.07732622,sm,Y-Series,8
923,923,Y22,J71,Cai_an asymmetric_2020,0.806,21.7,62.27,10.89,12.50241943,sm,Y-Series,7
924,924,Y22,QX2,Cai_an asymmetric_2020,0.785,23.76,68.07,12.69,13.06576562,sm,Y-Series,7
925,925,Y22,PBDB-TF,Cai_an asymmetric_2020,0.853,24.37,74.12,15.4,15.67076058,sm,Y-Series,7
926,926,Y25,PBDB-TF,Song_over_2021,0.8,20.19,72.14,11.65,14.41025125,sm,Y-Series,6
927,927,Y26,PBDB-TF,Song_over_2021,0.83,21.63,74.33,13.34,15.05742108,sm,Y-Series,6
929,929,Y5,J60,Yuan_fused_2019,0.9,21.1,58.3,11,12.6720197,sm,Y-Series,12
930,930,Y5,TTFQx-T1,Yuan_fused_2019,0.89,21.2,69.6,13.1,13.97938804,sm,Y-Series,11
931,931,Y5,PBDB-T,Yuan_fused_2019,0.88,22.8,70.2,14.1,13.7179802,sm,Y-Series,10
932,932,Y5,PBDB-TF,Cui_single-junction_2020,0.839,26.2,81.1,17.8,15.28264164,sm,Y-Series,9
944,944,Y6,PTQ9,Sun_achieving_2019,0.82,23.72,54,10.5,14.98972557,sm,Y-Series,8
947,947,Y6,3BDT-5,Yang_achieving_2022,0.84,21.3,58.1,10.4,12.2973386,sm,Y-Series,8
948,948,Y6,J52-Cl,Tang_molecular_2019,0.84,23.77,61.44,12.31,14.08593889,sm,Y-Series,8
949,949,Y6,TPD-3F,Wu_to fluorinate_2021,0.87,21.07,62.2,11.4,15.08758523,sm,Y-Series,8
950,950,Y6,BTR-Cl,Chen_all-small-molecule_2019,0.86,24.17,62.5,13.61,14.38699476,sm,Y-Series,8
951,951,Y6,BTR,Liu_mixed_2021,0.796,22.1,64.49,11.34,13.75045544,sm,Y-Series,8
952,952,Y6,P-FT,Zheng_achieving_2021,0.745,21.87,65.12,10.61,12.41475894,sm,Y-Series,8
953,953,Y6,Qx-10F,Wang_precise_2021,0.779,24.83,65.84,12.75,14.28191563,sm,Y-Series,8
954,954,Y6,PbiTPD,Zhao_bithieno_2020,0.83,25.6,66.7,14.2,14.67568909,sm,Y-Series,8
955,955,Y6,PIDTTDTffBTA,Li_indacenodithieno_2019,0.74,22.7,66.73,11.05,12.43531064,sm,Y-Series,8
956,956,Y6,SM,Qiu_highly_2020,0.805,23.59,67,12.72,13.39345174,sm,Y-Series,8
957,957,Y6,SM1-S,Qiu_highly_2020,0.825,23.23,67.7,12.94,13.3595928,sm,Y-Series,8
958,958,Y6,ZR1,Zhou_all-small-molecule_2019,0.861,24.34,68.44,14.34,14.12923881,sm,Y-Series,8
959,959,Y6,PTPD,Wu_to fluorinate_2021,0.83,26.7,68.5,15.2,13.97331007,sm,Y-Series,8
960,960,Y6,BSFTR,Yue_13.7%_2019,0.85,23.16,69.66,13.69,14.58290714,sm,Y-Series,8
961,961,Y6,SM1-F,Qiu_highly_2020,0.866,23.25,69.9,14.07,13.89025637,sm,Y-Series,8
962,962,Y6,P-CIT,Zheng_benzo_2021,0.77,19.71,70.12,10.64,12.07271379,sm,Y-Series,8
963,963,Y6,P-4FP,Zheng_benzo_2021,0.8,22.61,70.28,12.71,13.32271105,sm,Y-Series,8
964,964,Y6,P-FP,Zheng_achieving_2021,0.815,23.27,70.37,13.34,13.26683787,sm,Y-Series,8
965,965,Y6,W1,Wang_a 2.16eV_2019,0.88,25.87,70.7,16.16,16.49679899,sm,Y-Series,8
966,966,Y6,Qx-12F,Wang_precise_2021,0.847,24.55,72.88,15.21,15.59614064,sm,Y-Series,8
967,967,Y6,PBBSe-Cl,Chao_enhanced_2020,0.82,24.07,73.16,14.44,15.75953632,sm,Y-Series,8
968,968,Y6,PBDB-T-2Cl,Ma_improving_2020,0.882,25.605,73.3,17.037,15.93191051,sm,Y-Series,8
969,969,Y6,P2F-Ehp,Fan_achieving_2019,0.81,26.68,74.11,16.02,15.39258896,sm,Y-Series,8
970,970,Y6,PBCT-2F,Yuan_a donor_2021,0.85,27.2,74.3,17.1,17.17613822,sm,Y-Series,8
971,971,Y6,L1,Xiong_thiolactone_2019,0.85,25.41,74.9,16.22,16.18218609,sm,Y-Series,8
972,972,Y6,PE4,Tang_molecular_2019,0.84,22.21,75.43,14.02,14.877438,sm,Y-Series,8
973,973,Y6,PTQ10,Fan_synergistic_2021,0.831,26.28,78.4,17.13,15.40332929,sm,Y-Series,8
974,974,Y6,D18,Jin_D18_2021,0.86,27.44,78.5,18.56,17.08514507,sm,Y-Series,8
975,975,Y6,PBDB-TF,Meng_18.77%_2021,0.89,26.37,79.94,18.77,16.44421548,sm,Y-Series,8
976,976,Y6-1O,PBDB-TF,Chen_asymmetric_2021,0.89,23.2,78.3,16.1,16.55612868,sm,Y-Series,8
977,977,Y6-2Se,PBDB-TF,Yu_tailoring_2020,0.83,24.32,70,14.94,16.0969107,sm,Y-Series,8
978,978,Y6-O,PBDB-TF,Chen_alkoxy_2022,0.95,22.4,78,16.6,16.67685298,sm,Y-Series,8
979,979,Y6-Se,PBDB-TF,Yu_tailoring_2020,0.82,25.47,75,16.02,16.50135719,sm,Y-Series,8
980,980,Y6-Se,D18,Zhang_selenium_2020,0.839,27.98,75.3,17.7,17.27442911,sm,Y-Series,8
983,983,Y9,PBDB-T,Luo_a new_2020,0.9,23.28,63,13.26,13.4719203,sm,Y-Series,8
984,984,Y9-2Br,PBDB-T,Zhang_bromination_2021,0.84,21.38,67.11,12.05,13.85140547,sm,Y-Series,8
987,987,YITI-2F,PBDB-T,Yue_design_2018,0.928,15.54,69.69,10.05,11.02849744,sm,Fused,4
990,990,ZITI,J71,Liu_design_2018,0.93,20.37,69.49,13.24,13.01037377,sm,Fused,8
991,991,ZITI,J100,Wang_a wide-bandgap_2019,0.937,21.25,72.48,14.43,13.72541793,sm,Fused,8
992,992,ZITI,PBDB-T,Liu_design_2018,0.89,19.8,74.04,13.03,12.80815016,sm,Fused,8
993,993,ZITI-C,J71,Zhang_revealing_2019,0.851,21.3,72.76,13.18,12.76576786,sm,Fused,8
995,995,ZITI-N,J71,Zhang_revealing_2019,0.876,21.78,72,13.68,12.60581892,sm,Fused,8
997,997,ZITI-S,PTQ10,Zhang_accurate_2020,0.96,16.94,65.75,10.69,11.86989607,sm,Fused,8
