Reported Acceptor,acceptor filename shortened chains,donor filename shortened chains,Reported Donor ,Reference,Voc (V),Jsc (mA/cm^2),FF (%),PCE (%),Class,acceptor type,acceptor class,core fused ring size,donor
2FIFIC,2FIFIC,PBDB-TF,PBDB-TF,Zhang_preparation_2020,0.8,22.4,61.5,11.34,,sm,fused,5,
2T2Se-F,2T2Se-F,PBDB-TF,PBDB-TF,Ding_selenophene_2022,0.875,20.63,66.9,12.05,polymer/SM,sm,unfused,1,
3TT-OCIC,3TT-OCIC,PTB7-Th,PTB7-Th,Gao_achieving_2019,0.68,26.49,69,12.43,,sm,fused,8,
4T-3,4T-1,D18,D18,Zhou_high-efficiency_2021,0.93,18.28,70.97,12.04,,sm,unfused,1,
4T-3,4T-1,PBDB-T,PBDB-T,Zhou_high-efficiency_2021,0.81,17.27,72.45,10.15,,sm,unfused,1,
CZTT-4F,4TC-4F-C8C8,PBDB-T,PBDB-T,Wang_nonacyclic_2019,0.88,19.06,58.47,9.81,,sm,fused,9,
DTTC-4F,4TC-4F-C8C8,PBDB-TF,PBDB-TF,Chen_a chlorinated_2020,0.95,21.66,67.6,13.89,,sm,fused,9,
4TC-4F-C8C8,4TC-4F-C8C8,PBTIBDTT,PBTIBDTT,Ouyang_improving_2020,0.9,18.61,72,12.06,,sm,fused,9,
TTIC,4TIC,PBDB-T,PBDB-T,Gao_design_2017,0.8,20.58,66,10.87,,sm,fused,6,
TTIC,4TIC,PBDB-TF,PBDB-TF,Liu_achieving high performance_2019,0.94,18.29,70.1,12.05,,sm,fused,6,
4TIC,4TIC,PTB7-Th,PTB7-Th,Shi_design_2017,0.78,18.8,72,10.43,,sm,fused,6,
5T-OFIC,5T-OFIC,PBDB-TF,PBDB-TF,Meng_structural_2021,0.794,24.84,68.1,13.43,,sm,fused,7,
6-IF2F,6-IF2F,PTB7-Th,PTB7-Th,Zhang_non-fullerene_2021,0.65,24.69,67.8,11.2,,sm,fused,5,
6-IF4F,6-IF4F,PTB7-Th,PTB7-Th,Zhang_non-fullerene_2021,0.59,25.21,67.9,10.46,,sm,fused,5,
6-IFIC,6-IFIC,PTB7-Th,PTB7-Th,Zhang_non-fullerene_2021,0.69,22.35,61.4,9.74,,sm,fused,5,
6TBA,6TBA,PTB7-Th,PTB7-Th,Zuo_tackling_2018,0.98,15.2,68,10.13,,sm,fused,8,
IXIC,6TIC,PBDB-T,PBDB-T,Chen_modulation_2018,0.82,20.9,65.4,11.3,,sm,fused,8,
6T-OFIC,6T-OFIC,PBDB-TF,PBDB-TF,Meng_structural_2021,0.782,22.69,69.6,12.35,,sm,fused,8,
A1,A1,PTB7-Th,PTB7-Th,Xu_narrow_2018,0.89,12.54,51.75,5.79,,sm,fused,5,
A2,A2,PTB7-Th,PTB7-Th,Xu_narrow_2018,0.71,20.33,62.8,9.07,,sm,fused,5,
A4T-16,A4T-16,PBDB-T,PBDB-T,Ma_completely_2021,0.735,20.9,64.3,9.88,,sm,unfused,1,
A4T-16,A4T-16,PTO2,PTO2,Ma_completely_2021,0.952,18.7,66.5,11.8,,sm,unfused,1,
A4T-16,A4T-16,J52-2F,J52-2F,Ma_completely_2021,0.821,18.1,69.9,10.4,,sm,unfused,1,
A4T-16,A4T-16,PBDB-TF,PBDB-TF,Ma_completely_2021,0.876,21.8,79.8,15.2,,sm,unfused,1,
A4T-21,A4T-21,PBDB-TF,PBDB-TF,Ma_completely_2021,0.936,5.55,30.3,1.57,,sm,unfused,1,
A4T-23,A4T-23,PBDB-TF,PBDB-TF,Ma_completely_2021,0.87,21,56.8,10.4,,sm,unfused,1,
A701,A701,PBDB-T,PBDB-T,Tang_low-bandgap_2020,0.92,18.27,64,10.7,,polymer,y,8,
A702,A702,PBDB-TF,PBDB-TF,Zhang_utilizing_2021,0.95,6.74,43,2.73,,polymer,y,8,
A702,A702,PBDB-T,PBDB-T,Zhang_utilizing_2021,0.9,21.93,60,11.84,,polymer,y,8,
ABP4T-4F,ABP4T-4F,PBDB-TF,PBDB-TF,Gao_asymmetric_2021,0.922,22,75.1,15.2,,sm,y,8,
AFI3,AFI3,P3HT,P3HT,Ding_acenaphtho_2017,0.96,5.21,47,2.37,,sm,PDI,5,
ITIC-2F_aldrich,a-IT-2F,PBDB-TF,PBDB-TF,Aldrich_fluorination_2019,0.92,17.3,65.7,10.38,,sm,fused,7,
a-IT-2F,a-IT-2F,PBDB-T,PBDB-T,Li_tuning_2019,0.78,19.06,68.84,10.28,,sm,fused,7,
a-IT-2OM,a-IT-2OM,PBDB-T,PBDB-T,Li_tuning_2019,0.93,18.11,71.52,12.07,,sm,fused,7,
a-ITIC-2Cl,a-ITIC-2Cl,PBDB-TF,PBDB-T2F,Lai_3D_2019,0.88,18.91,73.5,12.23,,sm,fused,7,
AOIC,AOIC,PBDB-TF,PBDB-TF,Jia_isomeric_2021,0.822,21.09,52.8,9.16,,sm,fused,8,
AOIC,AOIC,J71,J71,Jia_isomeric_2021,0.783,19.82,67.5,10.5,,sm,fused,8,
AOIC,AOIC,PTB7-Th,PTB7-Th,Jia_isomeric_2021,0.75,22.34,73.1,12.3,,sm,fused,8,
AOIC1,AOIC1,PBDB-TF,PBDB-TF,Jia_isomeric_2021,0.878,21.4,63.9,12,,sm,fused,8,
AOIC1,AOIC1,PTB7-Th,PTB7-Th,Jia_isomeric_2021,0.751,19.64,66.8,9.85,,sm,fused,8,
AOIC1,AOIC1,J71,J71,Jia_isomeric_2021,0.819,21.65,68.3,12.1,,sm,fused,8,
AOIC2,AOIC2,PTB7-Th,PTB7-Th,Jia_isomeric_2021,0.764,19.35,63.3,9.35,,sm,fused,8,
AOIC2,AOIC2,PBDB-TF,PBDB-TF,Jia_isomeric_2021,0.918,19.41,66.2,11.8,,sm,fused,8,
AOIC2,AOIC2,J71,J71,Jia_isomeric_2021,0.826,19.48,68.2,11,,sm,fused,8,
AOT1,AOT1,PTB7-Th,PTB7-Th,Yao_conformation_2021,0.74,7.31,60,3.31,,sm,unfused,1,
AOT2,AOT2,PTB7-Th,PTB7-Th,Yao_conformation_2021,0.7,10.5,54,4.06,,sm,unfused,1,
AOT3,AOT3,PTB7-Th,PTB7-Th,Yao_conformation_2021,0.62,17.63,59,6.59,,sm,unfused,1,
AQx,AQx,PBDB-TF,PBDB-TF,Zhou_subtle_2019,0.89,22.18,67.14,13.31,polymer/SM,sm,y,8,
AQx-2,AQx-2,PBDB-TF,PBDB-TF,Zhou_subtle_2019,0.86,25.38,76.25,16.64,polymer/SM,sm,y,8,
AT-4Cl,AT-4Cl,PBDB-TF,PBDB-TF,Feng_new_2019,0.901,19.52,75.5,13.27,,sm,fused,7,
AT-NC,AT-NC,PBDB-T,PBDB-T,Feng_new_2019,0.919,17.11,69.4,10.91,,sm,fused,7,
ATT-1,ATT1,PTB7-Th,PTB7-Th,Liu_a thieno_2016,0.87,16.48,70,10.07,,sm,fused,5,
ATT-2,ATT-2,PTB7-Th,PTB7-Th,Liu_efficient_2017,0.73,20.75,63,9.58,,sm,fused,5,
A-WSSe-Cl,A-WSSe-Cl,PBDB-TF,PBDB-TF,Yang_a synergistic_2021,0.85,26.58,77.5,17.51,,sm,y,8,
BCDT-4Cl,BCDT-4Cl,PBDB-T,PBDB-T,He_near-infrared_2020,0.76,23.77,67,12.1,polymer/SM,sm,unfused,2,
BOC-4F,BCDT-4F,PTQ10,PTQ10,Yu_modulating_2020,0.88,14.41,61.26,7.76,,sm,unfused,2,
BTCPDTO4,BCDT-4F,PBDB-T,PBDB-T,Yoon_effects_2020,0.78,21.21,71,11.85,,sm,unfused,2,
BDDEH-4F,BCPDT-2,PBDB-TF,PBDB-TF,Wu_a ligand-free_2021,0.88,22.57,63.38,12.59,,sm,unfused,3,
BCIC2F,BCPDT-2,PBDB-T,PBDB-T,Li_regulating_2021,0.792,22.1,71,12.4,,sm,unfused,3,
BDCPDT-BC,BDCPDT-BC,PBDB-T,PBDB-T,Chang_isomerically_2019,0.92,18.55,63.41,10.82,,sm,fused,7,
BDCPDT-FIC,BDCPDT-FIC,PBDB-T,PBDB-T,Chang_new_2018,0.7,19.12,60.67,8.12,,sm,fused,7,
BDCPDT-TTC,BDCPDT-TTC,PBDB-T,PBDB-T,Chang_new_2018,0.94,17.72,61.78,10.29,,sm,fused,7,
BDIC2F,BDIC2F,PBDB-T,PBDB-T,Li_regulating_2021,0.799,9.9,37.9,3.01,,sm,unfused,3,
BDSePhCl,BDSePhCl,PBDB-T-2Cl,PBDB-T-2Cl,Wan_benzo_2019,0.92,20.35,73.1,13.68,,sm,fused,7,
BDSeThCl,BDSeThCl,PBDB-T-2Cl,PBDB-T-2Cl,Wan_benzo_2019,0.97,17.85,68.8,11.91,,sm,fused,7,
BDTC-4Cl,BDTC-4Cl,PBDB-T,PBDB-T,Yi_small_2019,0.864,18.56,59.5,9.54,,sm,unfused,3,
BDTIT-M,BDTIT-M,PBDB-T,PBDB-T,An_energy_2018,0.903,17.56,71.3,11.31,polymer/SM,sm,fused,7,
M34,BDTN-BF,PBDB-TF,PBDB-TF,Ma_ladder-type_2020,0.91,23.63,70.66,15.24,polymer/SM,sm,fused,7,
BDTN-Th,BDTN-Th,PBDB-TF,PBDB-TF,Li_novel_2020,0.95,8.2,45.11,3.53,polymer/SM,sm,fused,7,
BDTP-4F,BDTP-4F,PBDB-TF,PBDB-TF,Luo_conformation_2020,0.895,22.54,75.5,15.24,,sm,y,8,
BDTS-4Cl,BDTS-4Cl,PBDB-T,PBDB-T,Yi_small_2019,0.83,9.8,45.9,3.73,,sm,unfused,3,
BDTThIT-M,BDTThIT-M,PBDB-T,PBDB-T,An_energy_2018,0.942,18.03,71.4,12.12,polymer/SM,sm,fused,7,
BIBT-NI,BIBT-NI,P3HT,P3HT,Lan_naphthalimide_2019,0.77,6.14,44.2,2.11,,sm,unfused,3,
BID-4F,BID-4F,PBDB-TF,PBDB-TF,Chang_diflurobenzothiadiazole_2020,0.92,17.8,74.3,12.3,,sm,fused,5,
BisPDI-T-di-EG,BisPDI-T-di-EG,P3HT,P3HT,Lu_impact_2013,0.67,3.83,60,1.54,,sm,PDI,7,
BN-0F,BN-0F,J51,J52,Zhang_high-performance_2021,0.835,21.1,60.1,11,,sm,unfused,1,
BN-2F,BN-2F,J51,J52,Zhang_high-performance_2021,0.813,25.25,70.78,14.53,,sm,unfused,1,
BN-4F,BN-4F,J51,J52,Zhang_high-performance_2021,0.792,25.76,64.91,13.24,,sm,unfused,1,
BO2FIDT-4Cl,BO2FIDT-4Cl,PBDB-T-2Cl,PBDB-T-2Cl,Zhang_electron-deficient_2020,0.96,16.1,61.3,10.4,,sm,fused,5,
BP5T-4F,BP5T-4F,PBDB-TF,PBDB-TF,Gao_asymmetric_2021,0.888,24.6,76.3,16.7,,sm,y,9,
B-PDI-B,B-PDI-B,P3HT,P3HT,Zhang_cooperatively_2014,0.61,5.3,51,1.66,,sm,PDI,7,
BPF-4F,BPF-4F,SZ5,SZ5,Chai_deciphering_2020,0.846,22.1,67.4,12.6,,sm,y,8,
BPS-4F,BPS-4F,SZ5,SZ5,Chai_deciphering_2020,0.82,25.4,77.9,16.3,,sm,y,8,
BPT-4F,BPT-4F,SZ5,SZ5,Chai_deciphering_2020,0.853,24.8,79.1,16.8,,sm,y,8,
BPTCN,BPTCN,PTB7-Th,PTB7-Th,Luo_enhanced_2020,0.81,14.68,54,6.42,,sm,unfused,2,
Br-ITIC,Br-ITIC,PTPDBDT,PTPDBDT,Yang_halogenated_2017,0.93,15.4,66,9.4,,sm,fused,7,
Br-ITIC,Br-ITIC,PBDB-TF,PBDB-TF,An_ternary_2019,0.937,18.53,72.7,12.63,,sm,fused,7,
Br-ITIC,Br-ITIC,J71,J71,An_ternary_2019,0.876,18.27,76.2,12.19,,sm,fused,7,
BT2b,BT2b,P3HT,P3HT,Xiao_non-fullerne_2017,0.92,10.02,66,6.08,,sm,fused,5,
BT2F-IC4F,BT2F-IC4F,PBDB-T,PBDB-T,Wang_small_2020,0.67,19.43,64.7,8.45,,sm,unfused,2,
BFC-4F,BT2F-IC4F,PTQ10,PTQ10,Yu_modulating_2020,0.81,20.5,72.35,12.05,,sm,unfused,2,
BT2FIDT-4Cl,BT2FIDT-4Cl,PBDB-T-2Cl,PBDB-T-2Cl,Zhang_electron-deficient_2020,0.97,18.1,71.5,12.5,,sm,fused,5,
IDT-4CN,BT3,PBDB-T,PBDB-T,Huang_highly_2018,0.91,14.66,60.9,8.13,,sm,fused,5,
BT3,BT3,P3HT,P3HT,Xiao_A2_2018,0.72,5.81,61,2.55,polymer/SM,sm,fused,5,
BTA1,BTA1,J52-Cl,J52-Cl,Guo_modulating_2021,1.33,1.25,36.19,0.6,,sm,fused,5,
BTA1,BTA1,P3HT,P3HT,Xiao_P3HT-based_2017,1.02,7.34,70,5.24,,sm,fused,5,
BTA100,BTA100,P3HT,P3HT,Zhang_A2-A1-D-A1-A2_2018,1.34,1.65,47,1.04,,sm,fused,5,
BTA101,BTA101,P3HT,P3HT,Zhang_A2-A1-D-A1-A2_2018,1.19,5.33,56,3.55,,sm,fused,5,
BTA103,BTA103,P3HT,P3HT,Zhang_A2-A1-D-A1-A2_2018,0.94,8.56,66,5.31,,sm,fused,5,
BTA11,BTA11,J52-Cl,J52-Cl,Guo_modulating_2021,1.2,0.43,25.92,0.13,,sm,fused,7,
BTA13,BTA13,J52-Cl,J52-Cl,Guo_modulating_2021,1.23,9.95,58.42,7.16,,sm,fused,7,
BTA17,BTA17,J52-Cl,J52-Cl,Guo_modulating_2021,1.09,7.08,67.17,5.18,,sm,fused,7,
BTA2,BTA2,P3HT,P3HT,Xiao_P3HT-based_2017,1.22,6.15,60,4.5,,sm,fused,5,
BTA3,BTA3,J51,J52,Tang_benzotriazole_2019,1.07,14.62,60.34,9.41,,sm,fused,5,
BTA3,BTA3,P3HT,P3HT,Xiao_A2_2018,0.9,9.64,65,5.64,polymer/SM,sm,fused,5,
BTA3,BTA3,J52-2F,J52-F,Wang_tuning_2020,1.19,11.56,65.71,9.04,,sm,fused,5,
BTA3,BTA3,J52-Cl,J52-Cl,Guo_modulating_2021,1.24,13.16,66.62,10.5,,sm,fused,5,
BTA4,BTA4,J52-2F,J52-F,Wang_tuning_2020,1.21,8.39,55.25,5.61,,sm,fused,5,
BTA43,BTA43,P3HT,P3HT,Xiao_effects_2020,0.89,10.84,68,6.56,polymer/SM,sm,fused,5,
BTA5,BTA5,J52-2F,J52-F,Wang_tuning_2020,1.17,13.8,69.82,11.27,,sm,fused,5,
BTA53,BTA53,P3HT,P3HT,Xiao_effects_2020,0.88,11.57,62,6.31,polymer/SM,sm,fused,5,
BTA7,BTA7,J52-Cl,J52-Cl,Guo_modulating_2021,1.13,9.74,52.54,5.78,,sm,fused,5,
BT-BIC,BT-BIC,PBDB-T,PBDB-T,Li_systematic_2021,0.72,15.3,63.8,7,,sm,y,8,
BT-BO-L4F,BT-BO-L4F,PBDB-T,PBDB-T,Li_systematic_2021,0.72,26.9,57.4,11.2,,sm,y,8,
BTP-S7,BT-BO-L4F,PBDB-TF,PBDB-TF,Li_unveiling_2021,0.861,25.92,75.09,16.76,,sm,y,8,
BTC6-0F,BTC6-0F,PBDB-T,PBDB-T,Huang_A-D-C-D-A_2021,0.87,17.99,54.2,8.49,polymer/SM,sm,unfused,2,
BTC6-2F,BTC6-2F,PBDB-T,PBDB-T,Huang_A-D-C-D-A_2021,0.81,19.32,64.14,10.1,polymer/SM,sm,unfused,2,
BTC6-4F,BTC6-4F,PBDB-T,PBDB-T,Huang_A-D-C-D-A_2021,0.79,19.81,71.65,11.23,polymer/SM,sm,unfused,2,
BTCIC,BTCIC,PBDB-T-2Cl,PBDB-T-2Cl,Pang_nonfused_2020,0.83,5.4,62,2.8,polymer/SM,sm,unfused,2,
BTCIC,BTCIC,PBDB-T,PBDB-T,Pang_nonfused_2020,0.79,18.6,63,9.3,polymer/SM,sm,unfused,2,
BT-CIC,BT-CIC,PTB7-Th,PTB7-Th,Li_high_2017,0.7,22.5,71,11.2,,sm,fused,7,
BT-Cl,BTCIC-4Cl,PTQ10,PTQ-10,Lu_non-fullerene_2021,0.79,17.85,61.05,8.65,,sm,unfused,2,
BTCIC-4Cl,BTCIC-4Cl,PBDB-T-2Cl,PBDB-T-2Cl,Pang_nonfused_2020,0.75,21,66,10.5,polymer/SM,sm,unfused,2,
BTCIC-4Cl,BTCIC-4Cl,PBDB-T,PBDB-T,Pang_nonfused_2020,0.63,23.2,69,10.2,polymer/SM,sm,unfused,2,
BTCT-2Cl,BTCT-2Cl,PBDB-TF,PBDB-TF,Li_roles_2020,0.877,24.4,70.4,15.1,,sm,y,8,
BT-dIDT,BT-dIDT,PBDB-T,PBDB-T,Zhang_A2-D-A1-D-A1_2020,0.87,18.59,64.8,10.52,,sm,fused,5,
BTDT2R,BTDT2R,PPDT2FBT,PPDT2FBT,Ahn_simple_2019,1.07,11.23,57,6.9,polymer/SM,sm,unfused,2,
BTDT2R,BTDT2R,PTB7-Th,PTB7-Th,Ahn_simple_2019,1.06,13.52,57,8.19,polymer/SM,sm,unfused,2,
BTDT2R,BTDT2R,P3HT,P3HT,Ahn_simple_2019,0.81,9.42,67,5.09,polymer/SM,sm,unfused,2,
BTDTP-4F,BTDTP-4F,PBDB-TF,PBDB-TF,Luo_conformation_2020,0.866,21.25,71.3,13.12,,sm,y,9,
BT-IC,BT-IC,J71,J71,Li_a near-infrared_2017,0.9,17.75,65.7,10.46,,sm,fused,7,
BT-IC,BT-IC,J60,J61,Li_a near-infrared_2017,0.87,16.35,67.1,9.56,,sm,fused,7,
TPT10,BTIC-2Br-m,PTQ10,PTQ10,Sun_high_2020,0.92,17.25,58.2,9.24,,sm,y,8,
BTIC-2Br-m,BTIC-2Br-m,PBDB-TF,PBDB-TF,Wang_bromination_2020,0.88,25.03,73.13,16.11,,sm,y,8,
TPT10,BTIC-2Br-m,PTQ11,PTQ11,Sun_high_2020,0.88,24.79,74.8,16.32,,sm,y,8,
BTIC-2Cl-yCF3,BTIC-2Cl-yCF3,PBDB-TF,PBDB-TF,Chen_17.1%_2021,0.84,25.09,76.99,16.31,,sm,y,8,
BTIC-BO-4Br,BTIC-4EO-4Br,PBDB-TF,PBDB-TF,Wang_bromination_2020,0.86,24.06,67.84,14.03,,sm,y,8,
BTIC-4F,BTIC-4F,PBDB-TF,PBDB-TF,Luo_electron-deficient_2021,0.894,20.5,65.7,12.04,,sm,unfused,3,
BT-F,BT-IC4F,PTQ10,PTQ-10,Lu_non-fullerene_2021,0.82,16.99,59.3,8.26,,sm,unfused,3,
BT-IC4F,BT-IC4F,PBDB-T,PBDB-T,Wang_small_2020,0.69,21.4,66.4,9.83,,sm,unfused,3,
BTIC-CF3-y,BTIC-CF3-y,PBDB-TF,PBDB-TF,Lai_trifluoromethylation_2020,0.85,25.19,72.82,15.59,,sm,y,8,
BTIC-COOMe,BTIC-COOMe,PBDB-TF,PBDB-TF,Lai_push_2021,0.9,22.13,66.71,13.25,,sm,y,8,
BTIC-F-m,BTIC-F-m,PBDB-TF,PBDB-TF,Lai_trifluoromethylation_2020,0.92,21.41,69.09,13.61,,sm,y,8,
BTIC-OCOMe,BTIC-OCOMe,PBDB-TF,PBDB-TF,Lai_push_2021,0.95,15.55,56.2,8.32,,sm,y,8,
BTIDIC,BTIDIC,J71,J71,Cai_effects_2021,0.861,19.8,67.4,11.5,,sm,fused,5,
BT-LIC,BT-LIC,PBDB-TF,PBDB-TF,Li_systematic_2021,0.85,23.5,52,10.4,,sm,y,8,
BT-LIC,BT-LIC,PBDB-T,PBDB-T,Li_systematic_2021,0.86,24.3,63.2,13.2,,sm,y,8,
BTN-4F,BTN-4F,PBDB-TF,PBDB-TF,Luo_pyrrole_2021,0.816,25.05,77.3,15.82,polymer/SM,sm,y,7,
BTOIC,BTOIC,PBDB-T,PBDB-T,Gao_near-infrared_2018,0.862,18.6,68.4,10.96,,sm,fused,7,
BTP-S,BTP-1V,PBDB-T,PBDB-T,song_fused-heterocycle_2022,0.711,26.5,66.65,12.56,,sm,y,8,
BTP-2F-2Cl,BTP-2F-2Cl,BTR-Cl,BTR-Cl,Hu_15.3%,0.8234,22.35,71.41,13.1,all SM,sm,y,8,sm
SY2,BTP-2F-2Cl,PBDB-TF,PBDB-TF,Liu_asymmetric_2020,0.852,25.29,74.3,16.01,polymer/SM,sm,y,8,
BTP-2F-ThCl,BTP-2F-ThCl,PBDB-TF,PBDB-TF,Luo_fine-tuning_2020,0.869,25.38,77.4,17.06,,sm,y,8,
BTPV-4F-eC9,BTP-2V,PTB7-Th,PTB7-Th,Qin_non-halogenated_2021,0.661,28.2,68.48,12.77,,sm,y,8,
BTP-3V,BTP-3V,PTB7-Th,PTB7-Th,Hai_achieving_2021,0.72,6.46,44.3,2.06,polymer/SM,sm,y,8,
BTP-4Cl,BTP-4Cl,P3HT,P3HT,Yang_molecular design_2020,0.5,5.16,39,1.01,,sm,y,8,
eC9,BTP-4Cl,P5T,P5T,Ma_miscibility_2021,0.832,14.6,50.5,6.13,,sm,y,8,
BTP-4Cl,BTP-4Cl,PBDB-T,PBDB-T,Ma_impact_2021,0.75,22.9,68.8,11.8,,sm,y,8,
BO-4Cl,BTP-4Cl,BTR,BTR,Qin_15.3%_2020,0.83,18.93,72,11.3,all SM,sm,y,8,sm
BO-4Cl,BTP-4Cl,B1,B1,Qin_15.3%_2020,0.83,25.27,73,15.3,all SM,sm,y,8,sm
eC9,BTP-4Cl,P5T-2F,P5T-2F,Ma_miscibility_2021,0.837,26.5,78.9,17.7,,sm,y,8,
BTP-4Cl,BTP-4Cl,PBDB-TF,PBDB-TF,Ma_impact_2021,0.838,26.7,79,17.7,,sm,y,8,
BTP-4V,BTP-4V,PTB7-Th,PTB7-Th,Hai_achieving_2021,0.67,3.61,42.7,1.03,polymer/SM,sm,y,8,
BTP-6F,BTP-6F,PBDB-TF,PBDB-TF,Xu_tuning_2020,0.81,25.9,72.8,15.3,,sm,y,8,
BTP-ClBr,BTP-ClBr,PBDB-TF,PBDB-TF,Luo_altering_2020,0.906,23.48,79,16.82,,sm,y,8,
BTP-ClBr1,BTP-ClBr1,PBDB-TF,PBDB-TF,Luo_altering_2020,0.854,23.66,72.2,14.56,,sm,y,8,
BTP-ClBr2,BTP-ClBr2,PBDB-TF,PBDB-TF,Luo_altering_2020,0.845,24.97,73.6,15.54,,sm,y,8,
BTP-FCl-FCl,BTP-FCl-FCl,BTR-Cl,BTR-Cl,Hu_15.3%,0.8234,24.58,75.36,15.3,all SM,sm,y,8,sm
BTP-M,BTP-M,PBDB-TF,PBDB-TF,Zhan_over_2020,0.975,8.43,51.8,4.26,,sm,y,8,
BTP-N,BTP-N,PBDB-T,PBDB-T,song_fused-heterocycle_2022,0.748,24.87,64.35,11.97,,sm,y,8,
BTP-PhC6,BTP-PhC6,PBDB-TF,PBDB-TF,Chai_enahnced_2020,0.865,25,77,16.7,polymer/SM,sm,y,8,
p-BTP-C6Ph,BTP-PhC6,PTQ10,PTQ10,Chai_fine-tuning_2021,0.888,24.7,77.9,17.1,,sm,y,8,
BTP-S1,BTP-S1,PBDB-TF,PBDB-TF,Li_asymmetric_2020,0.934,22.39,72.69,15.21,,sm,y,8,
BTP-S2,BTP-S2,PBDB-TF,PBDB-TF,Li_asymmetric_2020,0.945,24.07,72.02,16.37,,sm,y,8,
BTP-S9,BTP-S9,PBDB-TF,PBDB-TF,Li_unveiling_2021,0.846,26.47,78.44,17.56,,sm,y,8,
BTP-Se,BTP-Se,PBDB-T,PBDB-T,song_fused-heterocycle_2022,0.711,28.66,69.7,14.2,,sm,y,8,
BTPT-4F,BTPT-4F,P2F-Ehp,P2F-Ehp,Fan_achieving_2019,0.78,3.2,43.78,1.09,,sm,y,6,
BTSe-4F,BTSe-4F,PBDB-TF,PBDB-TF,Luo_pyrrole_2021,0.811,22.52,75.4,13.79,polymer/SM,sm,y,7,
BTTBo-4F,BTTBo-4F,PBDB-T,PBDB-T,Ma_non-fullerene_2021,0.85,15.04,64.61,8.27,,sm,fused,4,
BTTBo-4FN,BTTBo-4FN,PBDB-T,PBDB-T,Ma_non-fullerene_2021,0.84,19.56,70.47,11.6,,sm,fused,4,
BTTIC,BTTIC,PBDB-T,PBDB-T,Gao_near-infrared_2018,0.904,19.52,74.7,13.18,,sm,fused,7,
BTTPC,BTTPC,PBDB-T,PBDB-T,Qin_tuning_2019,0.89,22.25,73,14.51,polymer/SM,sm,y,8,
BTTPC-Br,BTTPC-Br,PBDB-T,PBDB-T,Qin_tuning_2019,0.86,24.71,71,15.22,polymer/SM,sm,y,8,
BTz-Np,BTz-Np,P3HT,P3HT,Chatterjee_naphtho_2016,0.94,3.52,46,1.53,,sm,unfused,3,
BZIC,BZIC,HFQx-T,HFQx-T,Feng_thieno_2017,0.84,12.67,59,6.3,,sm,y,6,
BZIC-2Br,BZIC-2Br,PBDB-T,PBDB-T,Zhang_bromination_2021,0.75,15.34,65.19,7.51,,sm,y,6,
C8IDT-Br,C8IDT-Br,PBDB-TF,PBDB-TF,Zhang_brominated_2021,0.97,15.66,64.81,9.85,,sm,unfused,3,
C8-ITCC,C8-ITCC,PBDB-TF,PBDB-TF,Zhang_chlorinated_2019,1.04,16.1,63,10.8,,sm,fused,7,
C8-ITCC-Cl,C8-ITCC-Cl,PBDB-TF,PBDB-TF,Zhang_chlorinated_2019,0.95,17.9,73,12.7,,sm,fused,7,
C8-ITIC,C8-ITIC,PFBDB-T,PFBDB-T,Fei_an alkylated_2018,0.94,19.6,72,13.2,,sm,fused,7,
C8-ITIC,C8-ITIC,PBDB-T,PBDB-T,Fei_an alkylated_2018,0.87,19.7,73,12.41,,sm,fused,7,
CBM,CBM,PTB7-Th,PTB7-Th,Wang_pi-bridge_2016,0.88,10.6,53,5.3,,sm,unfused,3,
CDTBM,CDTBM,PTB7-Th,PTB7-Th,Alamoudi_impact_2018,0.67,12.7,62,5.6,,sm,unfused,3,
CH1007,CH1007,PBDB-TF,PBDB-TF,Lin_a non-fullerene_2020,0.822,27.48,75.61,17.08,polymer/SM,sm,y,8,
CH3-2F,CH3-2F,PBDB-T,PBDB-T,Wang_high-performance_2021,0.77,22.76,69.85,12.28,,sm,unfused,2,
Cl-ITIC,Cl-ITIC,PTPDBDT,PTPDBDT,Yang_halogenated_2017,0.94,15.6,65,9.5,,sm,fused,7,
CNDTBT-C8IDT-FINCN,CNDTBT-C8IDT-FINCN,PBDB-T,PBDB-T,Kim_alkylated_2020,0.793,22.11,70.3,12.33,polymer/SM,sm,fused,5,
CNDTBT-C8IDT-INCN,CNDTBT-C8IDT-INCN,PBDB-T,PBDB-T,Kim_alkylated_2020,0.863,9.35,67.2,11.22,polymer/SM,sm,fused,5,
CNDTBT-IDTT-FINCN,CNDTBT-IDTT-FINCN,PBDB-T,PBDB-T,Kim_synthesis_2019,0.82,17.06,65,9.13,,sm,fused,7,
COi6DFIC,COi6DFIC,FTAZ,FTAZ,Li_a carbon-oxygen_2018,0.67,20.98,58.9,8.25,,sm,fused,6,
COi6FIC,COi6FIC,FTAZ,FTAZ,Li_a carbon-oxygen_2018,0.75,19.38,62.6,9.12,,sm,fused,6,
COi6IC,COi6IC,FTAZ,FTAZ,Li_a carbon-oxygen_2018,0.82,17.45,59,8.43,,sm,fused,6,
Coi8DFIC,Coi8DFIC,PTB7-Th,PTB7-Th,Li_molecular_2019,0.69,27.3,71,13.8,,sm,fused,8,
CPDT-4Cl,CPDT-4Cl,PBDB-T,PBDB-T,Wang_simple_2019,0.65,21.3,66.8,9.28,polymer/SM,sm,unfused,3,
CPDT-4F,CPDT-4F,PBDB-T,PBDB-T,Wang_simple_2019,0.68,20.1,69.6,9.47,polymer/SM,sm,unfused,3,
CPIC-1,CPIC-1,PBDB-T,PBDB-T,Yuan_near-infrared_2021,0.38,5.16,31.88,0.63,,sm,unfused,3,
CPIC-2,CPIC-2,PBDB-T,PBDB-T,Yuan_near-infrared_2021,0.69,22.72,63.66,10.01,,sm,unfused,3,
CPIC-3,CPIC-3,PBDB-T,PBDB-T,Yuan_near-infrared_2021,0.71,5.77,41.54,1.71,,sm,unfused,3,
CRIC,CRIC,J52-2F,J52-2F,Zhao_synthesis_2020,0.937,13.41,48.7,6.12,,sm,fused,8,
CRIC-4F,CRIC-4F,J52-2F,J52-2F,Zhao_synthesis_2020,0.887,13.12,48.2,5.61,,sm,fused,8,
CTIC-4F,CTIC-4F,PTB7-Th,PTB7-Th,Lee_side_2019,0.7,23.36,54,10.5,,sm,unfused,3,
CTSe-IC,CTSe-IC,J71,J71,Liu_modulating_2021,0.925,18.21,68.81,11.59,,sm,fused,7,
Cz-RH,Cz-RH,P3HT,P3HT,Kim_rhodanine_2014,1.03,4.69,53,2.56,,sm,unfused,3,
CZTT-IC,CZTT-IC,PBDB-TF,PBDB-TF,Wang_nonacyclic_2019,1.07,12.83,51.16,7.02,,sm,fused,9,
CZTT-IC,CZTT-IC,PBDB-T,PBDB-T,Wang_nonacyclic_2019,0.97,17.26,58.97,9.87,,sm,fused,9,
DBD-4F,DBD-4F,PBDB-T,PBDB-T,Cao_asymmetric_2021,0.88,15.92,59.52,8.64,,sm,unfused,3,
DBS-2DPP,DBS-2DPP,P3HT,P3HT,Lin_a solution-processable_2013,0.97,4.91,43,2.05,,sm,unfused,3,
DBT-4F,DBT-4F,PBDB-T,PBDB-T,Cao_asymmetric_2021,0.88,19.65,70.24,12.14,,sm,unfused,3,
DBTD-4F,DBTD-4F,PBDB-T,PBDB-T,Cao_asymmetric_2021,0.81,12.91,53.02,5.55,,sm,unfused,3,
DC6-IC,DC6-IC,PBDB-T,PBDB-T,Huang_noncovalently_2019,0.99,11.19,62.21,6.87,,sm,unfused,3,
DCI-2,DCI-2,P1_mishra,P1_mishra,mishra_unprecedented_2017,0.8,13.77,63,6.94,,sm,unfused,3,
IDT-Tz,DC-IDT2Tz,PTB7-Th,PTB7-Th,Yu_significant_2017,0.8,15.94,65.7,8.38,,sm,fused,5,
IDT-Tz,DC-IDT2Tz,PBDB-T,PBDB-T,Yu_significant_2017,0.88,13.67,70.8,8.52,,sm,fused,5,
DF-PCIC,DF-PCIC,PBDB-T,PBDB-T,Li_an unfused-core_2018,0.91,15.66,72,10.14,,sm,unfused,3,
DF-TCIC,DF-TCIC,PBDB-T,PBDB-T,Qin_enhanced_2019,0.86,16.39,58,8.23,,sm,unfused,3,
DICTF,DICTF,PTB7-Th,PTB7-Th,Li_a simple_2016,0.86,16.61,56,7.93,,sm,unfused,3,
DICTF,DICTF,PBDB-T,PBDB-T,Qiu_a new_2017,0.93,10.3,59,5.93,polymer/SM,sm,unfused,3,
di-PDI,di-PBI,PBDB-TF,PBDB-TF,Zhang_fluorinated_2021,0.879,6.92,52.19,3.18,,sm,PDI,7,
di-PBI,di-PBI,PBDTTS-TTffBT,PBDTTS-TTffBT,Lee_high-performance_2016,0.92,10.89,65,6.51,,sm,PDI,7,
di-PDI-2F,di-PDI-2F,PBDB-TF,PBDB-TF,Zhang_fluorinated_2021,0.906,7.84,60.8,4.32,,sm,PDI,7,
DOC2C6-IC,DOC2C6-IC,PBDB-T,PBDB-T,Huang_noncovalently_2019,0.93,18.85,63.33,11.1,,sm,unfused,3,
DPP-FN-DPP,DPP-FN-DPP,P3HT,P3HT,Do_9-fluorenone_2017,0.97,3.2,37.2,1.2,,sm,unfused,3,
DTBT(TDPP)2,DTBT_TDPP2,PTB7,PTB7,Jung_low-bandgap_2015,0.83,7.77,47,3.03,,sm,unfused,2,
DTC-4F,DTC-4F,PBDB-TF,PBDB-TF,Chen_a chlorinated_2020,0.94,20.2,70.42,13.37,,sm,fused,7,
DTCC-BC,DTCC-BC,PBDB-T,PBDB-T,Chang_isomerically_2019,0.98,17.22,63.62,10.74,,sm,fused,7,
DTCC-IC,DTCC-IC,PTB7-Th,PTB7-Th,Cao_design_2017,0.95,11.23,56.2,6,,sm,fused,7,
DTCC-IC,DTCC-IC,PBDB-T,PBDB-T,Chang_isomerically_2019,0.97,14.26,64.08,9.25,,sm,fused,7,
DTC-F-C,DTC-F-C,PTB7-Th,PTB7-Th,Liao_construction_2021,0.74,8.94,40.8,2.7,,sm,unfused,3,
DTC-F-F,DTC-F-F,PTB7-Th,PTB7-Th,Liao_construction_2021,0.84,16.01,56,7.53,,sm,unfused,3,
DTC-T-C,DTC-T-C,PTB7-Th,PTB7-Th,Liao_construction_2021,0.69,2.88,35.8,0.71,,sm,unfused,3,
DTC-T-F,DTC-T-F,PTB7-Th,PTB7-Th,Liao_construction_2021,0.78,17.46,64.6,8.8,,sm,unfused,3,
DTDfBT(TDPP)2,DTDfBT_TDPP2,PTB7,PTB7,Jung_low-bandgap_2015,0.81,12.1,51,5,,sm,unfused,2,
DTG-IW,DTG-IW,PTB7-Th,PTB7-Th,Cho_dithienogermole_2020,0.72,19.2,66,9.16,polymer/SM,sm,unfused,3,
DTI,DTI,PCDTBT,PCDTBT,Pho_decacyclene_2013,0.931,2.9,28,0.75,,sm,PDI,13,
DTI,DTI,PBDTTPD,PBDTTPD,Pho_decacyclene_2013,1.051,4.6,30,1.47,,sm,PDI,13,
DTI,DTI,PDTSBT,PDTSBT,Pho_decacyclene_2013,0.725,5.7,32,1.32,,sm,PDI,13,
DTI,DTI,P3HT,P3HT,Pho_decacyclene_2013,0.613,4.3,55,1.45,,sm,PDI,13,
DTNIC8,DTNIC6,PBDB-T,PBDB-T,Ma_ladder-type_2017,0.96,12.92,72.84,9.03,,sm,fused,6,
DTNR,DTNR,PTB7-Th,PTB7-Th,Ma_angular_2017,1.08,15.72,56,9.51,,sm,fused,6,
DTPC-DFIC,DTPC-DFIC,PTB7-Th,PTB7-Th,Yao_dithienopicenecarbazole_2018,0.76,21.92,61.3,10.21,,sm,PDI,10,
DTPC-IC,DTPC-IC,PTB7-Th,PTB7-Th,Yao_dithienopicenecarbazole_2018,0.863,8.53,42.4,3.12,,sm,PDI,10,
DTP-in-F,DTP-in-F,PBDB-TF,PBDB-TF,Zhao_highly_2021,0.91,18.54,63.2,10.66,,sm,unfused,3,
DTP-out-F,DTP-out-F,PBDB-TF,PBDB-TF,Zhao_highly_2021,0.86,10.16,45.4,3.97,,sm,unfused,3,
DTSiC-IC,DTSiC-IC,PBDB-T-2Cl,PBDB-T-2Cl,Su_elucidating_2021,1.1,11.62,61.95,7.92,,sm,fused,7,
DTSiC-TC,DTSiC-TC,PBDB-T-2Cl,PBDB-T-2Cl,Su_elucidating_2021,1.06,14.6,70.32,10.88,,sm,fused,7,
DTTC-4Cl,DTTC-4Cl,PBDB-TF,PBDB-TF,Chen_a chlorinated_2020,0.92,22.64,74.04,15.42,,sm,fused,9,
O-IDTBR,EH-IDTBR,DR3TBDTT,DR3TBDTT,Yang_a minimal_2018,1.15,11.06,50,6.36,all SM,sm,fused,5,sm
O-IDTBR,EH-IDTBR,BDT3TR,BDT3TR,Badgujar_highly_2016,1.06,12.1,55,7.09,,sm,fused,5,sm
IDTBR,EH-IDTBR,P3HT,P3HT,Baran_reducing_2017,0.82,13.9,60,6.3,,sm,fused,5,
IDT-2BR1,EH-IDTBR,PTB7-Th,PTB7-Th,Jia_rhodanine_2017,0.95,15.2,60,8.7,,sm,fused,5,
O-IDTBR,EH-IDTBR,PTB7-Th,PTB7-Th,Khan_impact_2021,1.07,13.35,61,8.7,,sm,fused,5,
O-IDTBR,EH-IDTBR,PfBTAZS,PfBTAZS,Chen_alkyl_2018,0.98,16.4,62,10.1,polymer/SM,sm,fused,5,
EH-IDTBR,EH-IDTBR,PffBT4T-2DT,PffBT4T-2DT,Wadsworth_highly_2017,1.02,17.2,63,11.1,polymer/SM,sm,fused,5,
O-IDTBR,EH-IDTBR,PvBDTTAZ,PvBDTTAZ,Chen_awide-bandgap_2017,1.08,16.26,63.6,11.6,,sm,fused,5,
O-IDTBR,EH-IDTBR,PfBTAZ,PfBTAZ,Chen_alkyl_2018,1,11.7,64,7.5,polymer/SM,sm,fused,5,
ERCN,ERCN,P3HT,P3HT,Wu_simultaneous_2019,0.9,5.87,49.8,2.64,,sm,fused,5,
F(DPP)2B2,F_DPP_2B2,P3HT,P3HT,Shi_solution_2015,1.18,5.35,50,3.17,,sm,unfused,3,
F-2Cl,F-2Cl,DRCN5T,DRCN5T,Wang_high-performance_2018,0.906,15.97,68.4,9.89,all SM,sm,fused,7,
F-2Cl,F-2Cl,PBDB-T,PBDB-T,Li_concurrently_2021,0.743,18.92,73.4,10.31,,sm,fused,7,
F-2F,F-2F,PBDB-TF,PBDB-TF,Ke_the rational_2020,0.941,18.54,74.1,12.93,polymer/SM,sm,fused,7,
F8-DPPTCN,F8-DPPTCN,P3HT,P3HT,Li_a non-fullerene electron acceptor modified_2016,0.97,6.25,39,2.37,,sm,unfused,3,
F8IC,F8IC,PTB7-Th,PTB7-Th,Cheng_efficient_2019,0.67,22.7,69.5,10.9,sm,sm,fused,8,
F8IDT-Br,F8IDT-Br,PBDB-TF,PBDB-TF,Zhang_brominated_2021,0.98,14.6,67.76,9.7,,sm,unfused,3,
FBM,FBM,PTB7-Th,PTB7-Th,Wang_pi-bridge_2016,0.88,11.2,51,5.1,,sm,unfused,3,
FBR,FBR,PffBT4T-2DT,PffBT4T-2DT,Baran_reduced_2016,1.12,11.5,61,7.8,,sm,unfused,3,
FBR,FBR,P3HT,P3HT,Holliday_rhodanine_2015,0.82,7.95,63,4.11,,sm,unfused,3,
F-Br,F-Br,PBDB-T,PBDB-T,Wang_a halogenation_2018,0.87,18.22,76,12.05,,sm,fused,7,
F-BTA3,F-BTA3,PBQx-TF,PBQx-TF,Cui_single-junction_2021,1.15,13.2,75.6,11.5,,sm,fused,5,
F-1Cl,F-Cl,DRCN5T,DRCN5T,Wang_high-performance_2018,0.975,13.07,63.7,8.12,all SM,sm,fused,7,
F-Cl,F-Cl,PBDB-T,PBDB-T,Wang_a halogenation_2018,0.87,17.61,75,11.47,,sm,fused,7,
F-0Cl,FDICTF,DRCN5T,DRCN5T,Wang_high-performance_2018,1.09,9.64,52.3,5.49,all SM,sm,fused,7,
FDICTF,FDICTF,PBDB-T,PBDB-T,Qiu_a new_2017,0.94,15.81,66,10.06,polymer/SM,sm,fused,7,
F-H,FDICTF,PBDB-TF,PBDB-TF,Ke_the rational_2020,0.94,15.81,66,10.06,,sm,fused,7,
FDNCTF,FDNCTF,PBDB-T,PBDB-T,Feng_an A-D-A_2017,0.93,16.3,72.5,11.2,,sm,fused,7,
FDTBT-IDTT-FINCN,FDTBT-IDTT-FINCN,PBDB-T,PBDB-T,Kim_synthesis_2019,0.86,13.57,62,7.27,,sm,fused,7,
FEHIDT,FEHIDT,P3HT,P3HT,Winzenberg_indan_2013,0.95,3.82,67,2.43,,sm,unfused,3,
F-F,F-F,PBDB-T,PBDB-T,Wang_a halogenation_2018,0.88,17.36,71,10.85,,sm,fused,7,
FFI-1,FFI-1,P3HT,P3HT,Zhou_a non-fullerene_2012,0.76,4.4,56,1.86,,sm,PDI,5,
FITP,FITP,PTB7-Th,PTB7-Th,Li_a non-fullerene acceptors with a fully fused_2016,0.99,13.24,56,7.33,,sm,PDI,23,
Flu-RH,Flu-RH,P3HT,P3HT,Kim_rhodanine_2014,1.03,5.7,52,3.08,,sm,unfused,3,
F-M,F-M,PBDB-T,PBDB-T,Zhang_nonfullerene_2018,0.98,14.56,71,10.08,,sm,fused,7,
F-M,F-M,PBDB-TF,PBDB-TF,Meng_a tandem_2019,0.99,14.6,72.7,10.49,polymer/SM,sm,fused,7,
FNIC1,FNIC1,PTB7-Th,PTB7-Th,Wang_effect_2018,0.774,19.97,66.4,10.3,,sm,fused,9,
FNIC2,FNIC2,PTB7-Th,PTB7-Th,Wang_effect_2018,0.741,23.93,73.4,13,,sm,fused,9,
FNTz-Teh-FA,FNTz-Teh-FA,P3HT,P3HT,Chatterjee_fluorinated_2018,0.89,5.81,60,3.12,,sm,PDI,5,
FO-2F,FO-2F,PBDB-TF,PBDB-TF,Ke_the rational_2020,0.878,22.26,77,15.05,polymer/SM,sm,fused,7,
FOC2C6-2FIC,FOC2C6-2FIC,PBDB-T,PBDB-T,Feng_regulating_2020,0.87,19.66,72.1,12.36,,sm,unfused,3,
FOC6-FIC,FOC6-FIC,PBDB-T,PBDB-T,Feng_regulating_2020,0.89,19.18,70.9,12.08,,sm,unfused,3,
FOC6-IC,FOC6-IC,PBDB-T,PBDB-T,Feng_regulating_2020,0.93,17.64,65.8,10.8,,sm,unfused,3,
FOIC,FOIC,PTB7-Th,PTB7-Th,Li_fused_2018,0.743,24,67.1,12,,sm,fused,8,
FRd2,FRd2,PTB7-Th,PTB7-Th,Suman_simple_2017,0.833,15.7,72.3,9.4,,sm,unfused,3,
FRdCN2,FRdCN2,PTB7-Th,PTB7-Th,Suman_a fluorene_2018,0.93,16,71.9,10.7,,sm,unfused,3,
GL1,GL1,PBDB-T,PBDB-T,Li_concurrently_2021,0.761,22.59,66.5,11.43,,sm,fused,9,
H1,H1,P3HT,P3HT,Gupta_H-shaped_2017,1.17,7.74,60,5.4,,sm,unfused,3,
BTP-2Cl-delta,H2,PBDB-TF,PBDB-TF,Li_structural_2020,0.89,24.3,71.1,15.4,,sm,y,8,
H2,H2,PBDB-T,PBDB-T,Qin_triplet_2020,0.79,25.82,73,15.12,polymer/SM,sm,y,8,
eC9-2Cl,H2,PBQx-TF,PBQx-TF,Cui_single-junction_2021,0.868,25.9,78.6,17.7,,sm,y,8,
H-2F,H-2F,PBDB-T,PBDB-T,Wang_high-performance_2021,0.73,18.78,62.99,8.64,,sm,unfused,2,
HDO-4Cl,HDO-4Cl,PBDB-TF,PBDB-TF,Xu_organic_2021,0.94,21.9,76,15.6,,sm,y,8,
HFO-PCIC,HFO-PCIC,PBDB-TF,PBDB-TF,Li_revealing_2018,0.93,12.62,70.99,8.36,,sm,unfused,3,
HF-PCIC,HF-PCIC,PBDB-TF,PBDB-TF,Li_revealing_2018,0.91,17.81,70.77,11.49,,sm,unfused,3,
HF-TCIC,HF-TCIC,PBDB-T,PBDB-T,Qin_enhanced_2019,0.76,20.04,65,9.86,,sm,unfused,3,
H-IDTzR,H-IDTzR,P3HT,P3HT,Ye_combination_2018,1.04,6.67,52.5,3.53,,sm,fused,5,
IBCT,IBCT,L1,L1,Liu_an efficient_2020,1.02,15.07,73.5,11.26,,sm,fused,5,
IBR,IBR,PBDB-T,PBDB-T,Zulfiqar_thermal_2019,1.16,9.46,60.71,6.66,,sm,fused,4,
i-cc23,i-cc23,PBDB-T,PBDB-T,Wu_effects_2020,1.09,11.1,59.5,7.23,polymer/SM,sm,fused,5,
IDTO,i-cc34,PBDB-T,PBDB-T,Luo_side-chain_2017,0.943,16.25,65.41,10.02,,sm,fused,5,
IDT-IC,IC-C6IDT-IC,PTB7-Th,PTB7-Th,Li_non-fullerene_2016,0.83,9.53,40,3.2,,sm,fused,5,
IDTI,IC-C6IDT-IC,PBDB-TF,PBDB-TF,Li_design_2017,0.993,13.01,57,7.4,,sm,fused,5,
IDT-IC,IC-C6IDT-IC,J60,J61,Li_insertion_2017,0.88,13.7,57.3,6.95,,sm,fused,5,
IC-C6IDT-IC,IC-C6IDT-IC,DRTB-T-C4,DRTB-T,Yang_new_2017,0.98,14.23,65,9.08,,sm,fused,5,sm
IC-C6IDT-IC,IC-C6IDT-IC,PBDB-T,PBDB-T,Lin_facile_2016,0.89,15.05,65,8.71,,sm,fused,5,
ICIF2F,ICIF2F,PBDB-TF,PBDB-TF,Zhang_preparation_2020,0.79,19.3,61.4,9.6,,sm,fused,5,
ICPDT-4F,ICPDT-4F,PBDBT-4Cl,PBDB-T-4Cl,Zou_optically_2021,0.91,2.36,48.4,1.04,,sm,fused,9,
ICPDT-4F,ICPDT-4F,PBDB-T-2Cl,PBDB-T-2Cl,Zou_optically_2021,0.88,9.96,61.4,5.39,,sm,fused,9,
ICPDT-4F,ICPDT-4F,PBDB-T,PBDB-T,Zou_optically_2021,0.78,19.87,63.3,9.8,,sm,fused,9,
Icz-Rd2,Icz-Rd2,P_suman,P_suman,Suman_new_2019,1.04,14.04,54,7.88,,sm,fused,5,
Icz-RdCN2,Icz-RdCN2,P_suman,P_suman,Suman_new_2019,1.01,15.58,62,9.76,,sm,fused,5,
ID-4F,ID-4F,PBDB-TF,PBDB-TF,Guo_asymmetrically_2020,0.73,13.5,65,6.4,,sm,fused,5,
IDBDT-O,IDBDT-O,PBDB-T,PBDB-T,Liang_development_2021,0.89,5.21,39.3,1.83,,sm,fused,10,
IDBDT-T,IDBDT-T,PBDB-T,PBDB-T,Liang_development_2021,0.96,15.2,48.6,7.14,,sm,fused,10,
IDF-4F,IDF-4F,PBDB-TF,PBDB-TF,He_indacenodifuran_2020,0.736,17.49,61,7.81,polymer/SM,sm,fused,5,
IDFBR,IDFBR,P3HT,P3HT,Baran_reducing_2017,0.89,7.4,68,4.5,,sm,fused,5,
IDF-IC,IDF-IC,PBDB-TF,PBDB-TF,He_indacenodifuran_2020,0.905,14.55,59,7.8,polymer/SM,sm,fused,5,
IDIC,IDIC,H12,H12,Bin_9.73%_2018,0.955,10.51,54.89,5.51,all SM,sm,fused,5,sm
IDIC,IDIC,NDTR,NDTR,Li_a novel_2017,0.89,13.2,56.6,6.6,,sm,fused,5,sm
IDIC,IDIC,P4_yang,P4_yang,Yang_quinoxaline_2018,1.06,4.82,57.43,2.93,,sm,fused,5,
IDIC,IDIC,P3_yang,P3_yang,Yang_quinoxaline_2018,1,15.99,60.89,9.7,,sm,fused,5,
IDIC8-H,IDIC,DRCN5T,DRCN5T,Wang_all-small-molecule_2018,0.952,13.44,62.5,8,,sm,fused,5,sm
IDIC,IDIC,SM-Cl,SM-Cl,Ge_improved_2019,0.972,12.61,63.08,7.73,all SM,sm,fused,5,sm
IDIC,IDIC,DRBDT-TVT,DRBDT-TVT,Huo_medium-bandgap_2018,0.84,12.22,64.58,6.63,,sm,fused,5,sm
IDIC,IDIC,P2_yang,P2_yang,Yang_quinoxaline_2018,0.91,13.15,64.84,7.75,,sm,fused,5,
IDIC,IDIC,H11,H11,Bin_9.73%_2017,0.977,15.21,65.46,9.73,all SM,sm,fused,5,sm
IDIC,IDIC,PDCBT-Cl,PDCBT-Cl,Liang_optimization_2020,0.95,15.2,65.8,9.44,polymer/SM,sm,fused,5,
IDIC,IDIC,P1_yang,P1_yang,Yang_quinoxaline_2018,0.86,8.53,66.22,4.86,,sm,fused,5,
IDIC,IDIC,PTT4FB,PTT4FB,Liu_donor_2018,0.96,16.24,67,10.6,,sm,fused,5,
IDIC,IDIC,DRBDT-STVT,DRBDT-STVT,Huo_medium-bandgap_2018,0.887,10.93,67.17,6.51,,sm,fused,5,sm
IDIC,IDIC,PBDB-TF,PBDB-TF,Li_a simple_2019,0.947,18.17,69.88,12.02,,sm,fused,5,
IDIC,IDIC,PT4FB,PT4FB,Liu_donor_2018,0.97,13.72,71,9.81,,sm,fused,5,
IDIC,IDIC,FTAZ,FTAZ,Lin_balanced_2018,0.84,20.8,71.8,12.5,polymer/SM,sm,fused,5,
IDIC,IDIC,SM,SM1,Qiu_all-small-molecule_2017,0.905,15.18,73.55,10.11,,sm,fused,5,sm
IDIC,IDIC,PBDB-T,PBDB-T,Li_a simple_2019,0.819,17.27,73.6,10.41,,sm,fused,5,
IDIC,IDIC,PTQ10,PTQ10,Sun_a low_2018,0.969,17.81,73.6,12.7,,sm,fused,5,
IDIC,IDIC,PTZ1,PTZ1,Guo_high_2017,0.92,16.4,76.2,11.5,,sm,fused,5,
IDIC-4Cl,IDIC-4Cl,ZR1,ZR1,Zhou_all-small-molecule_2019,0.776,18.27,67.96,9.64,all SM,sm,fused,5,sm
IDIC-4Cl,IDIC-4Cl,BSCl-C2,BSCl-C2,Wu_modulation_2020,0.865,20.1,71.3,12.4,all SM,sm,fused,5,sm
IDIC8-F,IDIC8-F,DRCN5T,DRCN5T,Wang_all-small-molecule_2018,0.864,15.21,64.1,8.42,,sm,fused,5,sm
IDSe-T-IC,IDSe-T-IC,J51,J51,Li_non-fullerene_polymer_2016,0.91,15.2,62,8.58,,sm,fused,5,
IDIC-4F,IDST-4F,H13,H13,Bin_precise_2020,0.939,17.3,63.2,10.3,,sm,fused,5,sm
IDIC-4F,IDST-4F,H11,H11,Bin_precise_2020,0.842,18.2,68.2,10.4,,sm,fused,5,sm
IDST-4F,IDST-4F,PBDB-TF,PBDB-TF,Guo_asymmetrically_2020,0.82,24.9,70,14.3,polymer/SM,sm,fused,5,
IDIC-4F,IDST-4F,H14,H14,Bin_precise_2020,0.943,18.3,70.2,12.1,,sm,fused,5,sm
IDT(DCV)2,IDT_DCV_2,PTB7-Th,PTB7-Th,Ko_excellent_2017,0.92,8.41,55,3.53,,sm,fused,5,
IDT(TCV)2,IDT_TCV_2,PTB7-Th,PTB7-Th,Ko_excellent_2017,0.49,11.02,53,2.84,,sm,fused,5,
IDT-2B,IDT-2B,PBDB-T,PBDB-T,Feng_fused-ring_2017,0.89,13.3,53.9,6.42,,sm,fused,5,
IDT-2BM,IDT-2BM,PTB7-Th,PTB7-Th,Kim_a new_2017,0.826,9.29,52,3.97,,sm,fused,5,
IDT-2BR,IDT-2BR,PTB7-Th,PTB7-Th,Xiao_efficient_2018,1.05,14.62,59.9,9.39,,sm,fused,5,
IDT-2BR,IDT-2BR,P3HT,P3HT,Wu_planar_2015,0.84,8.91,68.1,5.12,,sm,fused,5,
IDT2-IC,IDT2-IC,PBDB-T,PBDB-T,Shao_A-DD-A_2021,0.94,13.23,65.71,8.18,,sm,fused,5,
IDT2-IC-4Cl,IDT2-IC-4Cl,PBDB-T,PBDB-T,Shao_A-DD-A_2021,0.81,22.22,69.81,12.53,,sm,fused,5,
IDIC8-M,IDT-2O,DRCN5T,DRCN5T,Wang_all-small-molecule_2018,1.002,10.36,60.7,6.31,,sm,fused,5,sm
IDT-2O,IDT-2O,PBDB-T,PBDB-T,Feng_fused-ring_2017,0.86,15.64,72.3,9.68,,sm,fused,5,
IDT-2PDI,IDT-2PDI,P3HT,P3HT,Lin_a twisted_2014,0.7,5.58,67,2.61,,sm,PDI,7,
IDT2Se,IDT2Se,PBDB-T,PBDB-T,Liang_near-infrared_2018,0.89,17.49,60.8,9.36,,sm,fused,5,
IDT2Se-4F,IDT2Se-4F,PBDB-T,PBDB-T,Liang_near-infrared_2018,0.79,21.49,65.9,11.19,,sm,fused,5,
IDT-3EsT,IDT-3EsT,PBDB-T,PBDB-T,Raju_positional_2021,0.985,13.49,56,7.43,,sm,fused,5,
IDT-3EsT-2IC2F,IDT-3EsT-2IC2F,PBDB-T,PBDB-T,Raju_positional_2021,0.886,14.68,58,7.54,,sm,fused,5,
IDT-4EsT-2IC2F,IDT-4EsT-2IC2F,PBDB-T,PBDB-T,Raju_positional_2021,0.745,13.02,56,5.45,,sm,fused,5,
IDT6CN-M,IDT6CN-M,PBDB-T,PBDB-T,Fan_overcoming_2019,0.93,16.3,75.9,11.4,,sm,fused,6,
IDT6CN-M,IDT6CN-M,PBDB-TF,PBDB-TF,Fan_overcoming_2019,1.04,16.6,77.1,13.3,,sm,fused,6,
IDT6CN-M,IDT6CN-M,PBDB-T-2Cl,PBDB-T-2Cl,Fan_overcoming_2019,1.05,16.4,77.5,13.3,,sm,fused,6,
IDTA,IDTA,PBDB-T,PBDB-T,Firdaus_novel_2020,0.99,12.4,60,7.4,,sm,fused,5,
IDT-BC6,IDT-BC6,PBDB-T,PBDB-T,Liu_exploiting_2017,0.92,5.63,44,2.3,,sm,fused,5,
IDT-BOC6,IDT-BOC6,PBDB-T,PBDB-T,Liu_exploiting_2017,1.01,17.52,54,9.6,,sm,fused,5,
IDT-BT-R,IDT-BT-R,PTB7-Th,PTB7-Th,Xiao_efficient_2018,1.05,14.62,59.91,9.39,,sm,fused,5,
IDTC,IDTC,PBDB-T,PBDB-T,Luo_side-chain_2017,0.917,16.56,61.61,9.35,,sm,fused,5,
IDTC-4Cl,IDTC-4Cl,PBDB-T,PBDB-T,Yi_a cyclopentadithiophene_2019,0.822,19.19,60.2,9.5,,sm,fused,5,
IDTCF,IDTCF,FTAZ,FTAZ,Rech_the crucil_2019,0.705,2.1,39.6,0.59,,sm,fused,5,
IDTCR,IDTCR,PTB7-Th,PTB7-Th,Ye_wide_2017,1.11,11.01,49.9,6.1,,sm,fused,5,
IDT-CR,IDT-CR,P3HT,P3HT,Liu_ring-locking_2023,0.66,2.62,49.26,0.99,polymer/SM,sm,fused,5,
IDT-CT,IDT-CT,PTB7-Th,PTB7-Th,Liu_ring-locking_2026,0.93,11.19,42.32,4.62,polymer/SM,sm,fused,5,
IDT-EDOT,IDT-EDOT,PBDB-T,PBDB-T,Jiang_the influence_2018,0.86,21.34,62,11.32,,sm,fused,5,
IDT-FBTR,IDT-FBTR,PTB7-Th,PTB7-Th,"Yang_nonfullerene acceptor with ""donor""_2018",1.02,15.18,57.55,9.14,,sm,fused,5,
IDTIDSe-T-IC,IDTIDSe-IC,J51,J51,Li_a fused_2016,0.91,15.16,58,7.84,,sm,fused,10,
IDTIDT-IC,IDTIDT-IC,PTB7-Th,PTB7-Th,Li_non-fullerene_2016,0.94,14.49,47.5,6.48,,sm,fused,10,
IDT-N,IDTN,PTB7-Th,PTB7-Th,Li_non-fullerene_2017,0.73,13.02,57.7,5.5,,sm,fused,5,
IDT-N,IDTN,PBDB-T,PBDB-T,Li_non-fullerene_2017,0.79,15.88,71.91,9,,sm,fused,5,
IDTN,IDTN,J71,J71,Chen_alkoxy_2021,0.88,16.7,74.4,10.9,polymer/SM,sm,fused,5,
IDTN,IDTN,PBDB-TF,PBDB-TF,Li_design_2017,0.94,16.58,78,12.2,,sm,fused,5,
IDTN-O,IDTN-O,J71,J71,Chen_alkoxy_2021,0.91,17.2,77,12.1,polymer/SM,sm,fused,5,
IDT-NTI-2EH,IDT-NTI-2EH,PBDB-T,PBDB-T,Hamonnet_bis(napthothiophene)_2017,0.92,14.43,69,9.07,,sm,fused,5,
IDT-OB,IDT-OB,PBDB-T,PBDB-T,Feng_fused-ring_2017,0.88,16.18,71.1,10.12,,sm,fused,5,
IDTOT2F,IDTOT2F,PBDB-T,PBDB-T,Liu_nonfullerene_2018,0.85,20.87,72,12.79,,sm,fused,5,
IPT-4F,IDTP-4F,PBDB-TF,PBDB-TF,Yang_molecular engineering_2020,0.914,22.08,74.15,14.96,,sm,fused,7,
IDT-PDOT,IDT-PDOT,PBDB-T,PBDB-T,Jiang_the influence_2018,0.85,5.26,48.9,2.18,,sm,fused,5,
IDT-R,IDT-R,P3HT,P3HT,Liu_ring-locking_2021,0.73,3.73,51.25,1.57,polymer/SM,sm,fused,5,
IDT-T,IDT-T,PTB7-Th,PTB7-Th,Yu_significant_2017,0.84,9.54,50.9,4.08,,sm,fused,5,
IDTT(TCV)2,IDTT_TCV_2,PTB7-Th,PTB7-Th,Ko_excellent_2017,0.66,11.98,50,3.57,,sm,fused,5,
IT-BT-CN,IDTT-2BM,PBDB-TF,PBDB-TF,Shome_mircowave-assisted_2021,1,16.38,62.47,10.2,,sm,fused,7,
IDTT-2BM,IDTT-2BM,PTB7-Th,PTB7-Th,Alamoudi_impact_2018,0.83,15.8,63,8.4,,sm,fused,7,
IDTT2F,IDTT2F,PBDB-T,PBDB-T,Liu_nonfullerene_2018,0.81,18.51,59,8.85,,sm,fused,5,
IDTT2OT,IDTT2OT,PBDB-T,PBDB-T,Kim_synthesis_2021,0.93,12.3,56.7,6.46,,sm,fused,7,
IDTT2OT-2F,IDTT2OT-2F,PBDB-T,PBDB-T,Kim_synthesis_2021,0.88,17.5,65.1,10.04,,sm,fused,7,
IDTT2OT-4F,IDTT2OT-4F,PBDB-T,PBDB-T,Kim_synthesis_2021,0.86,19.3,62.4,10.4,,sm,fused,7,
IDTTA,IDTTA,PBDB-T,PBDB-T,Firdaus_novel_2020,0.98,15.8,69,10.8,,sm,fused,7,
IDTT-Br-2F,IDTT-Br-2F,PBDB-T-2Cl,PBDB-T-2Cl,Cai_an asymmetry_2022,0.97,17.4,66.1,11.4,,sm,fused,7,
IDTT-Br-2F,IDTT-Br-2F,PBDB-TF,PBDB-TF,Cai_an asymmetry_2022,0.94,18.4,68.7,12.1,,sm,fused,7,
IDTT-C8-TIC,IDTT-C8-TIC,PBT1-C,PBT1-C,Ye_unraveling_2020,0.88,20.3,74.6,13.7,,sm,fused,7,
IDTT-Cl-2F,IDTT-Cl-2F,PBDB-TF,PBDB-TF,Cai_asymmetric_2021,0.94,18.8,70.1,12.7,,sm,fused,7,
IDTT-Cl-2F,IDTT-Cl-2F,PBDB-T-2Cl,PBDB-T-2Cl,Cai_asymmetric_2021,0.96,19.2,71.1,13.3,,sm,fused,7,
IDTT-CR,IDTT-CR,P3HT,P3HT,Liu_ring-locking_2024,0.82,5.61,55.06,2.86,polymer/SM,sm,fused,7,
IDTT-CT,IDTT-CT,PTB7-Th,PTB7-Th,Liu_ring-locking_2027,0.93,12.58,50.45,6.13,polymer/SM,sm,fused,7,
IDTT-M-2F,IDTT-M-2F,PBDB-TF,PBDB-TF,Cai_asymmetric_2021,0.97,17.4,66.1,11.6,,sm,fused,7,
IDTT-M-2F,IDTT-M-2F,PBDB-T-2Cl,PBDB-T-2Cl,Cai_asymmetric_2021,0.99,17.3,66.8,11.3,,sm,fused,7,
IDT-T-N,IDT-T-N,PTB7-Th,PTB7-Th,Li_non-fullerene_2017,0.87,14.67,51.38,6.6,,sm,fused,5,
IDT-T-N,IDT-T-N,PBDB-T,PBDB-T,Li_non-fullerene_2017,0.94,14.03,56.11,7.4,,sm,fused,5,
IDTT-OB,IDTT-OB,PBDB-T,PBDB-T,Li_ternary_2021,0.92,16.29,71.62,10.76,,sm,fused,7,
IDTT-OBH,IDTT-OBH,J71,J71,Chang_fine-tuning_2018,0.92,14.75,61,8.02,,sm,fused,7,
IDTT-OBH,IDTT-OBH,PDCBT,PDCBT,Chang_fine-tuning_2018,0.91,13.97,64.8,8.24,,sm,fused,7,
IDTT-OBH,IDTT-OBH,PBDB-T,PBDB-T,Chang_fine-tuning_2018,0.87,17.46,72,10.93,,sm,fused,7,
IDTTP-4F,IDTTP-4F,PBDB-TF,PBDB-TF,Luo_conformation_2020,0.876,20.21,71.4,12.64,,sm,fused,8,
IDTT-R,IDTT-R,P3HT,P3HT,Liu_ring-locking_2022,0.78,0.73,48.18,0.43,polymer/SM,sm,fused,7,
IDTT-T,IDTT-T,PTB7-Th,PTB7-Th,He_molecular_2018,1.015,15.7,57,9.1,,sm,fused,7,
IDTzCR,IDTzCR,PTB7-Th,PTB7-Th,Ye_wide_2017,1.04,13.8,60.7,8.71,,sm,fused,5,
IE-4Cl,IE-4Cl,PBDB-T,PBDB-T,Hong_investigating_2019,0.86,21.49,60,11.1,,sm,fused,5,
IE-4Cl,IE-4Cl,PBDB-TF,PBDB-TF,Hong_investigating_2019,0.89,17.82,61,9.7,,sm,fused,5,
IE-4F,IE-4F,PBDB-TF,PBDB-TF,Hong_investigating_2019,0.91,18.23,56,9.3,,sm,fused,5,
IE-4F,IE-4F,PBDB-T,PBDB-T,Hong_investigating_2019,0.87,21.35,58,10.8,,sm,fused,5,
IEIC,IEIC,PBDB-TF,PBDB-TF,Hong_investigating_2019,1.11,7.65,45,3.8,,sm,fused,5,
IEIC,IEIC,PBDTTT-E-T,PBDTTT-E-T,Yao_design_2016,0.9,11.7,47,4.9,,sm,fused,5,
IEIC,IEIC,PBDB-T,PBDB-T,Hong_investigating_2019,1.02,15.05,48,7.3,,sm,fused,5,
IEIC,IEIC,PTB7-Th,PTB7-Th,Lin_high-performance_2015,0.97,13.55,48,6.31,,sm,fused,5,
IEIC,IEIC,BDT-2DPP,BDT-2DPP,Lin_efficient_2016,0.9,8.24,54,4,all SM,sm,fused,5,sm
IEIC,IEIC,BDTS-2DPP,BDTS-2DPP,Lin_efficient_2016,0.94,10.87,59,6.03,all SM,sm,fused,5,sm
IEIC,IEIC,PffT2-FTAZ-2DT,PffT2-FTAZ-2DT,Lin_high-performance_non-fullerene_2015,1,12.7,62,7.3,,sm,fused,5,
IEICO,IEICO,PBDTTT-E-T,PBDTTT-E-T,Cui_fine-tuned_2017,0.823,18.8,66.7,10.3,,sm,fused,5,
IEICO-4Cl,IEICO-4Cl,J51,J52,Cui_efficient_2017,0.7,23.8,60.7,10.1,,sm,fused,5,
IEICO-4Cl,IEICO-4Cl,PTB7-Th,PTB7-Th,Cui_efficient_2017,0.727,22.8,62,10.3,,sm,fused,5,
IEICO-4Cl,IEICO-4Cl,PBDB-T,PBDB-T,Cui_efficient_2017,0.744,20.8,62.5,9.67,,sm,fused,5,
IEICO-4F,IEICO-4F,PBDB-T,PBDB-T,Liu_nonfullerene_2018,0.77,20.1,56,8.66,,sm,fused,5,
IEICO-4F,IEICO-4F,J51,J52,Yao_design_2017,0.734,21.9,58.5,9.4,,sm,fused,5,
IEICO-4F,IEICO-4F,PTB7-Th,PTB7-Th,Xiong_12.5%_2019,0.7,27.2,69,13.2,,sm,fused,5,
ACS8,IEICS-4F,PTB7-Th,PTB7-Th,Chen_highly_2019,0.75,25.3,69.3,13.2,,sm,fused,5,
IFBR-d,IFBR-d,PTzBI,PTzBI,Zhong_regioisomeric_2017,0.99,9.4,55.9,5.28,,sm,fused,5,
IFBR,IFBR-p,PBTA-BO,PBTA-BO,Fan_improved_2017,1.06,8.34,43.52,3.85,,sm,fused,5,
IFBR-p,IFBR-p,PTzBI,PTzBI,Zhong_regioisomeric_2017,1,11.6,62.3,7.44,,sm,fused,5,
IffBR,IffBR,PBTA-BO,PBTA-BO,Zhong_enhanced_2017,1.013,11.77,52.29,6.34,,sm,fused,5,
IFIC-i-4F,IFIC-i-4F,PTB7-Th,PTB7-Th,Liu_achieving_2019,0.66,23.56,65,10.03,polymer/SM,sm,fused,5,
IHIC2,IHIC2,FTAZ,FTAZ,Zhu_naphthodithiophene_2018,0.775,15.7,61.2,7.45,,sm,fused,6,
IHIC-N,IHIC-N,PTB7-Th,PTB7-Th,Zhang_panchromatic_2018,0.846,13.5,60.6,6.91,,sm,fused,6,
I-IDTBTRh,I-IDTBTRh,P3HT,P3HT,Huang_enhanced_2018,0.86,8.81,71,5.38,,sm,fused,5,
i-IEICO-2Cl,i-IEICO-2Cl,J51,J52,Zhao_efficient_2021,0.886,19.51,66.7,11.45,,sm,fused,5,
i-IEICO-4Cl,i-IEICO-4Cl,J51,J52,Zhao_efficient_2021,0.857,20.62,68.76,12.16,,sm,fused,5,
I-ITIC,I-ITIC,PTPDBDT,PTPDBDT,Yang_halogenated_2017,0.95,14.5,65,8.9,,sm,fused,7,
INIC,INIC,FTAZ,FTAZ,Dai_fused_2017,0.957,13.51,57.9,7.7,,sm,fused,9,
INIC1,INIC1,FTAZ,FTAZ,Dai_fused_2017,0.929,16.63,64.3,10.1,,sm,fused,9,
INIC2,INIC2,FTAZ,FTAZ,Dai_fused_2017,0.903,17.56,66.8,10.8,,sm,fused,9,
F9IC,INIC3,FTAZ,FTAZ,Dai_effect_2018,0.873,20.2,66.4,11.7,,sm,fused,9,
INPIC,INPIC,PBDB-T,PBDB-T,Sun_Dithieno_2018,0.96,8.55,52.5,4.31,,sm,fused,9,
INPIC-2F,INPIC-2F,PBDB-T,PBDB-T,Song_synergetic_2021,0.91,15.7,58.6,8.37,,sm,fused,9,
INPIC-4F,INPIC-4F,PBDB-T,PBDB-T,Sun_Dithieno_2018,0.85,21.61,71.5,13.13,,sm,fused,9,
IOIC2,IOIC2,PTB7-Th,PTB7-Th,Zhu_alkoxy_2018,0.826,17.2,65.8,9.33,,sm,fused,8,
IOIC2,IOIC2,FTAZ,FTAZ,Zhu_naphthodithiophene_2018,0.9,19.7,69.3,12.3,,sm,fused,8,
IOIC3,IOIC3,PTB7-Th,PTB7-Th,Zhu_alkoxy_2018,0.762,22.9,74.9,13.1,,sm,fused,8,
IOTIC-2F,IOTIC-2F,PTB7-Th,PTB7-Th,Lee_design_2018,0.817,21.9,65,12.1,,sm,fused,5,
IPIC-4Cl,IPIC-4Cl,PBDB-T,PBDB-T,Geng_nonfullerene_2019,0.813,22.2,74,13.4,,sm,fused,9,
IPT-2F,IPT-2F,PBDB-T,PBDB-T,Song_synergetic_2021,0.86,22.2,73,14,,sm,fused,7,
IPT2F-Ph,IPT2F-Ph,PBDB-T,PBDB-T,Cao_2D_2020,0.86,21.18,72.11,13.13,,sm,fused,7,
IPT2F-Th,IPT2F-Th,PBDB-T,PBDB-T,Cao_2D_2020,0.86,20.44,71.2,12.52,,sm,fused,7,
IPT2F-TT,IPT2F-TT,PBDB-T,PBDB-T,Cao_2D_2020,0.84,22.24,75.06,14.02,,sm,fused,7,
IPTBO-4Cl,IPTBO-4Cl,PBDB-TF,PBDB-TF,Yang_molecular engineering_2020,0.893,23.15,72.57,15,polymer/SM,sm,fused,7,
IPTT-2F,IPTT-2F,PBDB-T,PBDB-T,Yang_tuning_2019,0.874,19.7,66.2,11.4,,sm,fused,8,
IPTTT-2F,IPTTT-2F,PBDB-T,PBDB-T,Yang_tuning_2019,0.894,20,69.3,12.3,,sm,fused,9,
IT-4F,IT-4F,PCl3BDB-T,PCl(3)BDB-T,Wu_the_crucial_2018,0.88,0.88,23.74,0.18,,sm,fused,7,
IT-4F,IT-4F,PCE10-SF,PCE10-SF,Huang_narrow_2021,0.682,8.48,41.5,2.4,,sm,fused,7,
IT-4F,IT-4F,PBT2Clas-Bz,PBT2Clas-Bz,Chao_multichloro_2018,0.79,13.43,41.75,4.43,,sm,fused,7,
IT-4F,IT-4F,PDBT-2Cl,PDBT-2Cl,Huang_significant_2019,0.99,15.1,42,6.2,,sm,fused,7,
IT-4F,IT-4F,PCE10-2F,PCE10-2F,Huang_narrow_2021,0.785,11.12,42.5,3.71,,sm,fused,7,
IT-4F,IT-4F,J100,J100,Bin_effect_2020,0.85,17.5,46,7.7,,sm,fused,7,
IT-4F,IT-4F,POPB,POPB,Li_a wide_2019,0.72,16.8,51.2,6.2,,sm,fused,7,
IT-4F,IT-4F,PBT-F,PBT-F,Dong_towards_2019,0.778,21.73,54.5,9.14,,sm,fused,7,
IT-4F,IT-4F,J91,J91,Liao_fluorobenzotriazole_2019,0.779,18.62,55.4,8.04,,sm,fused,7,
ITIC-F,IT-4F,T-EHPPD-T-EHBDT,T-EHPPD-T-EHBDT,Knall_pyrrolopyridazinedione,0.773,17.2,56,7.39,polymer/SM,sm,fused,7,
IT-4F,IT-4F,PDBT-2F,PDBT-2F,Huang_significant_2019,0.87,20.6,57,10.2,,sm,fused,7,
IT-4F,IT-4F,PBT4Cl-Bz,PBT4Cl-Bz,Chao_multichloro_2018,0.96,16.42,58.69,9.25,,sm,fused,7,
IT-4F,IT-4F,PDBT-F,PDBT-F,Huang_significant_2019,0.81,20.9,59,10,,sm,fused,7,
F7IC,IT-4F,FTAZ,FTAZ,Dai_effect_2018,0.742,18.43,59.7,8.2,,sm,fused,7,
IT-4F,IT-4F,PDCBT-Cl,PDCBT-Cl,Liang_optimization_2020,0.89,17.2,60,9.05,polymer/SM,sm,fused,7,
IT-4F,IT-4F,PBFSF,PBF-SF,Yang_a new_2018,0.8,21.53,60.6,10.51,,sm,fused,7,
ITIC-F,IT-4F,P104,P104,Keshtov_synthesis_2020,0.83,15.92,63,8.32,,sm,fused,7,
IT-4F,IT-4F,J51,PBZ,Su_nonhalogen_2019,0.6,17,63.2,6.4,,sm,fused,7,
IT-4F,IT-4F,PBT1Cl-Bz,PBT1Cl-Bz,Chao_multichloro_2018,0.71,16.85,63.48,7.6,,sm,fused,7,
IT-4F,IT-4F,PBDT-3TCO,PBDT-3TCO,An_enhanced_2019,0.88,20.94,63.68,11.77,polymer/SM,sm,fused,7,
IT-4F,IT-4F,PFOPB,PFOPB,Li_a wide_2019,0.89,20.4,64.5,11.7,,sm,fused,7,
IT-4F,IT-4F,PBDE-TT,PBDE-TT,Li_influence_2020,0.883,19.34,65,11.1,,sm,fused,7,
IT-4F,IT-4F,J101,J101,Bin_effect_2020,0.93,18.2,67,11.1,,sm,fused,7,
ITIC-F,IT-4F,P_chen,P105,Keshtov_synthesis_2020,0.91,17.47,67,10.65,,sm,fused,7,
IT-4F,IT-4F,PBB-H,PBB-H,Wen_high-efficiency_2020,0.82,21.5,67.8,12,,sm,fused,7,
IT-4F,IT-4F,DRTB-T-C4,DRTB-T-C4,Yang_modulating_2018,0.909,18.27,68,11.24,,sm,fused,7,sm
IT-4F,IT-4F,PBDTS-TZNT,PBDTS-TZNT,Feng_low-energy_2019,0.88,18.65,68.9,11.31,,sm,fused,7,
IT-4F,IT-4F,PDBT-Cl,PDBT-Cl,Huang_significant_2019,0.82,22.3,69,12.6,,sm,fused,7,
IT-4F,IT-4F,PBN-S,PBN-S,Wu_a new_2019,0.891,21.03,69.9,13.1,polymer/SM,sm,fused,7,
IT-4F,IT-4F,F1,F1,Yao_fluorination_2020,0.933,20.6,70,13.5,,sm,fused,7,
IT-4F,IT-4F,PBT-Cl,PBT-Cl,Dong_towards_2019,0.782,21.03,70,11.6,,sm,fused,7,
IT-4F,IT-4F,PBT1-C,PBT1-C,Ye_insertion_2019,0.79,19.03,70.5,10.9,,sm,fused,7,
IT-4F,IT-4F,PBDB-T,PBDB-T,Qin_reduced_2019,0.71,20.13,70.65,10.1,,sm,fused,7,
IT-4F,IT-4F,PBDB-T-SF,PBDB-T-SF,Zhao_molecular_2017,0.88,20.88,71,13.1,polymer/SM,sm,fused,7,
IT-4F,IT-4F,PDCBT-2F,PDCBT-2F,Zhang_Fullerene-free_2016,0.92,18.2,71,11.9,polymer/SM,sm,fused,7,
IT-4F,IT-4F,PCl4BDB-T,PCl(4)BDB-T,Wu_the_crucial_2018,0.84,20.6,71.09,12.33,polymer/SM,sm,fused,7,
IT-4F,IT-4F,PBB-F,PBB-F,Wen_high-efficiency_2020,0.92,22.4,71.1,14.7,,sm,fused,7,
IT-4F,IT-4F,J71-Cl,PBZ-ClSi,Su_nonhalogen_2019,0.93,19.2,71.5,12.8,,sm,fused,7,
IT-4F,IT-4F,PCE10-2Cl,PCE10-2Cl,Huang_narrow_2021,0.822,18.13,71.94,10.72,,sm,fused,7,
IT-4F,IT-4F,PBB-Cl,PBB-Cl,Wen_high-efficiency_2020,0.94,21.8,72.5,14.8,,sm,fused,7,
IT-4F,IT-4F,PBDS-TZ,PBDS-TZ,Xu_a novel_2019,0.804,20.05,73.1,12.01,,sm,fused,7,
IT-4F,IT-4F,J52-Cl,L810,Liao_fluorobenzotriazole_2019,0.79,20.76,73.5,12.1,,sm,fused,7,
IT-2F,IT-4F,P2F-Ehp,P2F-EHp,Fan_fine-tuning_2018,0.891,19.65,74.09,12.96,,sm,fused,7,
IT-4F,IT-4F,PBDTSF-TZNT,PBDTSF-TZNT,Feng_low-energy_2019,0.93,19.23,74.1,13.25,,sm,fused,7,
IT-4F,IT-4F,J71,J71,Hao_achieving_2019,0.803,19.58,74.2,11.66,,sm,fused,7,
IT-4F,IT-4F,PBDB-TSCl,PBDB-TSCl,Park_high-performance_2020,0.834,21.17,74.37,13.13,,sm,fused,7,
ITIC-4F,IT-4F,PTB7-Th,PTB7-Th,Yang_nonfullerene_2020,0.663,18.2,74.9,9.03,,sm,fused,7,
IT-4F,IT-4F,PBDE-DFDT,PBDE-DFDT,Li_influence_2020,0.865,21.83,75,14.16,,sm,fused,7,
IT-4F,IT-4F,PTO2,PTO2,Yao_14.7%_2019,0.91,21.5,75,14.7,polymer/SM,sm,fused,7,
IT-4F,IT-4F,PBT1-C-2Cl,PBT1-C-2Cl,Ye_insertion_2019,0.85,19.04,76,12.7,,sm,fused,7,
IT-4F,IT-4F,P2,PDTB-EF-T,Li_a wide_2018,0.9,20.73,76,14.2,polymer/SM,sm,fused,7,
IT-4F,IT-4F,TPD-3F,TPD-3F,Li_an electrochemically_2018,0.911,20.25,76,13.84,,sm,fused,7,
IT-4F,IT-4F,PBDB-T-2Cl,PBDB-T-2Cl,zhang_over_2018,0.86,21.8,77,14.4,polymer/SM,sm,fused,7,
IT-4F,IT-4F,PBDB-TF,PBDB-TF,Ma_high-efficiency_2020,0.858,20.2,78.9,13.7,,sm,fused,7,
IT6-4F,IT6-4F,PBDB-TF,PBDB-TF,Gao_an asymmetrical_2020,0.9,16.69,72.1,10.8,,sm,fused,6,
ITBC,ITBC,PBDB-T,PBDB-T,Chang_isomerically_2019,0.94,19.9,64.51,12.07,,sm,fused,7,
IT-BT-ICN,IT-BT-ICN,PBDB-TF,PBDB-TF,Shome_mircowave-assisted_2021,0.87,17.54,73.23,11.14,,sm,fused,7,
ITBTR-C6,ITBTR-C,PBDB-T,PBDB-T,Qu_alkyl_2018,0.88,16.3,64.18,9.29,,sm,fused,7,
ITC-2Cl,ITC-2Cl,PBDB-TF,PBDB-TF,Luo_reduced_2019,0.91,20.1,74.1,13.6,,sm,fused,7,
ITC6-IC,ITC6-IC,PBDB-T,PBDB-T,Zhang_conformation_2018,0.97,16.41,73,11.61,,sm,fused,7,
ITCC,ITCC,PBDB-T,PBDB-T,Yao_achieving_2017,1.01,15.9,71,11.4,polymer/SM,sm,fused,7,
ITCC-Br,ITCC-Br,PBDB-T-2Cl,PBDB-T-2Cl,Cai_an asymmetry_2022,1.04,15.9,63.8,10.5,,sm,fused,7,
ITCC-Br,ITCC-Br,PBDB-TF,PBDB-TF,Cai_an asymmetry_2022,0.99,16.2,64.9,10.7,,sm,fused,7,
ITCC-Cl,ITCC-Cl,PBDB-TF,PBDB-TF,Cai_asymmetric_2021,1.01,17,64.9,11.2,,sm,fused,7,
ITCC-Cl,ITCC-Cl,PBDB-T-2Cl,PBDB-T-2Cl,Cai_asymmetric_2021,1.04,16.7,65.7,11.4,,sm,fused,7,
ITCC-M,ITCC-M,PBDB-TF,PBDB-TF,Cai_asymmetric_2021,1.16,13.8,58.8,9.3,,sm,fused,7,
ITCC-M,ITCC-M,PBDB-T-2Cl,PBDB-T-2Cl,Cai_asymmetric_2021,1.19,12.5,58.9,9,,sm,fused,7,
ITCC-M,ITCC-M,PBDB-T,PBDB-T,Cui_fine-tuned_2017,1.03,14.8,66.3,10.1,,sm,fused,7,
ITCF,ITCF,J71,J71,Hao_achieving_2019,0.91,18.48,78.8,13.25,,sm,fused,7,
ITCPTC,ITCPTC,PTBB-o,PTBB-o,Xue_steric_2019,1,8.43,36.6,3.09,,sm,fused,7,
m-ITTC,ITCPTC,J12,J12,Qiu_a simple_2019,0.943,16.64,55.7,8.74,,sm,fused,7,
ITCPTC,ITCPTC,PTBB-p,PTBB-p,Xue_steric_2019,0.91,15.76,65.2,9.36,,sm,fused,7,
ITCPTC,ITCPTC,PTBB-m,PTBB-m,Xue_steric_2019,0.96,18.11,70.2,12.22,,sm,fused,7,
ITTC,ITCPTC,HFQx-T,HFQx-T,Zhang_achieving_2017,0.88,16.49,71,10.4,,sm,fused,7,
ITCT,ITCPTC,PBDB-T,PBDB-T,Liu_achieving_2018,0.85,17.88,72.3,11.27,,sm,fused,7,
m-ITTC,ITCPTC,J11,J11,Qiu_a simple_2019,0.935,18.05,73,12.32,,sm,fused,7,
ITCPTC,ITCPTC,PBDB-TF,PBDB-TF,Ma_adding_2020,0.964,17.285,73.8,12.31,polymer/SM,sm,fused,7,
ITCPTC,ITCPTC,J71,J71,Luo_fine-tuning_2018,0.896,17.52,74.1,11.63,,sm,fused,7,
ITCPTC,ITCPTC,PBDB-ST,PBT1-EH,Xie_a novel_2017,0.95,16.5,75.1,11.8,,sm,fused,7,
IT-DM,IT-DM,J71,J71,Hao_achieving_2019,1.015,16.74,70.9,12.05,,sm,fused,7,
IT-DM,IT-DM,PBDB-T,PBDB-T,Li_energy-level_2016,0.97,16.48,71,12.5,,sm,fused,7,
IT-DOH,IT-DOH,PBDB-T,PBDB-T,Liu_H-bonds-assisted_2020,0.87,18.04,70,10.4,,sm,fused,7,
IT-DOH,IT-DOH,PBDB-TF,PBDB-TF,Liu_H-bonds-assisted_2020,0.96,17.78,73,11,,sm,fused,7,
IT-F,IT-F,P2F-Ehp,P2F-EHp,Fan_fine-tuning_2018,0.959,16.91,61.93,10.06,,sm,fused,7,
F-ITIC,IT-F,PTPDBDT,PTPDBDT,Yang_halogenated_2017,0.94,14.1,66,8.8,,sm,fused,7,
ITIC-2F_lee,IT-F,PTB7-Th,PTB7-Th,Lee_design_2018,0.748,16.2,80,8.7,,sm,fused,7,
ITIC,ITIC,PBDD4T,PBDD4T,Zhang_a fluorniated_2016,0.88,2.04,25,0.45,,sm,fused,7,
ITIC,ITIC,PB2T,PB2T,An_nonhalogen_2018,0.56,0.08,26,0.01,,sm,fused,7,
ITIC,ITIC,PIDT-DTN,PIDT-DTN,Yang_investigation_2017,0.97,3.8,29,1.1,,sm,fused,7,
ITIC,ITIC,PTzBI-DT,PTzBI-DT,Fan_high-performance nonfullerene polymer_2017,0.91,16.84,31.53,9.43,,sm,fused,7,
ITIC,ITIC,P_T4-iI-M_,P(T4-iI-M),Schmatz_photovoltaic_2019,0.76,7.3,40,2.4,,sm,fused,7,
ITIC,ITIC,HTAZ,HTAZ,Bauer_donor_2017,0.85,13.09,40.8,4.26,,sm,fused,7,
ITIC,ITIC,J46,J46,Yan_synthesis_2018,0.74,7.38,42.7,2.34,,sm,fused,7,
ITIC,ITIC,P_T4-DPP-M_,P(T4-DPP-M),Schmatz_photovoltaic_2019,0.69,6.7,46,2.2,,sm,fused,7,
ITIC,ITIC,PBZ1,PBZ1,Li_a trifluoromethyl_2018,0.74,15.7,49.8,5.8,,sm,fused,7,
ITIC,ITIC,J50,J50,Gao_high-efficiency_2016,0.71,12.93,53,4.8,,sm,fused,7,
ITIC,ITIC,P2F-Ehp,P2F-Ehp,Fan_fine-tuning_2018,1.017,13.02,54.79,7.28,,sm,fused,7,
ITIC,ITIC,FTAZ,FTAZ,Bauer_donor_2017,0.91,16.25,56.5,8.37,,sm,fused,7,
ITIC,ITIC,PBT-S-TTz,PBT-S-TTz,Zhao_efficient_2016,0.971,14.93,56.69,8.22,,sm,fused,7,
ITIC,ITIC,P3HT,P3HT,Qin_highly_2016,0.52,4.22,56.93,1.25,polymer/SM,sm,fused,7,
ITIC,ITIC,P_T4-TPD-M_,P(T4-TPD-M),Schmatz_photovoltaic_2019,1,6.8,57,4,,sm,fused,7,
ITIC,ITIC,PTIBT,PTIBT,He_D-A polymer_2020,0.66,15.19,57,5.72,,sm,fused,7,
ITIC,ITIC,PTB7-Th,PTB7-Th,Chao_chlorination_2018,0.82,14.76,57.09,6.91,,sm,fused,7,
ITIC,ITIC,PBTCl,PBTCl,Wang_simultaneous_2017,0.91,14.53,58,7.57,,sm,fused,7,
H-ITIC,ITIC,PTPDBDT,PTPDBDT,Yang_halogenated_2017,1.04,10.6,58,6.4,,sm,fused,7,
ITIC,ITIC,2D-PBTCl2,2D-PBTCl2,Chao_synergistic_2018,0.87,14.52,58.43,7.38,,sm,fused,7,
ITIC,ITIC,PBPD-Th,PBPD-Th,Fan_high-performance nonfullerene_2017,1.01,18.1,59,10.8,,sm,fused,7,
ITIC,ITIC,PffQx-T,PffQx-T,Yuan_tetrafluoroquinoxaline_2016,0.87,16.33,59.6,8.47,,sm,fused,7,
ITIC,ITIC,PBQ-0F,PBQ-0F,Zheng_efficient_2017,0.69,16.16,59.91,6.68,,sm,fused,7,
ITIC,ITIC,J47,J47,Yan_synthesis_2018,0.96,15.59,60,9.01,,sm,fused,7,
ITIC,ITIC,PTQ10,PTQ10,Xu_understanding_2020,1.03,17.65,60.01,10.9,,sm,fused,7,
ITIC,ITIC,PCE10-2Cl,PBCIT,Chao_chlorination_2018,1.01,13.95,60.05,8.46,,sm,fused,7,
ITIC,ITIC,PBDTNO-BDD,PBDTNO-BDD,Huang_significantly_2018,0.87,13.49,60.05,7.05,,sm,fused,7,
ITIC,ITIC,F1,3MT-Th,Park_eco-friendly_2017,0.95,17.01,60.08,9.73,,sm,fused,7,
ITIC,ITIC,PBZ-m-CF3,PBZ-m-CF3,Li_a trifluoromethyl_2018,0.94,18.4,60.2,10.4,,sm,fused,7,
ITIC,ITIC,PTBTz-2,PTBTz-2,Bao_high_2017,0.88,20.34,60.5,10.92,,sm,fused,7,
ITIC,ITIC,PBDD4T-2F,PBDD4T-2F,Zhang_a fluorniated_2016,0.94,15.04,61,8.69,,sm,fused,7,
ITIC,ITIC,2D-PBTCl,2D-PBTCl,Chao_synergistic_2018,0.91,15.79,61.32,8.81,,sm,fused,7,
ITIC,ITIC,PBFZ-OP,PBFZ-OP,Li_efficient_2017,0.91,18.7,61.8,10.5,,sm,fused,7,
ITIC,ITIC,J52-2F,PFBZ,Fan_high-performance Non-Fullerene_2017,0.9,18.8,62,10.4,,sm,fused,7,
ITIC,ITIC,PBQ-QF,PBQ-QF,Zheng_efficient_2017,0.83,17.16,62.49,8.9,,sm,fused,7,
ITIC,ITIC,PffQx-PS,PffQx-PS,Yuan_tetrafluoroquinoxaline_2016,0.97,14.96,62.9,9.12,,sm,fused,7,
ITIC,ITIC,PBDT-S-2TC,PBDT-S-2TC,An_nonhalogen_2018,0.96,16.4,64.3,10.12,,sm,fused,7,
ITIC,ITIC,PTzBI,PTzBI,Fan_high-performance nonfullerene polymer_2017,0.87,18.29,64.34,10.24,,sm,fused,7,
ITIC,ITIC,PBDT-NQx,PBDT-NQx,Yu_wide_2017,0.87,16.21,64.6,9.11,,sm,fused,7,
ITIC,ITIC,PBDB-ST,PBDB-TS,Wu_achieving_2017,0.92,16.63,64.7,9.85,,sm,fused,7,
ITIC,ITIC,PBDTS-DTBTO,PBDTS-DTBTO,Yao_a wide_2016,0.843,16.6,64.97,9.09,,sm,fused,7,
ITIC,ITIC,HFQx-T,HFQx-T,Xu_hexafluoroquinaoxiline_2017,0.92,15.59,65,9.4,,sm,fused,7,
ITIC,ITIC,PBDT-DTN,PBDT-DTN,Yang_investigation_2017,0.92,13.8,65,8.3,,sm,fused,7,
ITIC,ITIC,PTFB-P,PTFB-P,Li_donor_2016,0.92,12.8,65,7.85,,sm,fused,7,
ITIC,ITIC,PBDTS-TDZ,PBDTS-TDZ,Xu_realizing_2018,1.1,17.78,65.4,12.8,,sm,fused,7,
ITIC,ITIC,PDCBT,PDCBT,Qin_highly_2016,0.94,16.5,65.67,10.16,polymer/SM,sm,fused,7,
ITIC,ITIC,PBT-TTz,PBT-TTz,Zhao_efficient_2016,0.949,11.49,65.68,7.16,,sm,fused,7,
ITIC,ITIC,PBDTS-TZNT,PBDTS-TZNT,Feng_low-energy_2019,0.94,16.92,65.7,10.45,,sm,fused,7,
ITIC,ITIC,PDCBT-Cl,PDCBT-Cl,Liang_optimization_2020,1.02,10.8,65.9,7.25,polymer/SM,sm,fused,7,
ITIC,ITIC,PFBDB-T,PFBDB-T,Fei_an alkylated_2018,0.95,18.5,66,11.71,polymer/SM,sm,fused,7,
ITIC,ITIC,asy-PBDBTN,asy-PBDBTN,Li_crystalline_2017,0.942,16.81,66.3,10.5,,sm,fused,7,
ITIC,ITIC,PBDTNS-BDD,PBDTNS-BDD,Huang_significantly_2018,0.94,14.86,66.47,9.28,,sm,fused,7,
ITIC-C9,ITIC,PBDB-TF,PBDB-TF,Aldrich_enhancing_2017,0.99,14.5,66.6,9.53,,sm,fused,7,
ITIC,ITIC,PBDT-Se-TAZ,PBDT-Se-TAZ,Li_highly_2018,0.81,18.63,66.7,10.07,,sm,fused,7,
ITIC,ITIC,PBQ-4F,PBQ-4F,Zheng_efficient_2017,0.95,17.87,66.8,11.34,polymer/SM,sm,fused,7,
ITIC,ITIC,PBDT-TDZ,PBDT-TDZ,Xu_realizing_2018,1.01,17.15,67.7,11.72,,sm,fused,7,
ITIC,ITIC,PBDTTAZ-NaPh,PBDTTAZ-NaPh,Liu_an effective_2018,0.936,18.21,67.8,11.56,,sm,fused,7,
ITIC,ITIC,PTB7-Th,PTB7-Th,Zuo_high-efficiency_2017,0.84,15.43,68,8.79,,sm,fused,7,
ITIC,ITIC,J51,J51,Gao_high-efficiency_2016,0.82,16.47,69,9.26,,sm,fused,7,
ITIC,ITIC,PBTA-PS,PBTA-PS,Li_high-efficiency_2019,0.94,18.23,69.19,11.85,,sm,fused,7,
ITIC,ITIC,TTFQx-T1,TTFQx-T1,Xu_optimizing_2018,0.9,16.8,69.24,10.52,,sm,fused,7,
ITIC,ITIC,J71,J71,Bin_11.4%_2016,0.94,17.32,69.77,11.41,polymer/SM,sm,fused,7,
ITIC,ITIC,PBDTS-NQx,PBDTS-NQx,Yu_wide_2017,0.92,17.86,69.8,11.47,,sm,fused,7,
ITIC,ITIC,PTFB-O,PTFB-O,Li_donor_2016,0.92,15.5,70,10.13,polymer/SM,sm,fused,7,
ITIC,ITIC,J60,J62,Huang_effect_2018,0.915,16.85,70.09,10.81,,sm,fused,7,
ITIC,ITIC,J52-Cl,J52-2Cl,Liu_chlorinated_2018,0.956,17.17,70.2,11.53,,sm,fused,7,
ITIC,ITIC,PBDTSF-TZNT,PBDTSF-TZNT,Feng_low-energy_2019,0.98,17.58,70.6,12.16,,sm,fused,7,
ITIC,ITIC,PTZ6,PTZ6,Guo_novel_2017,1.01,14.1,72.3,10.3,,sm,fused,7,
ITIC,ITIC,J81,J81,Bin_medium_2017,0.95,15.27,73.1,10.6,,sm,fused,7,
ITIC,ITIC,J100,J101 (actually J100),Wang_a wide-bandgap_2019,0.951,17.7,73.65,12.47,,sm,fused,7,
ITIC,ITIC,m-PBDTPS-FTAZ,m-PBDTPS-FTAZ,Chen_revealing_2019,0.95,18.76,73.85,13.16,,sm,fused,7,
ITIC,ITIC,PBDB-T,PBDB-T,Zhao_Fullerene-Free_2016,0.899,16.81,74.2,11.21,polymer/SM,sm,fused,7,
ITIC,ITIC,PBTA-PSF,PBTA-PSF,Li_high-efficiency_2019,1.01,18.51,74.4,13.91,,sm,fused,7,
ITIC,ITIC,PBDTS-Se-TAZ,PBDTS-Se-TAZ,Li_highly_2018,0.84,19.51,75.1,12.31,,sm,fused,7,
ITIC1,ITIC1,FTAZ,FTAZ,Wang_enhancing_2017,0.921,16.45,56.4,8.54,,sm,fused,7,
NFBDT,ITIC1,PTB7-Th,PTB7-Th,Zhang_nonfullerene_2018,0.8,14.59,58,6.74,,sm,fused,7,
BDT-IC,ITIC1,J71,J71,Li_isomeric_2017,0.92,17.3,65.5,10.5,,sm,fused,7,
NFBDT,ITIC1,PBDB-T,PBDB-T,Kan_small-molecule_2017,0.868,17.85,67.2,10.42,,sm,fused,7,
ITIC2,ITIC2,FTAZ,FTAZ,Wang_enhancing_2017,0.92,18.63,63,11,,sm,fused,7,
ITIC-2Cl-beta,ITIC-2Cl-beta,PBDB-TF,PBDB-T2F,Lai_3D_2019,0.94,18.47,64.63,11.21,,sm,fused,7,
ITIC-3F,ITIC-3F,PBDB-TF,PBDB-TF,Aldrich_fluorination_2019,0.89,19.4,66.5,11.44,,sm,fused,7,
ITIC-Cl4,ITIC-4Cl,PBDB-T,PBDB-T,Laventure_a tetrachlorinated_2018,0.74,21.5,60,9.6,,sm,fused,7,
IT-4Cl,ITIC-4Cl,PCE10-2F,PBFTT,Su_efficient_2019,0.76,18.8,73.9,10.7,,sm,fused,7,
IT-4Cl,ITIC-4Cl,PBDB-T-2Cl,PBDB-T-2Cl,Zhang_fluorination_2018,0.81,22.01,74,13.37,,sm,fused,7,
IT-4Cl,ITIC-4Cl,PBDB-TF,PBDB-TF,zhang_over_2018,0.79,22.67,75.2,13.45,,sm,fused,7,
ITIC5,ITIC5,J71,J71,Yan_enhancing_2018,0.897,18.48,75.5,12.5,,sm,fused,7,
ITIC-6F,ITIC-6F,PBDB-TF,PBDB-TF,Aldrich_fluorination_2019,0.82,21.6,67.4,11.89,,sm,fused,7,
ITIC-OE,ITIC-OE,PBDB-T,PBDB-T,Liu_a high_2018,0.85,14.8,67,8.5,,sm,fused,7,
ITIC-SC2C6,ITIC-SC2C6,PBDB-ST,PBDB-ST,Zhang_effect_2017,0.92,15.32,64,9.16,,sm,fused,7,
ITIC-Th,ITIC-Th,PffBT4T-2DT,PffBT4T-2DT,Hu_influence_2018,0.85,13.32,56.9,6.6,,sm,fused,7,
ITIC-Th,ITIC-Th,FTAZ,FTAZ,Li_enhancing_2018,0.915,15.84,61.26,8.88,,sm,fused,7,
ITIC-Th,ITIC-Th,PffBT4T-B,PffBT4T-B,Chen_surprising_2017,0.972,15.59,61.8,9.4,,sm,fused,7,
ITIC-Th,ITIC-Th,PTFB-P,PTFB-P,Hu_influence_2018,0.93,15.5,64.5,9.2,,sm,fused,7,
ITIC-Th,ITIC-Th,PDBT-T1,PDBT-T1,Lin_high-performance_2016,0.88,16.24,67,9.6,polymer/SM,sm,fused,7,
ITIC-Th,ITIC-Th,PTFB-O,PTFB-O,Hu_influence_2018,0.93,17.1,67.9,10.9,,sm,fused,7,
ITIC-Th,ITIC-Th,PB24-3TDC,PB24-3TDC,An_A1-A2_2019,0.902,16.8,68,10.3,,sm,fused,7,
ITIC-Th,ITIC-Th,PTB7-Th,PTB7-Th,Lin_high-performance_2016,0.8,15.93,68,8.7,,sm,fused,7,
ITIC-Th1,ITIC-Th1,PDCBT-2Cl,PDCBT-2Cl,Wang_carboxylate_2019,0.99,13.54,51.8,6.94,,sm,fused,7,
ITIC-Th1,ITIC-Th1,PDCBT,PDCBT,Wang_carboxylate_2019,0.89,16.6,55.2,8.14,,sm,fused,7,
ITIC-Th1,ITIC-Th1,PDCBT-2F,PDCBT-2F,Wang_carboxylate_2019,0.98,15.32,56.5,8.48,,sm,fused,7,
ITIC-Th1,ITIC-Th1,PDCBT-F,PDCBT-F,Wang_carboxylate_2019,0.93,17.52,66.2,10.85,,sm,fused,7,
ITIC-Th1,ITIC-Th1,PDCBT-Cl,PDCBT-Cl,Wang_carboxylate_2019,0.94,18.5,71.2,12.38,,sm,fused,7,
ITIC-Th1,ITIC-Th1,FTAZ,FTAZ,Li_enhancing_2018,0.849,19.33,73.73,12.1,,sm,fused,7,
ITIC-Th2,ITIC-Th2,FTAZ,FTAZ,Li_enhancing_2018,0.751,17.19,70.07,9.06,,sm,fused,7,
ITIC-Th3,ITIC-Th3,FTAZ,FTAZ,Li_enhancing_2018,0.962,16.34,68.33,10.7,,sm,fused,7,
IT-M,IT-M,PB2T,PB2T,Liu_molecular_2017,0.56,0.08,26,0.01,,sm,fused,7,
IT-M,IT-M,PDCBT-2F,PDCBT-2F,Zhang_Fullerene-free_2016,1.13,10.43,55.7,6.6,,sm,fused,7,
IT-M,IT-M,PDTH-TZNT,PDTH-TZNT,Tang_naphthobistriazole_2018,0.75,10.15,58.1,4.42,,sm,fused,7,
IT-M,IT-M,PB3T,PB3T,Liu_molecular_2017,1,18.9,63,11.9,,sm,fused,7,
IT-M,IT-M,FTAZ,FTAZ,Ho_high-performance_2020,0.95,16.3,64,9.8,,sm,fused,7,
IT-M,IT-M,PBDB-BzT,PBDB-BzT,Qin_a polymer_2018,0.96,17.97,70,12.1,,sm,fused,7,
IT-M,IT-M,PDTF-TZNT,PDTF-TZNT,Tang_naphthobistriazole_2018,0.8,17.33,72.5,10.05,,sm,fused,7,
IT-M,IT-M,PBDB-T,PBDB-T,Li_energy-level_2016,0.94,17.44,74,12.05,,sm,fused,7,
IT-M,IT-M,PBDB-TF,PBDB-TF,Li_a high-efficiency_2018,0.87,20.38,77,13.7,polymer/SM,sm,fused,7,
ITN-C9,ITN-C9,PBDB-TF,PBDB-TF,Swick_closely_2018,0.92,15.68,64.5,9.33,,sm,fused,7,
IDTT-BH,ITN-C9,PDCBT,PDCBT,Chang_fine-tuning_2018,0.88,17.15,68.6,10.35,,sm,fused,7,
IDTT-BH,ITN-C9,J71,J71,Chang_fine-tuning_2018,0.9,17.77,69.1,11.05,,sm,fused,7,
IDTT-BH,ITN-C9,PBDB-T,PBDB-T,Chang_fine-tuning_2018,0.85,16.86,69.2,9.92,,sm,fused,7,
IT-OH,IT-OH,PBDB-T,PBDB-T,Liu_H-bonds-assisted_2020,0.89,16.71,70,7.8,,sm,fused,7,
ITOIC,ITOIC,PBDB-T,PBDB-T,Liu_enhancing_2018,1.024,15.73,55.1,8.87,,sm,fused,5,
ITOIC-2F,ITOIC-2F,PBDB-T,PBDB-T,Liu_enhancing_2018,0.897,21.04,64.5,12.17,,sm,fused,5,
ITOIC-F,ITOIC-F,PBDB-T,PBDB-T,Liu_enhancing_2018,0.946,18.6,60.5,10.65,,sm,fused,5,
IT-OM-1,IT-OM-1,PBDB-T,PBDB-T,Li_significant_2017,1.01,12.31,51,6.3,,sm,fused,7,
IT-OM-2,IT-OM-2,PBDB-T,PBDB-T,Li_significant_2017,0.93,17.53,73,11.9,,sm,fused,7,
IT-OM-3,IT-OM-3,PBDB-T,PBDB-T,Li_significant_2017,0.97,16.38,68,10.8,,sm,fused,7,
IT-OM-4,IT-OM-4,PBDB-T,PBDB-T,Li_significant_2017,0.96,14.69,56,7.9,,sm,fused,7,
ITOTIC-2F,ITOTIC-2F,PTB7-Th,PTB7-Th,Lee_design_2018,0.785,7,61,3.7,,sm,fused,7,
ITTIC,ITTIC,PBDB-T,PBDB-T,Zhang_energy-level_2017,0.92,15.93,62,9.12,,sm,fused,7,
ITzN-C9,ITzN-C9,PBDB-TF,PBDB-TF,Swick_closely_2018,1.05,14.12,63.9,9.51,,sm,fused,7,
IUIC,IUIC,PTB7-Th,PTB7-Th,Jia_breaking_2018,0.796,21.74,64.9,11.2,,sm,fused,11,
IXIC-2Cl,IXIC-2Cl,PBDB-T,PBDB-T,Chen_modulation_2018,0.73,23.6,70.9,12.2,,sm,fused,8,
3TT-CIC,IXIC-4Cl,PTB7-Th,PTB7-Th,Gao_achieving_2019,0.65,26.67,69,11.96,,sm,fused,8,
IXIC-4Cl,IXIC-4Cl,PBDB-T,PBDB-T,Chen_modulation_2018,0.69,22.9,71.2,11.2,,sm,fused,8,
JC1,JC1,P3HT,P3HT,Wang_enhancing_2019,0.48,10.54,56,2.8,,sm,fused,5,
JC14,JC14,P3HT,P3HT,Wang_structural_2021,0.759,16.04,63,7.72,,sm,fused,5,
JC2,JC2,P3HT,P3HT,Wang_enhancing_2019,0.71,13.96,63,6.24,,sm,fused,5,
K12,K12,P3HT,P3HT,Schwenn_small_2010,0.62,2.36,49.8,0.73,,sm,unfused,3,
LL4,LL2,PBDB-T,PBDB-T,Lu_high-efficiency_2021,0.82,26.05,70.87,15.18,,sm,y,8,
LL3,LL3,PBDB-T,PBDB-T,Lu_high-efficiency_2021,0.86,26.97,72.27,16.82,,sm,y,8,
M1,M1,PBDB-TF,PBDB-TF,Cai_enhancing_2020,1.01,14.59,54.68,8.06,,sm,fused,7,
m-4TBC-2F,m-4TBC-2F,PBDB-T,PBDB-T,Chen_a fully_2020,0.84,7.9,40,2.63,polymer/SM,sm,unfused,2,
M8,M8,PBDB-TF,PBDB-TF,Ma_ladder-type_2020,0.83,8.36,60.59,4.21,polymer/SM,sm,fused,7,
m-BTP-C6Ph,m-BTP-PhC6,PTQ10,PTQ10,Fan_synergistic_2021,0.841,26.95,78.3,17.74,,sm,y,8,
m-DTC-2Cl,m-DTC-2Cl,PTQ10,PTQ10,Qin_non-halogenated_2021,0.992,16.67,73.42,12.14,,sm,fused,7,
MeIC,MeIC,PffBT-DPP,PffBT-DPP,Pan_efficient_2020,0.78,4.5,58,2,,sm,fused,7,
MeIC,MeIC,J71,J71,Luo_fine-tuning_2018,0.918,18.41,74.2,12.54,,sm,fused,7,
m-IDTIDT-FIC,m-IDTIDT-FIC,PTB7-Th,PTB7-Th,Wu_a decacyclic_2019,0.8,15.68,66.27,8.27,,sm,fused,10,
m-IDTIDT-FIC,m-IDTIDT-FIC,J71,J71,Wu_a decacyclic_2019,0.92,18.01,68.3,11.32,,sm,fused,10,
m-INPOIC,m-INPOIC,PBDB-T,PBDB-T,Feng_molecular_2019,0.846,19,66.1,10.6,,sm,fused,9,
m-ITIC,m-ITIC,J51,J52,Xue_side_2017,0.701,17.16,49.73,5.98,,sm,fused,7,
m-ITIC,m-ITIC,P-P,P-P,Zheng_benzo_2021,0.8,16.25,56.29,7.32,,sm,fused,7,
m-ITIC,m-ITIC,P-4FP,P-4FP,Zheng_benzo_2021,0.96,15.72,57.66,8.7,,sm,fused,7,
m-ITIC,m-ITIC,2TC_TT_BDTFT,2TC_TT_BDTFT,Chen_backbone_2019,1.06,15.25,59.31,9.65,,sm,fused,7,
m-ITIC,m-ITIC,P-FP,P-FP,Zheng_achieving_2021,0.995,14.94,60.55,8.86,,sm,fused,7,
m-ITIC,m-ITIC,J91,J91,Xue_side_2017,0.98,18.03,65.5,11.63,,sm,fused,7,
m-ITIC,m-ITIC,2T-TTC-BDTFT,2T-TTC-BDTFT,Chen_backbone_2019,0.97,16.57,69.37,11.15,,sm,fused,7,
m-ITIC,m-ITIC,J81,J81,Bin_medium_2017,0.96,16.48,69.8,11.05,,sm,fused,7,
m-ITIC,m-ITIC,P-FT,P-FT,Zheng_achieving_2021,0.924,17.64,70.1,11.43,,sm,fused,7,
m-ITIC,m-ITIC,J71,J71,Bin_effect_2018,0.94,18.09,70.6,12.05,,sm,fused,7,
m-ITIC,m-ITIC,J60,J61,Yang_side-chain_2016,0.91,18.31,71,11.77,,sm,fused,7,
m-ITIC,m-ITIC,P-CIT,P-CIT,Zheng_benzo_2021,0.92,16.7,71.56,11.04,,sm,fused,7,
m-ITIC-OR-4Cl,m-ITIC-OR-4Cl,BO2FC8,BO2FC8,Lin_enhancing_2019,0.83,20.2,63.3,11,,sm,fused,7,
MO-IDIC,MO-IDIC,PTQ10,PTQ10,Li_simplified_2019,0.969,16.92,68.1,11.16,,sm,fused,5,
MO-IDIC-2F,MO-IDIC-2F,PTQ10,PTQ10,Li_simplified_2019,0.906,19.87,74.8,13.46,,sm,fused,5,
MS-4Cl,MS-4Cl,PBDB-T,PBDB-T,Ma_dodecacyclic_2021,0.81,20.3,71.2,11.79,,sm,y,12,
MS-4F,MS-4F,PBDB-T,PBDB-T,Ma_dodecacyclic_2021,0.85,19.61,70.59,11.75,,sm,y,12,
N10,N10,P3HT,P3HT,Rao_an efficient_2018,0.99,12.08,64,7.65,,sm,PDI,4,
N2200,N2200,PBBSB,PBBSB,Yuan_improved_2018,0.73,7.81,52,3,,polymer,polymer,,
N2200,N2200,PTB7-Th,PTB7-Th,Zhong_manipulating_2020,0.79,14.12,55.34,6.26,,polymer,polymer,,
N2200,N2200,PBFSF,PBFSF,Yuan_improved_2018,0.83,11.95,61,6,,polymer,polymer,,
N2200,N2200,J52-2F,PFBZ,Su_efficient_2018,0.9,13.5,67,8.1,,polymer,polymer,,
N3_srivani,N3_srivani,P3HT,P3HT,Srivani_non-fullerene_2017,0.87,8.87,60,4.62,,sm,PDI,4,
N4,N4,P3HT,P3HT,Srivani_non-fullerene_2017,0.91,6.69,58,3.52,,sm,PDI,4,
N65-2FIC,N65-2FIC,PBDB-TF,PBDB-TF,Hu_axisymmetric_2020,0.82,21.49,58,10.19,polymer/SM,sm,fused,8,
N65-2FIC,N65-2FIC,PBDB-T,PBDB-T,Hu_axisymmetric_2020,0.72,19.11,62,8.51,polymer/SM,sm,fused,8,
N65-IC,N65-IC,PBDB-TF,PBDB-TF,Hu_axisymmetric_2020,0.87,15.07,51,6.67,polymer/SM,sm,fused,8,
N65-IC,N65-IC,PBDB-T,PBDB-T,Hu_axisymmetric_2020,0.87,18.94,55,9.03,polymer/SM,sm,fused,8,
N6b,N6b,P3HT,P3HT,Raynor_diketopyrrolopyrrole_2014,1.08,2.06,52,1.16,,sm,unfused,2,
N7,N7,P3HT,P3HT,Raynor_a non-fullerene_2016,1.17,3.16,62,2.3,,sm,unfused,3,
NAI-FN-NAI(BO),NAI-FN-NAI_BO_,P3HT,P3HT,Do_molecular_2017,0.88,9.1,45,3.6,,sm,unfused,3,
NBDTP,NBDTP,PBDB-T,PBDB-T,Wu_a designed_2017,0.937,15.72,66.4,10.1,,sm,fused,5,
NCBDT,NCBDT,PBDB-T,PBDB-T,Kan_fine-tuning_2018,0.839,20.33,71,12.12,,sm,fused,7,
NCBDT-4Cl,NCBDT-4Cl,PBDB-T-SF,PBDB-T-SF,Kan_a chlorinated_2018,0.851,22.35,74.3,14.1,,sm,fused,7,
NCIC,NCIC,PBDB-TF,PBDB-TF,Gao_non-fullerene_2021,0.879,17.53,66.7,10.32,,sm,unfused,3,
NDI-3TH,NDI-3TH,P3HT,P3HT,Ren_non-fullerene_2011,0.82,3.51,52,1.5,,sm,PDI,4,
NDICz-6,NDICz-6,P3HT,P3HT,Rao_a series_2019,0.94,13.67,59,7.58,,sm,PDI,4,
NFTI,NFTI,PBDB-T,PBDB-T,Fan_a thieno_2018,0.902,17.82,56,9.02,,sm,unfused,3,
NIBT,NIBT,PBDB-T,PBDB-T,Kolhe_designing_2020,1.04,17.34,60,10.8,polymer/SM,sm,fused,5,
NIDT,NIDT,PBDB-T,PBDB-T,Kolhe_designing_2020,1.14,13.28,66,10,polymer/SM,sm,fused,7,
NITI-SeS,NITI-SeS,PBDB-T,PBDB-T,Zhou_molecular_2021,0.81,19.11,61,9.52,,sm,fused,4,
NITI-Sse,NITI-Sse,PBDB-T,PBDB-T,Zhou_molecular_2021,0.91,19.41,70,12.49,,sm,fused,4,
NITT-BF,NITT-BF,PBDB-TF,PBDB-TF,Ming_napthalene_2021,0.94,18.08,72.38,12.3,,sm,fused,8,
NITT-ThCl,NITT-ThCl,PBDB-TF,PBDB-TF,Ming_napthalene_2021,0.97,16.3,60.62,9.58,,sm,fused,8,
NITV,NITV,PBDB-T,PBDB-T,Kolhe_designing_2020,1.12,8.08,53,4.8,polymer/SM,sm,unfused,4,
NNBDT,NNBDT,PBDB-TF,PBDB-TF,Meng_a tandem_2019,0.86,20.07,69.7,12.03,polymer/SM,sm,fused,7,
NNBDT,NNBDT,PBDB-T,PBDB-T,Kan_ternary_2018,0.88,18.63,71.7,11.7,,sm,fused,7,
NOBDT,NOBDT,PTB7-Th,PTB7-Th,Zhang_nonfullerene_2018,0.77,19.16,70,10.26,,sm,fused,7,
NoCA-1,NoCA-1,J51,J52,Zhang_side-chain_2021,0.769,24.69,61.69,11.71,,sm,unfused,3,
NoCA-5,NoCA-5,J51,J52,Zhang_side-chain_2021,0.814,26.02,69.96,14.82,,sm,unfused,3,
NOCIC,NOCIC,PBDB-TF,PBDB-TF,Gao_non-fullerene_2021,0.907,16.22,67,9.89,,sm,unfused,3,
NTIC,NTIC,PBDB-T,PBDB-T,Yi_new_2017,0.935,13.55,68.1,8.63,,sm,fused,6,
NTIC-F,NTIC-F,PBDB-T,PBDB-T,Yi_new_2017,0.812,15.04,66.3,8.1,,sm,fused,6,
NTIC-Me,NTIC-Me,PBDB-T,PBDB-T,Yi_new_2017,0.963,13.03,66.2,8.3,,sm,fused,6,
NTIC-OMe,NTIC-OMe,PBDB-T,PBDB-T,Yi_new_2017,0.965,13.52,66,8.61,,sm,fused,6,
NTz-Np,NTz-Np,P3HT,P3HT,Chatterjee_naphtho_2016,0.9,5.18,60,2.81,,sm,PDI,4,
NTz-Teh-FA,NTz-Teh-FA,P3HT,P3HT,Chatterjee_fluorinated_2018,0.95,2.13,53,1.06,,sm,PDI,5,
o-4TBC-2F,o-4TBC-4F,PBDB-T,PBDB-T,Chen_a fully_2020,0.76,20.48,65.7,10.26,polymer/SM,sm,unfused,2,
o-BTP-PhC6,o-BTP-PhC6,PTQ10,PTQ10,Chai_fine-tuning_2021,0.924,22.8,76.2,16,,sm,y,8,
OCH3-2F,OCH3-2F,PBDB-T,PBDB-T,Wang_high-performance_2021,0.74,16.66,64.63,8.01,,sm,unfused,2,
o-DOC6-2F,o-DOC6-2F,PBDB-T,PBDB-T,Hou_noncovalently_2020,0.89,18.58,71.84,11.87,,sm,unfused,3,
OF-PCIC,OF-PCIC,PBDB-TF,PBDB-TF,Li_revealing_2018,0.91,13.76,73.37,9.09,,sm,unfused,3,
O-IDTBCN,O-IDTBCN,PTB7-Th,PTB7-Th,Khan_impact_2021,0.74,17.7,70,9.1,,sm,fused,5,
o-IO1,o-IO1,PTB7-Th,PTB7-Th,Lee_bandgap_2020,0.74,26.3,67,13.1,polymer/SM,sm,fused,5,
o-IO2,o-IO2,PTB7-Th,PTB7-Th,Lee_bandgap_2020,0.68,21.8,63,9.3,polymer/SM,sm,fused,5,
O-NTIC,O-NTIC,PBDB-T,PBDB-T,Feng_synergistic_2018,0.978,13.31,69.9,9.1,,sm,fused,6,
O-NTNC,O-NTNC,PDCBT,PDCBT,Feng_synergistic_2018,0.94,15.51,66.3,10,,sm,fused,6,
O-NTNC,O-NTNC,PBDB-T,PBDB-T,Feng_synergistic_2018,0.942,15.98,73.4,11,,sm,fused,6,
ORCN,ORCN,P3HT,P3HT,Wu_simultaneous_2019,0.87,11.5,62.3,6.4,,sm,fused,5,
P(NDI2OD-T2),P_NDI2OD-T2_,PTB7-Th,PBDTT-TT-F,Jung_fluoro_2015,0.79,11.92,56,5.28,,sm,PDI,4,
PBI,PBI,P3HT,P3HT,Sharma_synthesis_2012,0.78,7.4,55,3.17,,sm,PDI,7,
PD-dIDTC6,PD-dIDTC6,PBDB-TF,PBDB-TF,Zhang_designing_2021,0.82,15.17,56,7.78,,sm,fused,5,
DOC2C6-2F,p-DOC6-2F,PBDB-T,PBDB-T,Huang_noncovalently_2019,0.85,21.35,73.15,13.24,,sm,unfused,3,
PF2-DTC,PF2-DTC,PBDB-TF,PBDB-TF,Fan_10.3%_2020,0.986,13.82,65.7,8.95,,polymer,polymer,,
PF2-DTGe,PF2-DTGe,PBDB-TF,PBDB-TF,Fan_mechanically_2020,0.97,14.48,57.6,8.09,,polymer,polymer,,
PF2-DTSi,PF2-DTSi,PBDB-TF,PBDB-TF,Fan_mechanically_2020,0.99,16.48,66.1,10.77,,polymer,polymer,,
PF3-DTC,PF3-DTC,PBDB-TF,PBDB-TF,Fan_10.3%_2020,0.973,13.77,58.5,7.83,,polymer,polymer,,
PF3-DTCO,PF3-DTCO,PBDB-TF,PBDB-TF,Fan_10.3%_2020,0.943,15.75,68.2,10.13,,polymer,polymer,,
PFA1,PFA1,PTzBI-oF,PTzBI-oF,Peng_a universal_2020,0.87,23.96,72.67,15.11,all polymer,polymer,polymer,,
PFBDT-IDTIC,PFBDT-IDTIC,PBDB-T,PBDB-T,Yao_efficient_2019,0.83,14.05,66,8,,polymer,polymer,,
PFBDT-IDTIC,PFBDT-IDTIC,PBDB-TF,PBDB-TF,Yao_efficient_2019,0.96,15.27,68,10,,polymer,polymer,,
Ph-DTDP-IC,Ph-DTDP-IC,PBDB-T,PBDB-T,Yang_molecular_2018,0.78,14.58,67.91,7.73,,sm,fused,5,
Ph-DTDP-TIC,Ph-DTDP-TIC,PBDB-T,PBDB-T,Yang_molecular_2018,0.89,17.31,59.61,9.21,,sm,fused,5,
Ph-DTDP-TTIC,Ph-DTDP-TTIC,PBDB-T,PBDB-T,Yang_molecular_2018,0.9,10.58,42.13,4.02,,sm,fused,5,
PhITBD,PhITBD,PTB7-Th,PTB7-Th,Kim_a new_2017,0.76,14.07,62,6.57,,sm,unfused,3,
F5IC,PI-4F,FTAZ,FTAZ,Dai_effect_2018,0.704,14.88,53.7,5.6,,sm,fused,5,
PI-4F,PI-4F,PBDB-TF,PBDB-TF,Lin_noncovalently_2021,0.84,13.2,64,7.1,polymer/SM,sm,fused,5,
PI-BT,PI-BT,P3HT,P3HT,Bloking_solution-processed_2011,0.96,4.7,56,2.54,,sm,unfused,2,
PIDIC2T,PIDIC2T,PBDB-T,PBDB-T,Li_toward_2020,0.8,9.07,41,2.97,all polymer,polymer,polymer,,
PIDIC2T,PIDIC2T,PBDB-TF,PBDB-TF,Li_toward_2020,0.9,10.47,52,4.89,all polymer,polymer,polymer,,
PIDIC2T2Cl,PIDIC2T2Cl,PBDB-T,PBDB-T,Li_toward_2020,0.82,10.75,60,5.34,all polymer,polymer,polymer,,
PIDIC2T2Cl,PIDIC2T2Cl,PBDB-TF,PBDB-TF,Li_toward_2020,0.9,12.66,62,7.11,all polymer,polymer,polymer,,
PIDIC2T2F,PIDIC2T2F,PBDB-TF,PBDB-TF,Li_toward_2020,0.9,12.81,43,4.96,all polymer,polymer,polymer,,
PIDIC2T2F,PIDIC2T2F,PBDB-T,PBDB-T,Li_toward_2020,0.85,9,53,4.07,all polymer,polymer,polymer,,
P-IDTzR,P-IDTzR,P3HT,P3HT,Ye_combination_2018,1.02,9,54.6,5.01,,sm,fused,5,
p-INPOIC,p-INPOIC,PBDB-T,PBDB-T,Feng_molecular_2019,0.835,18.4,63.2,9.71,,sm,fused,9,
p-IO1,p-IO1,PTB7-Th,PTB7-Th,Lee_bandgap_2020,0.78,22.3,62,10.8,polymer/SM,sm,fused,5,
PIST-4F,PIST-4F,PBDB-TF,PBDB-TF,Lin_noncovalently_2021,0.87,21.9,72,13.8,polymer/SM,sm,fused,5,
PY5T,PJ1-H,PTzBI-oF,PTzBI-oF,Peng_a universal_2020,0.91,9.91,44.42,4.01,all polymer,polymer,polymer,,
PJ1-H,PJ1-H,PBDB-T,PBDB-T,Jia_14.4%_2020,0.9,22.3,70,14.4,all polymer,polymer,polymer,,
PMI-F-PMI,PMI-F-PMI,P3HT,P3HT,Zhang_fluorene_2015,0.98,5.61,42,2.3,,sm,PDI,6,
PN1,PN1,PBDB-TF,PBDB-TF,Wu_all-polymer_2019,1,15.2,69,10.5,,polymer,polymer,,
PT2IC-4Cl,PT2IC-4Cl,PBDB-TF,PBDB-TF,Xia_fine-tuning_2021,0.834,20.7,72.37,12.51,,sm,y,9,
PTB4Cl,PTB4Cl,PBDB-TF,PBDB-TF,Wen_simple_2021,0.93,19.01,72.17,12.76,,sm,unfused,2,
PTB4F,PTB4F,PBDB-TF,PBDB-TF,Wen_simple_2021,0.94,14.55,51.48,7.04,,sm,unfused,2,
PTIC,PTIC,PBDB-TF,PBDB-TF,Yu_simple_2019,0.93,16.73,66,10.27,,sm,unfused,2,
PTIC-4Cl,PTIC-4Cl,PBDB-TF,PBDB-TF,Xia_fine-tuning_2021,0.86,23.3,73.89,14.81,,sm,y,8,
PTICH,PTICH,PBDB-TF,PBDB-TF,Yu_simple_2019,0.92,8.22,54,4.08,,sm,unfused,2,
PTICO,PTICO,PBDB-TF,PBDB-TF,Yu_simple_2019,1.01,12.6,52,6.62,,sm,unfused,2,
PT-IDTTIC,PT-IDTTIC,PBDB-TF,PBDB-TF,Yao_all-polymer_2020,0.97,17.96,67,12.06,,polymer,polymer,,
PY-1,PY-1,P1_mishra,P1_mishra,mishra_unprecedented_2017,0.83,10.53,56,4.89,,sm,unfused,3,
Py-2F,Py-2F,PBDB-T,PBDB-T,Li_easily_2021,0.92,15.44,68.22,9.73,,sm,fused,4,
Py-2H,Py-2H,PBDB-T,PBDB-T,Li_easily_2021,1.01,10.64,47.81,5.13,,sm,fused,4,
PY5-2TZ,PY5-2TZ,PBDB-T,PBDB-T,Zhou_introducing_2021,0.894,20.82,68.4,12.73,,polymer,polymer,,
PY5-BT,PY5-BT,PBDB-T,PBDB-T,Zhou_introducing_2021,0.891,15.05,60.4,8.12,,polymer,polymer,,
PY5-BTZ,PY5-BTZ,PBDB-T,PBDB-T,Zhou_introducing_2021,0.922,22.61,71.1,14.82,,polymer,polymer,,
PY5-PZ,PY5-PZ,PBDB-T,PBDB-T,Zhou_introducing_2021,0.893,19.91,68.2,12.1,,polymer,polymer,,
PYTT-1,PYTT-1,PBDB-T,PBDB-T,Wang_highly_2021,0.93,20.66,70.35,13.54,,polymer,polymer,,
PYTT-2,PYTT-2,PBDB-T,PBDB-T,Wang_highly_2021,0.91,22,71.53,14.32,,polymer,polymer,,
PYTT-3,PYTT-3,PBDB-T,PBDB-T,Wang_highly_2021,0.82,21.99,68.47,12.41,,polymer,polymer,,
PZ1,PZ1,PBDB-TF,PBDB-TF,Meng_11.2%_2019,0.96,17.1,68.2,11.2,all polymer,polymer,polymer,,
PZ1,PZ1,PBDB-T,PBDB-T,Zhang_constructing_2017,0.83,16.05,68.99,9.19,,polymer,polymer,,
PZ-dIDTC6,PZ-dIDTC6,PBDB-TF,PBDB-TF,Zhang_designing_2021,0.94,15.49,75,10.91,,sm,fused,5,
QCIC1,QCIC1,PBDB-T,PBDB-T,Ye_synergistic_2021,0.822,18.81,55.5,8.58,,sm,unfused,3,
QCIC3,QCIC3,PBDB-T,PBDB-T,Ye_synergistic_2021,0.816,19.39,66.9,10.55,,sm,unfused,3,
QOC6-4Cl,QOC6-4Cl,PBDB-T,PBDB-T,Huang_facile_2021,0.782,22.91,69.01,12.32,,sm,unfused,3,
QOC6-4H,QOC6-4H,PBDB-T,PBDB-T,Huang_facile_2021,0.862,16.19,56.64,7.9,,sm,unfused,3,
Qx1,Qx1,P3HT,P3HT,Xiao_quinoxaline_2018,1,6.02,67,4.03,,sm,fused,5,
Qx1b,Qx1b,P3HT,P3HT,Xiao_quinoxaline_2018,0.95,7.34,69,4.81,,sm,fused,5,
Qx3,Qx3,P3HT,P3HT,Xiao_side_2020,0.89,5.57,68,3.37,,sm,fused,5,
Qx3b,Qx3b,P3HT,P3HT,Xiao_side_2020,0.75,12.87,66,6.37,,sm,fused,5,
Qx3c,Qx3c,P3HT,P3HT,Xiao_side_2020,0.75,0.14,30,0.03,,sm,fused,5,
R10-4Cl,R10-4Cl,PBDB-T,PBDB-T,Qu_multiple_2019,0.85,18.9,66.6,10.7,,sm,fused,10,
R12-4Cl,R12-4Cl,PBDB-T,PBDB-T,Qu_multiple_2019,0.75,18.5,66.9,9.3,,sm,fused,12,
SCH3-2F,SCH3-2F,PBDB-T,PBDB-T,Wang_high-performance_2021,0.67,15.38,64.94,6.67,,sm,unfused,2,
SeCT-IC,SeCT-IC,J71,J71,Liu_modulating_2021,0.889,18.09,67.69,10.89,,sm,fused,7,
SeTIC,SeTIC,PBDB-TF,PBDB-TF,Wang_selenopheno_2018,0.95,15.45,51,7.46,polymer/SM,sm,fused,7,
CSeT-IC,SeTIC,J71,J71,Liu_modulating_2021,0.912,17.17,54.83,8.52,,sm,fused,7,
SeTIC4Cl,SeTIC4Cl,PBDB-TF,PBDB-TF,Wang_selenopheno_2018,0.78,22.92,75,13.32,polymer/SM,sm,fused,7,
SFBRCN,SFBRCN,PTB7,PTB7,Zhang_efficient_2017,0.85,13.85,60.7,7.34,,sm,unfused,3,
SFBRCN,SFBRCN,PTB7-Th,PTB7-Th,Zhang_efficient_2017,0.9,17.25,65.2,10.12,,sm,unfused,3,
SFBRCN,SFBRCN,PBDB-T,PBDB-T,Xu_highly_2017,0.97,13.65,70.9,9.39,,sm,unfused,3,
SF-HR,SF-HR,PTB7-Th,PTB7-Th,Lee_stable_2019,1.15,0.36,31,0.13,,sm,unfused,3,
SF-HR,SF-HR,P3HT,P3HT,Lee_stable_2019,1,8.23,49,4.01,polymer/SM,sm,unfused,3,
SF-OR,SF-OR,P3HT,P3HT,Qiu_nonfullerene_2016,0.97,7.5,65,4.7,,sm,unfused,3,
SIDIC,SIDIC,J71,J71,Cai_effects_2021,0.883,18.3,60.2,9.71,,sm,fused,5,
SJ-IC,SJ-IC,J60,J61,Li_insertion_2017,0.83,16.99,65.95,9.27,,sm,fused,5,
SN6IC,SN6IC,PBDB-T,PBDB-T,Huang_highly_2018,0.88,16.5,66,9.6,,sm,fused,6,
SN6IC-4F,SN6IC-4F,PBDB-T,PBDB-T,Huang_highly_2018,0.78,23.2,73,13.2,,sm,fused,6,
SNBDT1-F,SNBDT1-F,PBDB-T,PBDB-T,Zeng_significantly_2020,0.86,20.97,70.4,12.7,polymer/SM,sm,fused,7,
SSBR,SSBR,P3HT,P3HT,Tang_cyclopentadithiophene_2018,0.74,1.09,29.38,0.26,,sm,unfused,3,
SSBR,SSBR,PBDT-TS1,PBDT-TS1,Tang_cyclopentadithiophene_2018,0.85,11.95,36.85,3.99,,sm,unfused,3,
SSBR,SSBR,PBDTTT-E-T,PBDTTT-E-T,Tang_cyclopentadithiophene_2018,0.83,10.04,38.11,3.36,,sm,unfused,3,
SSBR,SSBR,PBDB-T,PBDB-T,Tang_cyclopentadithiophene_2018,0.88,9.12,40.45,3.44,,sm,unfused,3,
SSBR,SSBR,J60,J61,Tang_cyclopentadithiophene_2018,0.89,8.9,40.65,3.33,,sm,unfused,3,
SSBR,SSBR,PTB7-Th,PTB7-Th,Tang_cyclopentadithiophene_2018,0.92,15.91,55.8,8.16,,sm,unfused,3,
SSTI,SSTI,PTB7-Th,PTB7-Th,Lv_influence_2020,0.22,0.53,43,0.05,,sm,unfused,3,
S-WSeSe-Cl,S-WSeSe-Cl,PBDB-TF,PBDB-TF,Yang_a synergistic_2021,0.828,26.35,73.41,16.01,,sm,y,8,
SY1,SY1,PBDB-TF,PBDB-TF,Liu_asymmetric_2020,0.871,25.41,76,16.83,,sm,y,8,
SY3,SY3,PBDB-TF,PBDB-TF,Liu_asymmetric_2020,0.858,25.54,74.1,16.23,,sm,y,8,
TB-4Cl,TB-4Cl,PBDB-TF,PBDB-TF,Xia_fine-tuning_2021,0.835,23.2,74.56,14.45,,sm,y,7,
TBTT-BORH,TBTT-BORH,PTB7-Th,PTB7-Th,Lee_alkyl_2021,1.02,15.27,54,8.33,,sm,unfused,2,
TfIF-4FIC,TfIF-4FIC,PBDB-TF,PBDB-TF,Liu_15%_2019,0.98,17.6,76,13.1,polymer/SM,sm,fused,9,
TfIF-IC,TfIF-IC,PBDB-TF,PBDB-TF,Liu_15%_2019,1.01,10.8,54,5.9,polymer/SM,sm,fused,9,
Th-PhCHO,Th-PhCHO,P3HT,P3HT,Zheng_rational_2014,1.03,5.14,45,2.4,,sm,PDI,5,
TIDT-BT-R2,TIDT-BT-R2,PTB7-Th,PTB7-Th,Bai_efficient_2018,1.04,13.1,63.9,8.7,,sm,unfused,3,
TPBT-RCN,TPBT-RCN,P3HT,P3HT,Yang_A-DAD-A_2020,0.81,10.29,61.44,5.11,,sm,y,8,
TPD3,TPD3,J52-Cl,J52-Cl,Li_synthesis_2020,0.97,12.69,62,7.58,,sm,fused,5,
TCIC2F,TPDC-4F,PBDB-T,PBDB-T,Li_regulating_2021,0.713,19.1,64.6,8.8,,sm,unfused,3,
TPDC-4F,TPDC-4F,PBDB-TF,PBDB-TF,Luo_electron-deficient_2021,0.852,22.19,70.6,13.35,,sm,unfused,3,
TPDCIC,TPDCIC,PBDB-T,PBDB-T,Geng_non-fullerene_2019,0.83,18.16,67.14,10.12,,sm,unfused,3,
TPDCNC,TPDCNC,PBDB-T,PBDB-T,Geng_non-fullerene_2019,0.8,17.4,70.4,9.8,,sm,unfused,3,
TPIC,TPIC,PBDB-T-2Cl,PBDB-T-2Cl,Ma_understanding_2020,1.003,18.51,71.11,13.2,polymer/SM,sm,fused,7,
TPIC-4Cl,TPIC-4Cl,PBDB-T-2Cl,PBDB-T-2Cl,Ma_understanding_2020,0.885,22.89,75.7,15.4,polymer/SM,sm,fused,7,
TPIC-4F,TPIC-4F,PBDB-T-2Cl,PBDB-T-2Cl,Ma_understanding_2020,0.901,22.35,74.2,14.9,polymer/SM,sm,fused,7,
TPQ-Cl,TPQ-Cl,PBDB-TF,PBDB-TF,Sun_fused-ring_2021,0.837,25.19,62.99,13.28,,sm,y,8,
TPQ-F,TPQ-F,PBDB-TF,PBDB-TF,Sun_fused-ring_2021,0.857,23.7,66.5,13.51,,sm,y,8,
TPQx-4F,TPQx-4F,PBDB-TF,PBDB-TF,Zhao_fine-tuning_2020,0.94,15.42,54.52,7.75,,sm,y,8,
TPQx-6F,TPQx-6F,PBDB-TF,PBDB-TF,Zhao_fine-tuning_2020,0.92,22.37,72.16,14.62,,sm,y,8,
TPT-2F,TPT-2F,PBT1-C,PBT1-C,Song_extension_2018,0.874,13.89,68.6,8.33,,sm,fused,5,
TPTT-2F,TPTT-2F,PBT1-C,PBT1-C,Song_extension_2018,0.881,15.82,73,10.17,,sm,fused,6,
TPTTT-2F,TPTTT-2F,PBT1-C,PBT1-C,Song_extension_2018,0.916,17.63,74.5,12.03,,sm,fused,7,
TSeTIC,TSeTIC,PBDB-TF,PBDB-TF,Liu_achieving high performance_2019,0.93,19.42,75.9,13.71,,sm,fused,7,
TTIC-F,TTIC-F,PBDB-T,PBDB-T,Gao_design_2017,0.71,21.26,63,9.51,,sm,fused,6,
TTIC-M,TTIC-M,PBDB-T,PBDB-T,Gao_design_2017,0.83,19.07,63,9.97,,sm,fused,6,
TTIDIC,TTIDIC,J71,J71,Cai_effects_2021,0.914,10.7,66.9,6.54,,sm,fused,5,
TTPTTT-2F,TTPTTT-2F,PBT1-C,PBT1-C,Li_high-performance_2019,0.92,16.78,74.6,11.52,,sm,fused,8,
TTPTTT-4F,TTPTTT-4F,PBT1-C,PBT1-C,Li_high-performance_2019,0.863,19.36,72.1,12.05,,sm,fused,8,
TTPTTT-IC,TTPTTT-IC,PBT1-C,PBT1-C,Li_high-performance_2019,0.996,12.47,63.7,7.91,,sm,fused,8,
TTz1,TTz1,J71,J71,Peng_simple_2018,0.9,15.43,63.2,8.77,,sm,unfused,2,
TTz2,TTz2,J71,J71,Peng_simple_2018,0.92,12.75,53.7,6.3,,sm,unfused,2,
UF-Qx-2Cl,UF-Qx-2Cl,J51,J52,Chang_the_design_2022,0.76,22.71,63.09,10.81,,sm,unfused,3,
UF-Qx-2F,UF-Qx-2F,J51,J52,Chang_the_design_2022,0.78,21.64,62.12,10.54,,sm,unfused,3,
X1-PCIC,X1-PCIC,PBDB-T,PBDB-T,Li_near-infrared_2019,0.85,17.97,66.82,10.17,,sm,unfused,3,
X-PCIC,X-PCIC,PBDB-T,PBDB-T,Li_near-infrared_2019,0.84,21.8,62.51,11.5,,sm,unfused,3,
Y1,Y1,PBDB-TF,PBDB-TF,Wang_rational_2019,0.92,12.9,55.5,7.1,polymer/SM,sm,y,8,
Y1,Y1,PBDB-T,PBDB-T,Yuan_enabling_2019,0.87,22.44,69.1,13.42,,sm,y,8,
Y14,Y14,PBDB-TF,PBDB-TF,Luo_semitransparent_2019,0.866,16.83,58.24,8.49,polymer/SM,sm,y,8,
Y14,Y14,PTB7-Th,PTB7-Th,Luo_semitransparent_2019,0.788,21.28,62.24,10.44,polymer/SM,sm,y,8,
Y14,Y14,PBDB-T,PBDB-T,Luo_semitransparent_2019,0.798,26.15,71.48,14.92,polymer/SM,sm,y,8,
Y1-4F,Y1-4F,PBDB-T,PBDB-T,Wang_rational_2019,0.74,22.7,57.4,9.9,polymer/SM,sm,y,8,
Y11,Y1-4F,PBDB-TF,PBDB-TF,Liu_high-efficiency_2020,0.833,26.74,74.33,16.54,polymer/SM,sm,y,8,
Y18,Y18,PBDB-TF,PBDB-TF,Zhang_a disorder-free_2020,0.84,24.91,76.4,16.02,,sm,y,8,
Y18-1D,Y18-1D,P_chen,P_chen,Chen_indole-based_2020,0.84,24.53,74,15.25,,sm,y,8,
LL3-2Cl,Y19,PBDB-T,PBDB-T,Lu_high-efficiency_2021,0.79,26.96,67.7,14.4,,sm,y,8,
Y19,Y19,PBDB-TF,PBDB-TF,Cao_a new_2020,0.88,22.38,68.18,12.76,polymer/SM,sm,y,8,
Y2,Y2,PBDB-T,PBDB-T,Yuan_enabling_2019,0.82,23.56,69.4,13.4,polymer/SM,sm,y,8,
Y22,Y22,J71,J71,Cai_an asymmetric_2020,0.806,21.7,62.27,10.89,,sm,y,7,
Y22,Y22,QX2,QX2,Cai_an asymmetric_2020,0.785,23.76,68.07,12.69,,sm,y,7,
Y22,Y22,PBDB-TF,PBDB-TF,Cai_an asymmetric_2020,0.853,24.37,74.12,15.4,,sm,y,7,
Y25,Y25,PBDB-TF,PBDB-TF,Song_over_2021,0.8,20.19,72.14,11.65,,sm,y,6,
Y26,Y26,PBDB-TF,PBDB-TF,Song_over_2021,0.83,21.63,74.33,13.34,,sm,y,6,
Y5,Y5,P3HT,P3HT,Yang_A-DAD-A_2020,0.59,12.17,50.42,3.6,polymer/SM,sm,y,8,
Y5,Y5,J60,J61,Yuan_fused_2019,0.9,21.1,58.3,11,,sm,y,9,
Y5,Y5,TTFQx-T1,TTFQx-T1,Yuan_fused_2019,0.89,21.2,69.6,13.1,,sm,y,10,
Y5,Y5,PBDB-T,PBDB-T,Yuan_fused_2019,0.88,22.8,70.2,14.1,polymer/SM,sm,y,11,
BTP-eC9,Y5,PBDB-TF,PBDB-TF,Cui_single-junction_2020,0.839,26.2,81.1,17.8,,sm,y,12,
Y6,Y6,PDCBT-Cl,PDCBT-Cl,Liang_optimization_2020,0.88,2.2,27.1,0.48,,sm,y,8,
Y6,Y6,PTQ8,PTQ8,Sun_achieving_2019,0.89,3.11,32.5,0.9,,sm,y,8,
Y6,Y6,3BDT-4,3BDT-4,Yang_achieving_2021,0.829,17,41.3,5.82,all SM,sm,y,8,sm
Y6,Y6,PBB,PBB,Chao_enhanced_2020,0.84,4.25,42.36,1.51,,sm,y,8,
Y6,Y6,PTQ7,PTQ7,Sun_achieving_2019,0.71,18.65,43.4,5.75,,sm,y,8,
Y6,Y6,P3HT,P3HT,Yang_A-DAD-A_2020,0.45,11.66,45.49,2.41,polymer/SM,sm,y,8,
Y6,Y6,PE31,PE31,Tang_molecular_2019,0.8,20.45,48.86,7.62,,sm,y,8,
Y6,Y6,Qx-8F,Qx-8F,Wang_precise_2021,0.627,19.06,50.71,6.07,,sm,y,8,
Y6,Y6,PE32,PE32,Tang_molecular_2019,0.75,18.44,53.03,7.31,,sm,y,8,
Y6,Y6,J71,J71,Xie_16.5%_2020,0.87,20.54,53.6,9.6,polymer/SM,sm,y,8,
Y6,Y6,J51,J52,Li_indacenodithieno_2019,0.65,20.43,53.82,7.15,,sm,y,8,
Y6,Y6,PTQ9,PTQ9,Sun_achieving_2019,0.82,23.72,54,10.5,,sm,y,8,
Y6,Y6,P-P,P-P,Zheng_benzo_2021,0.616,24.2,54.32,8.11,,sm,y,8,
Y6,Y6,PBBSe-H,PBBSe-H,Chao_enhanced_2020,0.65,22.23,56.4,8.17,,sm,y,8,
Y6,Y6,3BDT-5,3BDT-5,Yang_achieving_2022,0.84,21.3,58.1,10.4,all SM,sm,y,8,sm
Y6,Y6,J52-Cl,J52-Cl,Tang_molecular_2019,0.84,23.77,61.44,12.31,,sm,y,8,
Y6,Y6,TPD-3F,TPD-3F,Wu_to fluorinate_2021,0.87,21.07,62.2,11.4,,sm,y,8,
Y6,Y6,BTR-Cl,BTR-Cl,Chen_all-small-molecule_2019,0.86,24.17,62.5,13.61,,sm,y,8,sm
N3,Y6,BTR,BTR,Liu_mixed_2021,0.796,22.1,64.49,11.34,all SM,sm,y,8,sm
Y6,Y6,P-FT,P-FT,Zheng_achieving_2021,0.745,21.87,65.12,10.61,polymer/SM,sm,y,8,
Y6,Y6,Qx-10F,Qx-10F,Wang_precise_2021,0.779,24.83,65.84,12.75,,sm,y,8,
Y6,Y6,PbiTPD,PbiTPD,Zhao_bithieno_2020,0.83,25.6,66.7,14.2,,sm,y,8,
Y6,Y6,PIDTTDTffBTA,PIDTTDTffBTA,Li_indacenodithieno_2019,0.74,22.7,66.73,11.05,,sm,y,8,
Y6,Y6,SM,SM1,Qiu_highly_2020,0.805,23.59,67,12.72,,sm,y,8,sm
Y6,Y6,SM1-S,SM1-S,Qiu_highly_2020,0.825,23.23,67.7,12.94,,sm,y,8,sm
Y6,Y6,ZR1,ZR1,Zhou_all-small-molecule_2019,0.861,24.34,68.44,14.34,all SM,sm,y,8,sm
Y6,Y6,PTPD,TPD-3,Wu_to fluorinate_2021,0.83,26.7,68.5,15.2,,sm,y,8,
Y6,Y6,BSFTR,BSFTR,Yue_13.7%_2019,0.85,23.16,69.66,13.69,all SM,sm,y,8,sm
Y6,Y6,SM1-F,SM1-F,Qiu_highly_2020,0.866,23.25,69.9,14.07,,sm,y,8,sm
Y6,Y6,P-CIT,P-CIT,Zheng_benzo_2021,0.77,19.71,70.12,10.64,,sm,y,8,
Y6,Y6,P-4FP,P-4FP,Zheng_benzo_2021,0.8,22.61,70.28,12.71,,sm,y,8,
Y6,Y6,P-FP,P-FP,Zheng_achieving_2021,0.815,23.27,70.37,13.34,polymer/SM,sm,y,8,
Y6,Y6,W1,W1,Wang_a 2.16eV_2019,0.88,25.87,70.7,16.16,,sm,y,8,
Y6,Y6,Qx-12F,Qx-12F,Wang_precise_2021,0.847,24.55,72.88,15.21,,sm,y,8,
Y6,Y6,PBBSe-Cl,PBBSe-Cl,Chao_enhanced_2020,0.82,24.07,73.16,14.44,,sm,y,8,
Y6,Y6,PBDB-T-2Cl,PBDB-T-2Cl,Ma_improving_2020,0.882,25.605,73.3,17.037,polymer/SM,sm,y,8,
BTPTT-4F,Y6,P2F-Ehp,P2F-Ehp,Fan_achieving_2019,0.81,26.68,74.11,16.02,,sm,y,8,
Y6,Y6,PBCT-2F,PBCT-2F,Yuan_a donor_2021,0.85,27.2,74.3,17.1,polymer/SM,sm,y,8,
Y6,Y6,L1,D16,Xiong_thiolactone_2019,0.85,25.41,74.9,16.22,,sm,y,8,
Y6,Y6,PE4,PE4,Tang_molecular_2019,0.84,22.21,75.43,14.02,,sm,y,8,
Y6,Y6,PTQ10,PTQ10,Fan_synergistic_2021,0.831,26.28,78.4,17.13,,sm,y,8,
N3,Y6,D18,D18,Jin_D18_2021,0.86,27.44,78.5,18.56,,sm,y,8,
L8-BO,Y6,PBDB-TF,PBDB-TF,Meng_18.77%_2021,0.89,26.37,79.94,18.77,polymer/SM,sm,y,8,
Y6-1O,Y6-1O,PBDB-TF,PBDB-TF,Chen_asymmetric_2021,0.89,23.2,78.3,16.1,,sm,y,8,
Y6-2Se,Y6-2Se,PBDB-TF,PBDB-TF,Yu_tailoring_2020,0.83,24.32,70,14.94,,sm,y,8,
Y6-O,Y6-O,PBDB-TF,PBDB-TF,Chen_alkoxy_2022,0.95,22.4,78,16.6,polymer/SM,sm,y,8,
Y6-Se,Y6-Se,PBDB-TF,PBDB-TF,Yu_tailoring_2020,0.82,25.47,75,16.02,,sm,y,8,
Y6-Se,Y6-Se,D18,D18,Zhang_selenium_2020,0.839,27.98,75.3,17.7,,sm,y,8,
Y6-T,Y6-T,PvBDT-F,PvBDT-F,Zhang_efficient_2021,0.87,14.28,52.5,6.52,,sm,y,8,
Y6-T,Y6-T,PvBDT-Cl,PvBDT-Cl,Zhang_efficient_2021,0.91,15.31,59.1,8.23,,sm,y,8,
Y9,Y9,PBDB-T,PBDB-T,Luo_a new_2020,0.9,23.28,63,13.26,,sm,y,8,
Y9-2Br,Y9-2Br,PBDB-T,PBDB-T,Zhang_bromination_2021,0.84,21.38,67.11,12.05,,sm,y,8,
YF25,YF25,P3HT,P3HT,Fang_narrow_2013,0.54,4.85,54.7,1.43,,sm,unfused,3,
YITI-0F,YITI-0F,PBDB-T,PBDB-T,Yue_design_2018,0.978,13.4,67.18,8.81,,sm,fused,4,
YITI-2F,YITI-2F,PBDB-T,PBDB-T,Yue_design_2018,0.928,15.54,69.69,10.05,,sm,fused,4,
YITI-4F,YITI-4F,PBDB-T,PBDB-T,Yue_design_2018,0.825,14.41,55.89,6.64,,sm,fused,4,
Y-T,Y-T,PBDB-TF,PBDB-TF,Yin_boosting_2021,1.19,9.21,46.15,5.06,,sm,y,8,
ZITI,ZITI,J71,J71,Liu_design_2018,0.93,20.37,69.49,13.24,,sm,fused,8,
ZITI,ZITI,J100,J101 (actually J100),Wang_a wide-bandgap_2019,0.937,21.25,72.48,14.43,,sm,fused,8,
ZITI,ZITI,PBDB-T,PBDB-T,Liu_design_2018,0.89,19.8,74.04,13.03,,sm,fused,8,
ZITI-C,ZITI-C,J71,J71,Zhang_revealing_2019,0.851,21.3,72.76,13.18,,sm,fused,8,
ZITI-N,ZITI-N,PTQ10,PTQ10,Zhang_accurate_2020,0.967,12.03,60.68,7.06,,sm,fused,8,
ZITI-N,ZITI-N,J71,J71,Zhang_revealing_2019,0.876,21.78,72,13.68,,sm,fused,8,
ZITI-S,ZITI-S,J71,J71,Zhang_revealing_2019,0.811,17.39,64.62,9.12,,sm,fused,8,
ZITI-S,ZITI-S,PTQ10,PTQ10,Zhang_accurate_2020,0.96,16.94,65.75,10.69,,sm,fused,8,
ZY-4Cl,ZY-4Cl,P3HT,P3HT,Yang_molecular design_2020,0.88,16.49,65,9.46,polymer/SM,sm,y,8,
