Molecule,Reference,A (acceptor) or D (donor),max abs solution,max abs film,opt bg,HOMO,LUMO
BTDT2R,Ahn_simple_2019,A,530,550,1.88,-5.61,-3.73
PPDT2FBT,Ahn_simple_2019,D,,,,-5.43,-3.67
PTB7-Th,Ahn_simple_2019,D,,,,-5.34,-3.74
P3HT,Ahn_simple_2019,D,,,,-5.14,-3.14
ITIC-C9,Aldrich_enhancing_2017,A,,,,-5.78,-3.97
PBDB-TF,Aldrich_enhancing_2017,D,,,,-5.66,-3.81
PBDB-T,Aldrich_enhancing_2017,D,,,,-5.52,-3.68
ITIC-6F,Aldrich_fluorination_2019,A,695,745,1.51,-5.78,-4.16
ITIC-2F,Aldrich_fluorination_2019,A,676,722,1.56,-5.76,-4.07
ITIC-4F,Aldrich_fluorination_2019,A,682,728,1.55,-5.74,-4.15
ITIC-3F,Aldrich_fluorination_2019,A,685,730,1.54,-5.73,-4.12
ITIC-0F,Aldrich_fluorination_2019,A,668,708,1.59,-5.7,-4
PBDB-TF,Aldrich_fluorination_2019,D,,,,-5.66,-3.81
ITIC-Th,An_A1-A2_2019,A,,,,-5.66,-3.93
PB68-3TDC,An_A1-A2_2019,D,,555,1.92,-5.41,-3.57
PB24-TTDC,An_A1-A2_2019,D,,556,1.91,-5.36,-3.58
BDTIT-M,An_energy_2018,A,700,730,1.55,-5.4,-3.85
BDTThIT-M,An_energy_2018,A,710,738,1.53,-5.35,-3.82
PBDB-T,An_energy_2018,D,,,,-5.31,-3.51
ITIC,An_nonhalogen_2018,A,,,,-5.51,-3.84
PBDT-S-2TC,An_nonhalogen_2018,D,,,,-5.47,-3.58
PBDB-T-2F,An_ternary_2019,D,,,,-5.45,-3.65
J71,An_ternary_2019,D,,,,-5.4,-3.24
O-IDTBR,Badgujar_highly_2016,A,,,,-5.46,-3.89
BDT3TR,Badgujar_highly_2016,D,,,,-5.1,-3.28
TIDT-BT-R2,Bai_efficient_2018,A,,604,,-5.25,-3.65
PTB7-Th,Bai_efficient_2018,D,,,,-5.15,-3.44
IDT-2BM,Bai_nonfullerene_2015,A,660,688,1.6,-5.6,-3.8
IDTT-2BM,Bai_nonfullerene_2015,A,672,714,1.54,-5.5,-3.8
ITIC,Bao_high_2017,A,,,,-5.63,-3.97
PTBTz-2,Bao_high_2017,D,,,,-5.48,-3.52
FBR,Baran_reduced_2016,A,,509,,-5.83,-3.57
IDTBR,Baran_reduced_2016,A,,,,-5.5,-3.9
PffBT4T-2DT,Baran_reduced_2016,D,,,,-5.34,-3.7
IDTBR,Baran_reducing_2017,A,,,,-5.75,-3.7
P3HT,Baran_reducing_2017,D,,,,-5.1,-3.2
ITIC,Bauer_donor_2017,A,,,,-5.64,-4.04
FTAZ,Bauer_donor_2017,D,,,,-5.48,-3.47
HTAZ,Bauer_donor_2017,D,,,,-5.42,-3.44
ITIC,Bin_11.4%_2016,A,,,,-5.51,-3.84
J71,Bin_11.4%_2016,D,,,,-5.4,-3.24
J74,Bin_effect_2018,D,,526,1.99,-5.56,-3.06
J73,Bin_effect_2018,D,,576,1.98,-5.46,-2.92
J72,Bin_effect_2018,D,,578,1.98,-5.42,-3.29
J71,Bin_effect_2018,D,,580,1.96,-5.4,-3.24
J70,Bin_effect_2018,D,,580,1.99,-5.37,-2.91
J101,Bin_effect_2020,D,,,1.96,-5.47,-2.97
J100,Bin_effect_2020,D,,,1.95,-5.35,-3
J71-Cl,Bin_effect_2020,D,,,1.96,-5.33,-2.98
J71,Bin_effect_2020,D,,,1.96,-5.31,-2.94
J81,Bin_medium_2017,D,,,,-5.43,-2.98
J60,Bin_non-fullerene_2016,D,,598,1.93,-5.32,-3.08
J61,Bin_non-fullerene_2016,D,,600,1.93,-5.32,-2.99
J52,Bin_non-fullerene_2016,D,,590,1.96,-5.21,-3.08
H14,Bin_precise_2020,D,,,,-5.46,-3.47
H13,Bin_precise_2020,D,,,,-5.43,-3.39
H11,Bin_precise_2020,D,,,,-5.27,-3.45
PI-BT,Bloking_solution-processed_2011,A,,448,2.34,-5.8,-3.3
Y22,Cai_an asymmetric_2020,A,,,,-5.69,-3.94
PBDB-TF,Cai_an asymmetric_2020,D,,,,-5.43,-3.42
J71,Cai_an asymmetric_2020,D,,,,-5.4,-3.24
QX2,Cai_an asymmetric_2020,D,,,,-5.4,-3.1
IDTT-Br-2F,Cai_an asymmetry_2022,A,,,1.58,-5.79,-3.99
ITCC-Br,Cai_an asymmetry_2022,A,,,1.64,-5.74,-3.91
PBDB-T-2Cl,Cai_an asymmetry_2022,D,,,,-5.51,-3.71
PBDB-TF,Cai_an asymmetry_2022,D,,,,-5.47,-3.67
IDTT-Cl-2F,Cai_asymmetric_2021,A,,,1.56,-5.42,-3.92
IDTT-M-2F,Cai_asymmetric_2021,A,,,1.59,-5.4,-3.87
ITCC-Cl,Cai_asymmetric_2021,A,,,1.66,-5.4,-3.78
ITCC-M,Cai_asymmetric_2021,A,,,1.72,-5.35,-3.69
BTIDIC,Cai_effects_2021,A,713,766,1.47,-5.48,-3.97
SIDIC,Cai_effects_2021,A,728,759,1.43,-5.44,-3.93
TTIDIC,Cai_effects_2021,A,705,766,1.46,-5.43,-3.92
J71,Cai_effects_2021,D,,,,-5.4,-3.65
M4,Cai_enhancing_2020,A,742,798,1.38,-5.61,-3.97
PBDB-TF,Cai_enhancing_2020,D,,,,-5.5,-3.6
M1,Cai_enhancing_2020,A,726,774,1.44,-5.48,-3.8
IPT2F-TT,Cao_2D_2020,A,724,764,1.45,-5.6,-4
IPT2F-Th,Cao_2D_2020,A,726,759,1.47,-5.58,-4.03
IPT2F-Ph,Cao_2D_2020,A,732,769,1.46,-5.57,-4
Y19,Cao_a new_2020,A,776,873,1.308,-5.68,-3.95
PBDB-TF,Cao_a new_2020,D,,,,-5.52,-3.58
DBT-4F,Cao_asymmetric_2021,A,703,789,1.43,-5.67,-3.87
DBD-4F,Cao_asymmetric_2021,A,731,816,1.38,-5.55,-3.74
DBTD-4F,Cao_asymmetric_2021,A,753,751,1.34,-5.51,-3.9
PBDB-T,Cao_asymmetric_2021,D,,,,-5.23,-3.18
DTCC-IC,Cao_design_2017,A,669,731,1.59,-5.5,-3.87
PTB7-Th,Cao_design_2017,D,,,,-5.2,-3.56
BPT-4F,Chai_deciphering_2020,A,727,,1.36,-5.59,-4
BPF-4F,Chai_deciphering_2020,A,742,,1.36,-5.58,-3.98
BPS-4F,Chai_deciphering_2020,A,749,,1.29,-5.54,-4
SZ5,Chai_deciphering_2020,D,,,,-5.5,-2.92
BTP-PhC6,Chai_enahnced_2020,A,,,,-5.58,-3.85
PBDB-TF,Chai_enahnced_2020,D,,,,-5.5,-3.55
m-BTP-C6Ph,Chai_fine-tuning_2021,A,728,806,1.35,-5.59,-3.86
p-BTP-C6Ph,Chai_fine-tuning_2021,A,728,805,1.36,-5.59,-3.85
o-BTP-C6Ph,Chai_fine-tuning_2021,A,730,790,1.39,-5.53,-3.76
PTQ10,Chai_fine-tuning_2021,D,,,,-5.53,-2.81
BID-4F,Chang_diflurobenzothiadiazole_2020,A,,749,1.53,-5.69,-3.73
IDTT-BH,Chang_fine-tuning_2018,A,710,733,1.54,-5.42,-3.86
IDTT-OBH,Chang_fine-tuning_2018,A,710,733,1.57,-5.41,-3.86
J71,Chang_fine-tuning_2018,D,,,,-5.4,-3.24
PBDB-T,Chang_fine-tuning_2018,D,,,,-5.33,-2.92
PDCBT,Chang_fine-tuning_2018,D,,,,-5.31,-3
ITIC,Chang_isomerically_2019,A,664,705,1.59,-5.61,-4.01
ITBC,Chang_isomerically_2019,A,664,691,1.59,-5.49,-3.9
DTCC-IC,Chang_isomerically_2019,A,655,681,1.66,-5.47,-3.83
DTCC-BC,Chang_isomerically_2019,A,643,671,1.67,-5.46,-3.81
BDCPDT-IC,Chang_isomerically_2019,A,696,727,1.53,-5.41,-3.87
PDCPDT-BC,Chang_isomerically_2019,A,680,717,1.53,-5.4,-3.85
PBDB-T,Chang_isomerically_2019,D,,,,-5.36,-3.54
BDCPDT-FIC,Chang_new_2018,A,710,748,1.49,-5.52,-4
BDCPDT-IC,Chang_new_2018,A,696,727,1.53,-5.41,-3.87
BDCPDT-TTC,Chang_new_2018,A,671,700,1.58,-5.38,-3.78
PBDB-T,Chang_new_2018,D,,,,-5.36,-3.54
UF-Qx-2Cl,Chang_the_design_2022,A,772,824,1.29,-5.55,-3.89
UF-Qx-2F,Chang_the_design_2022,A,759,804,1.32,-5.53,-3.84
ITIC,Chao_chlorination_2018,A,,,,-5.48,-3.83
PBCIT,Chao_chlorination_2018,D,691,695,1.64,-5.47,-3.61
PBT7-Th,Chao_chlorination_2018,D,701,705,1.61,-5.27,-3.48
Y6,Chao_enhanced_2020,A,,,,-5.65,-4.1
PBB,Chao_enhanced_2020,D,512,551,1.95,-5.54,-3.59
PBBSe-Cl,Chao_enhanced_2020,D,643,645,1.73,-5.36,-3.63
PBBSe-H,Chao_enhanced_2020,D,651,657,1.71,-5.16,-3.45
IT-4F,Chao_multichloro_2018,A,,,,-5.66,-4.14
PBT4Cl-Bz,Chao_multichloro_2018,D,571,573,2.01,-5.64,-3.57
PBT2Clas-Bz,Chao_multichloro_2018,D,569,574,1.97,-5.48,-3.56
PBT2Cls-Bz,Chao_multichloro_2018,D,580,585,1.96,-5.47,-3.58
PBT1Cl-Bz,Chao_multichloro_2018,D,581,588,1.93,-5.39,-3.57
ITIC,Chao_synergistic_2018,A,,,,-5.48,-3.83
2D-PBTCl,Chao_synergistic_2018,D,625,627,1.72,-5.45,-3.6
2D-PBTCl2,Chao_synergistic_2018,D,593,642,1.66,-5.43,-3.63
PTB7-Th,Chao_synergistic_2018,D,,,,-5.38,-3.7
FNTz-Teh-FA,Chatterjee_fluorinated_2018,A,525,,2.08,-6.17,-3.55
NTz-Teh-FA,Chatterjee_fluorinated_2018,A,509,,2.13,-6.06,-3.38
NTz-Np,Chatterjee_naphtho_2016,A,533,,1.73,-6.01,-3.6
BTz-Np,Chatterjee_naphtho_2016,A,517,,1.82,-5.95,-3.44
P3HT,Chatterjee_naphtho_2016,D,,,,-4.72,-2.81
BTIC-2Cl-yCF3,Chen_17.1%_2021,A,,,,-5.55,-4
PBDB-TF,Chen_17.1%_2021,D,,,,-5.45,-3.64
DTC-4F,Chen_a chlorinated_2020,A,672,701,1.63,-5.79,-3.92
DTTC-4Cl,Chen_a chlorinated_2020,A,690,753,1.47,-5.72,-4.03
DTTC-4F,Chen_a chlorinated_2020,A,676,725,1.55,-5.69,-3.91
PBDB-T-2F,Chen_a chlorinated_2020,D,,,,-5.56,-3.5
m-4TBC-2F,Chen_a fully_2020,A,595,606,1.66,-5.68,-4
o-4TBC-2F,Chen_a fully_2020,A,671,825,1.34,-5.63,-4
PBDB-T,Chen_a fully_2020,D,,,,-5.23,-3.42
IEICS-4F,Chen_a non-fullerene_2018,A,,,1.35,-5.43,-4.08
IDTN,Chen_alkoxy_2021,A,688,732,1.57,-5.81,-3.97
IDTN-O,Chen_alkoxy_2021,A,686,728,1.59,-5.77,-3.89
Y6,Chen_alkoxy_2021,A,733,826,1.37,-5.71,-3.89
PBDB-TF,Chen_alkoxy_2021,D,,,,-5.6,-3.51
J71,Chen_alkoxy_2021,D,,,,-5.45,-3.32
Y6-O,Chen_alkoxy_2022,A,702,768,1.52,-5.75,-3.71
Y6,Chen_all-small-molecule_2019,A,,,,-5.65,-4.1
BTR-Cl,Chen_all-small-molecule_2019,D,520,624,1.78,-5.46,-3.7
BTR,Chen_all-small-molecule_2019,D,520,620,1.78,-5.34,-3.53
Y6-2O,Chen_asymmetric_2021,A,701,,1.45,-5.73,-3.76
Y6,Chen_asymmetric_2021,A,732,,1.35,-5.71,-3.89
Y6-1O,Chen_asymmetric_2021,A,715,,1.43,-5.71,-3.84
PBTB-TF,Chen_asymmetric_2021,D,,,,-5.6,-3.51
PvBDTTAZ,Chen_awide-bandgap_2017,D,,,,-5.47,-3.42
m-ITIC,Chen_backbone_2019,A,,,,-5.52,-3.83
2TC-TT-BDTFT,Chen_backbone_2019,D,,,,-5.45,-3.5
2T-TCC-BDTFT,Chen_backbone_2019,D,,,,-5.41,-3.53
ACS8,Chen_highly_2019,A,,,,-5.54,-4.05
PTB7-Th,Chen_highly_2019,D,,,,-5.3,-3.33
BO-4F,Chen_high-performance_2021,A,733,811,1.4,-5.7,-4.01
EH-HD-4F,Chen_high-performance_2021,A,732,813,1.39,-5.69,-4.04
Bu-OD-4F,Chen_high-performance_2021,A,732,801,1.42,-5.68,-4.01
PBDB-TF,Chen_high-performance_2021,D,,,,-5.45,-3.64
Y18-1D,Chen_indole-based_2020,A,,,,-5.43,-3.75
P,Chen_indole-based_2020,D,,,,-5.38,-3.62
IXIC-2Cl,Chen_modulation_2018,A,773.5,939,1.3,-5.2,-3.9
IXIC-4Cl,Chen_modulation_2018,A,789,866,1.25,-5.2,-3.95
IXIC,Chen_modulation_2018,A,751.5,799.5,1.35,-5.13,-3.78
ITIC,Chen_revealing_2019,A,,,,-5.6,-3.85
m-PBDTPS-FTAZ,Chen_revealing_2019,D,567,579,2,-5.4,-3.4
p-PBDTPS-FTAZ,Chen_revealing_2019,D,583,589,1.96,-5.32,-3.36
ITIC-Th,Chen_surprising_2017,A,,,,-5.66,-3.93
PffBT4T-B,Chen_surprising_2017,D,,,,-5.61,-3.58
PffBT4T,Chen_surprising_2017,D,,,,-5.36,-3.71
IT-M,Cheng_efficient_2019,A,,,,-5.6,-4
F8IC,Cheng_efficient_2019,A,,,,-5.4,-4
FOIC,Cheng_efficient_2019,A,,,,-5.4,-3.9
PBDB-T,Cheng_efficient_2019,D,,,,-5.3,-3.5
PTB7-Th,Cheng_efficient_2019,D,,,,-5.2,-3.6
DTG-IW,Cho_dithienogermole_2020,A,720,822,1.32,-5.63,-4.07
PTB7-Th,Cho_dithienogermole_2020,D,,,,-5.2,-3.6
IEICO-4Cl,Cui_efficient_2017,A,802,887,1.23,-5.56,-4.23
ITIC,Cui_fine-tuned_2017,A,,,,-5.53,-3.87
ITCC-M,Cui_fine-tuned_2017,A,,,,-5.5,-3.67
PBDB-T,Cui_fine-tuned_2017,D,,,,-5.33,-3.53
IEICO,Cui_fine-tuned_2017,A,,,,-5.32,-3.95
PBDTTT-E-T,Cui_fine-tuned_2017,D,,,,-5.09,-3.22
BTP-4Cl,Cui_over_2019,A,,,,-5.68,-4.12
BTP-4F,Cui_over_2019,A,,,,-5.65,-4.02
PBDB-TF,Cui_over_2019,D,,,,-5.45,-3.64
eC9-2Cl,Cui_single-junction_2021,A,,,,-5.57,-3.74
F-BTA3,Cui_single-junction_2021,A,,,,-5.52,-3.39
PBQx-TF,Cui_single-junction_2021,D,,,,-5.41,-2.82
F5IC,Dai_effect_2018,A,666,694,1.64,-5.82,-4.05
F7IC,Dai_effect_2018,A,690,730,1.56,-5.74,-4.01
F9IC,Dai_effect_2018,A,710,746,1.49,-5.52,-3.97
FTAZ,Dai_effect_2018,D,,,,-5.38,-3.17
INIC1,Dai_fused_2017,A,710,720,1.56,-5.54,-3.97
INIC2,Dai_fused_2017,A,704,728,1.52,-5.52,-3.98
INIC3,Dai_fused_2017,A,710,744,1.48,-5.52,-4.02
INIC,Dai_fused_2017,A,692,706,1.57,-5.45,-3.88
FTAZ,Dai_fused_2017,D,,,,-5.38,-3.17
AFI3,Ding_acenaphtho_2017,A,504,519,,-5.99,-3.52
Y6,Ding_boosting_2021,A,,,,-5.6,-4.1
PBDB-TF,Ding_boosting_2021,D,,,,-5.5,-3.61
2T2Se-F,Ding_selenophene_2022,A,694,806,1.31,-5.52,-3.83
PBDB-TF,Ding_selenophene_2022,D,,,,-5.45,-3.64
DPP-FN-DPP,Do_9-fluorenone_2017,A,585,653,1.75,-5.56,-3.81
P3HT,Do_9-fluorenone_2017,D,,,,-5.2,-3.2
NAI-FN-NAI(BO),Do_molecular_2017,A,411,426,2.13,-6.07,-3.96
P3HT,Do_molecular_2017,D,,,,-5.2,-3.2
IT-4F,Dong_towards_2019,A,,,,-5.66,-4.14
PBT-Cl,Dong_towards_2019,D,,,,-5.51,-3.6
PBT-F,Dong_towards_2019,D,,,,-5.39,-3.65
PF2-DTC,Fan_10.3%_2020,A,,,,-5.76,-3.9
PF3-DTC,Fan_10.3%_2020,A,,,,-5.73,-3.91
PF3-DTCO,Fan_10.3%_2020,A,,,,-5.71,-3.95
PBDB-TF,Fan_10.3%_2020,D,,,,-5.5,-3.61
NFTI,Fan_a thieno_2018,A,,,,-5.46,-3.77
BTPT-4F,Fan_achieving_2019,A,,,,-5.73,-4
BTPTT-4F,Fan_achieving_2019,A,,,,-5.68,-4.06
P2F-Ehp,Fan_achieving_2019,D,,,,-5.46,-3.13
IT-F,Fan_fine-tuning_2018,A,,,,-5.66,-3.95
IT-2F,Fan_fine-tuning_2018,A,,,,-5.64,-4.05
ITIC,Fan_fine-tuning_2018,A,,,,-5.64,-3.89
P2F-EO,Fan_fine-tuning_2018,D,,,,-5.41,-3.08
P2F-EHp,Fan_fine-tuning_2018,D,,,,-5.38,-3.06
P2F-EH,Fan_fine-tuning_2018,D,,,,-5.36,-3.04
ITIC,Fan_high-performance nonfullerene polymer_2017,A,,,,-5.51,-3.78
PTzBI-DT,Fan_high-performance nonfullerene polymer_2017,D,,,,-5.39,-3.51
PTzBI,Fan_high-performance nonfullerene polymer_2017,D,,,,-5.34,-3.46
ITIC,Fan_high-performance nonfullerene_2017,A,,,,-5.6,-3.85
PBPD-Th,Fan_high-performance nonfullerene_2017,D,,,,-5.42,-3.36
ITIC,Fan_high-performance Non-Fullerene_2017,A,,,,-5.48,-3.83
PFBZ,Fan_high-performance Non-Fullerene_2017,D,,,,-5.36,-3.42
PBZ,Fan_high-performance Non-Fullerene_2017,D,,,,-5.18,-3.22
IDIC,Fan_high-performance_2018,A,,,,-5.65,-3.91
PBDB-TF,Fan_high-performance_2018,D,,,,-5.5,-3.61
IFBR,Fan_improved_2017,A,,,,-5.69,-3.64
PBTA-BO,Fan_improved_2017,D,,,,-5.31,-2.89
PF2-DTGe,Fan_mechanically_2020,A,,,,-5.78,-3.9
PF2-DTC,Fan_mechanically_2020,A,,,,-5.76,-3.9
PF2-DTSi,Fan_mechanically_2020,A,,,,-5.74,-3.87
PBDB-TF,Fan_mechanically_2020,D,,,,-5.5,-3.61
IDT6CN-M,Fan_overcoming_2019,A,,,1.6,-5.6,-3.87
PM7,Fan_overcoming_2019,D,,,,-5.52,-3.57
PM6,Fan_overcoming_2019,D,,,,-5.5,-3.61
PBDB-T,Fan_overcoming_2019,D,,,,-5.34,-3.32
YF25,Fang_narrow_2013,A,,575,,-5.4,-3.7
P3HT,Fang_narrow_2013,D,,,,-5,-3
ITIC,Fei_an alkylated_2018,A,,,,-5.64,-3.92
C8-ITIC,Fei_an alkylated_2018,A,,,,-5.63,-3.91
PFBDB-T,Fei_an alkylated_2018,D,,,,-5.47,-3.46
PBDB-T,Fei_an alkylated_2018,D,,,,-5.33,-3.29
FDICTF,Feng_an A-D-A_2017,A,665,689,1.63,-5.43,-3.71
FDNCTF,Feng_an A-D-A_2017,A,697,714,1.6,-5.42,-3.73
PBDB-T,Feng_an A-D-A_2017,D,,,,-5.33,-2.92
IDT-2B,Feng_fused-ring_2017,A,654,672,1.73,-5.8,-3.84
IDT-OB,Feng_fused-ring_2017,A,661,697,1.66,-5.77,-3.87
IDT-2O,Feng_fused-ring_2017,A,668,706,1.64,-5.73,-3.85
IT-4F,Feng_low-energy_2019,A,,,,-5.7,-3.99
ITIC,Feng_low-energy_2019,A,,,,-5.55,-3.8
PBDTSF-TZNT,Feng_low-energy_2019,D,,,,-5.45,-3.41
PBDTS-TZNT,Feng_low-energy_2019,D,,,,-5.39,-3.3
INPIC-4F,Feng_molecular_2019,A,769,821,1.39,-5.42,-3.94
m-INPOIC,Feng_molecular_2019,A,773,810,1.41,-5.41,-3.97
p-INPOIC,Feng_molecular_2019,A,779,823,1.37,-5.38,-4
PBDB-T,Feng_molecular_2019,D,,,,-5.33,-3.29
AT-4Cl,Feng_new_2019,A,691,709,1.6,-5.71,-3.89
PBDB-TF,Feng_new_2019,D,,,,-5.45,-3.65
AT-NC,Feng_new_2019,A,695,716,1.62,-5.44,-3.8
PBDB-T,Feng_new_2019,D,,,,-5.28,-3.48
FOC2C6-2FIC,Feng_regulating_2020,A,710,742,1.43,-5.51,-3.84
FOC6-FIC,Feng_regulating_2020,A,708,736,1.47,-5.47,-3.81
FOC6-IC,Feng_regulating_2020,A,700,721,1.51,-5.42,-3.77
PBDB-T,Feng_regulating_2020,D,,,,-5.33,-3.53
O-NTNC,Feng_synergistic_2018,A,679,706,1.64,-5.54,-3.78
O-NTIC,Feng_synergistic_2018,A,650,671,1.7,-5.51,-3.67
PBDB-T,Feng_synergistic_2018,D,,,,-5.33,-2.92
PDCBT,Feng_synergistic_2018,D,,,,-5.31,-3
BZIC,Feng_thieno_2017,A,,,1.45,-5.42,-3.88
HFQx-T,Feng_thieno_2017,D,,,1.76,-5.36,-3.57
IDTA,Firdaus_novel_2020,A,,,,-5.88,-3.9
IDTTA,Firdaus_novel_2020,A,,,,-5.81,-3.97
PBDB-T,Firdaus_novel_2020,D,,,,-5.05,-3.13
3TT-CIC,Gao_achieving_2019,A,806,885,1.23,-5.24,-3.95
3TT-OCIC,Gao_achieving_2019,A,809,860,1.29,-5.22,-3.91
PTB7-Th,Gao_achieving_2019,D,,,,-5.2,-3.66
AY6,Gao_an asymmetrical_2020,A,717,789,1.39,-5.69,-4.06
IT6-4F,Gao_an asymmetrical_2020,A,679,709,1.53,-5.69,-3.99
Y6,Gao_an asymmetrical_2020,A,732,831,1.33,-5.65,-4.09
PBTB-TF,Gao_an asymmetrical_2020,D,,,,-5.45,-3.64
BP4T-4F,Gao_asymmetric_2021,A,732,826,1.33,-5.71,-3.91
ABP4T-4F,Gao_asymmetric_2021,A,720,782,1.37,-5.65,-3.85
BP5T-4F,Gao_asymmetric_2021,A,735,813,1.34,-5.63,-3.88
PBTB-TF,Gao_asymmetric_2021,D,,,,-5.47,-3.62
TTIC-F,Gao_design_2017,A,756,828,1.35,-5.34,-3.88
TTIC,Gao_design_2017,A,750,820,1.38,-5.33,-3.87
TTIC-M,Gao_design_2017,A,746,783,1.44,-5.3,-3.82
BTTIC,Gao_near-infrared_2018,A,724,759,1.47,-5.59,-3.86
BTOIC,Gao_near-infrared_2018,A,743,781,1.39,-5.42,-3.94
IDIC,Ge_improved_2019,A,,,,-5.69,-3.91
SM-Cl,Ge_improved_2019,D,,,,-5.42,-3.34
SM,Ge_improved_2019,D,,,,-5.25,-3.33
IPIC-4F,Geng_nonfullerene_2019,A,776,824,1.38,-5.54,-3.94
IPIC-4Cl,Geng_nonfullerene_2019,A,790,855,1.32,-5.51,-3.95
IPIC,Geng_nonfullerene_2019,A,761,776,1.44,-5.47,-3.82
PBDB-T,Geng_nonfullerene_2019,D,,,,-5.33,-3.29
TPDCIC,Geng_non-fullerene_2019,A,,,,-5.38,-3.78
TPDCNC,Geng_non-fullerene_2019,A,,,,-5.37,-3.83
PBDB-T,Geng_non-fullerene_2019,D,,,,-5.33,-3.53
ID-4F,Guo_asymmetrically_2020,A,677,719,,-5.75,-4.06
IDST-4F,Guo_asymmetrically_2020,A,728,791,,-5.59,-4.01
PBDB-TF,Guo_asymmetrically_2020,D,,,,-5.5,-3.63
IDIC,Guo_high_2017,A,,,,-5.69,-3.91
PTZ1,Guo_high_2017,D,,,,-5.31,-3.34
BTA7,Guo_modulating_2021,A,,,,-5.56,-3.66
BTA3,Guo_modulating_2021,A,,,,-5.49,-3.73
BTA1,Guo_modulating_2021,A,,,,-5.46,-3.59
BTA17,Guo_modulating_2021,A,,,,-5.41,-3.69
J52-Cl,Guo_modulating_2021,D,,,,-5.39,-3.45
BTA13,Guo_modulating_2021,A,,,,-5.34,-3.62
BTA11,Guo_modulating_2021,A,,,,-5.29,-3.53
ITIC,Guo_novel_2017,A,,,,-5.48,-3.83
PTZ6,Guo_novel_2017,D,,,,-5.36,-3.36
H1,Gupta_H-shaped_2017,A,,,1.67,-5.51,-3.84
P3HT,Gupta_H-shaped_2017,D,,,,-5.2,-3.2
BTP-1V,Hai_achieving_2021,A,737,829,1.28,-5.54,-3.89
BTP-2V,Hai_achieving_2021,A,756,851,1.28,-5.43,-3.91
BTP-3V,Hai_achieving_2021,A,768,814,1.22,-5.38,-3.9
BTP-4V,Hai_achieving_2021,A,760,885,1.21,-5.34,-3.94
IDT-NTI-1HH,Hamonnet_bis(napthothiophene)_2017,A,,,,-5.4,-3.8
IDT-NTI-2EH,Hamonnet_bis(napthothiophene)_2017,A,,,,-5.4,-3.9
PBDB-T,Hamonnet_bis(napthothiophene)_2017,D,,,,-5.3,-3.3
IT-4F,Hao_achieving_2019,A,690,726,1.54,-5.63,-4.06
ITCF,Hao_achieving_2019,A,683,718,1.57,-5.59,-3.95
IT-DM,Hao_achieving_2019,A,669,694,1.63,-5.58,-3.82
J71,Hao_achieving_2019,D,,,,-5.4,-3.24
ITIC,He_D-A polymer_2020,A,,576,1.8,-5.41,-3.61
PTIBT,He_D-A polymer_2020,D,,,,-5.41,-3.61
IDTT-T,He_molecular_2018,A,,,,-5.51,-3.51
ITIC,He_molecular_2018,A,,,,-5.47,-3.76
PTB7-Th,He_molecular_2018,D,,,,-5.02,-3.44
BCDT-4Cl,He_near-infrared_2020,A,748,806,1.38,-5.47,-3.88
BCDT-4F,He_near-infrared_2020,A,733,784,1.4,-5.46,-3.86
PBDB-T,He_near-infrared_2020,D,,,,-5.33,-3.53
O-IDTBR,Holliday_high-efficiency_2016,A,650,673,1.68,-5.58,-3.9
EH-IDTBR,Holliday_high-efficiency_2016,A,650,690,1.63,-5.51,-3.88
FBR,Holliday_rhodanine_2015,A,,509,2.14,-5.7,-3.57
BTP-4F-12,Hong_eco-compatible_2019,A,,,,-5.69,-3.97
PBDB-TF,Hong_eco-compatible_2019,D,,,,-5.45,-3.64
IE-4Cl,Hong_investigating_2019,A,730,775,1.43,-5.54,-4.11
IE-4F,Hong_investigating_2019,A,715,760,1.44,-5.51,-4.07
PBDB-TF,Hong_investigating_2019,D,,,,-5.45,-3.65
IEIC,Hong_investigating_2019,A,700,710,1.57,-5.41,-3.84
PBDB-T,Hong_investigating_2019,D,,,,-5.28,-3.48
o-DOC6-2F,Hou_noncovalently_2020,A,712,744,1.51,-5.49,-3.83
p-DOC6-2F,Hou_noncovalently_2020,A,742,821,1.37,-5.47,-3.79
PBDB-T,Hou_noncovalently_2020,D,,,,-5.23,-3.42
N65-2FIC,Hu_axisymmetric_2020,A,731,786,1.4,-5.6,-4.03
N65-IC,Hu_axisymmetric_2020,A,715,748,1.48,-5.52,-3.89
PBDB-TF,Hu_axisymmetric_2020,D,,,,-5.45,-3.65
PBDB-T,Hu_axisymmetric_2020,D,,,,-5.28,-3.48
ITIC-Th,Hu_influence_2018,A,,,,-5.66,-3.93
PTFB-O,Hu_influence_2018,D,,,,-5.36,-3.36
PTFB-P,Hu_influence_2018,D,,,,-5.32,-3.33
PffBT4T-2DT,Hu_influence_2018,D,,,,-5.24,-3.59
PTB7-Th,Hu_influence_2018,D,,,,-5.2,-3.56
BTC6-4F,Huang_A-D-C-D-A_2021,A,724,781,1.43,-5.56,-3.86
BTC6-2F,Huang_A-D-C-D-A_2021,A,720,700,1.44,-5.52,-3.8
BTC6-0F,Huang_A-D-C-D-A_2021,A,711,685,1.48,-5.47,-3.71
ITIC,Huang_effect_2018,A,,,,-5.48,-3.83
J64,Huang_effect_2018,D,,,1.92,-5.33,-3.09
J62,Huang_effect_2018,D,,,1.92,-5.31,-3.08
J63,Huang_effect_2018,D,,,1.92,-5.28,-3.04
I-IDTBTRh,Huang_enhanced_2018,A,618,667,1.65,-5.42,-3.68
QOC6-4Cl,Huang_facile_2021,A,733,796,1.45,-5.62,-3.87
QOC6-4H,Huang_facile_2021,A,713,763,1.49,-5.59,-3.8
SN6IC-4F,Huang_highly_2018,A,,,,-5.52,-4.11
IDT-4CN,Huang_highly_2018,A,,698,,-5.45,-3.95
SN6IC,Huang_highly_2018,A,,,,-5.38,-3.93
PBDB-T,Huang_highly_2018,D,,,,-5.33,-3.53
IT-4F,Huang_narrow_2021,A,,,,-5.66,-4.14
PCE10-SF,Huang_narrow_2021,D,,,,-5.53,-3.76
PCE10-2Cl,Huang_narrow_2021,D,,,,-5.5,-3.93
PCE10-2F,Huang_narrow_2021,D,,,,-5.47,-3.9
PDBT-2Cl,Huang_significant_2019,D,562,554,1.92,-5.49,-3.59
PDBT-2F,Huang_significant_2019,D,576,579,1.82,-5.43,-3.61
PDBT-Cl,Huang_significant_2019,D,583,583,1.83,-5.41,-3.56
PDBT-F,Huang_significant_2019,D,577,584,1.81,-5.39,-3.57
ITIC,Huang_significantly_2018,A,,,,-5.51,-3.85
PBDTNS-BDD,Huang_significantly_2018,D,,,,-5.35,-3.54
PBDTNO-BDD,Huang_significantly_2018,D,,,,-5.27,-3.44
IDIC,Huo_medium-bandgap_2018,A,,,,-5.69,-3.91
DRBDT-STVT,Huo_medium-bandgap_2018,D,,,,-5.14,-3.43
DRBDT-TVT,Huo_medium-bandgap_2018,D,,,,-5.11,-3.41
TTPBT-IC,Jia_14.4%_2020,A,720,781,1.43,-5.69,-3.84
PJ1-H,Jia_14.4%_2020,A,767,798,1.41,-5.64,-3.82
PBDB-T,Jia_14.4%_2020,D,,,,-5.38,-3.5
ITIC4,Jia_breaking_2018,A,690,730,1.52,-5.77,-3.97
IUIC,Jia_breaking_2018,A,772,788,1.41,-5.45,-3.87
BTPV-4F,Jia_high_2021,A,,,,-5.39,-4.08
PTB7-Th,Jia_high_2021,D,,,,-5.22,-3.55
AOIC2,Jia_isomeric_2021,A,741,782,1.54,-5.62,-3.83
AOIC1,Jia_isomeric_2021,A,748,790,1.51,-5.53,-3.94
AOIC,Jia_isomeric_2021,A,758,811,1.44,-5.5,-3.93
PBDB-TF,Jia_isomeric_2021,D,,,,-5.45,-3.65
J71,Jia_isomeric_2021,D,,,,-5.4,-3.24
PTB7-Th,Jia_isomeric_2021,D,,,,-5.2,-3.59
IDT-2BR1,Jia_rhodanine_2017,A,,,1.61,-5.37,-3.67
IDT-EDOT,Jiang_the influence_2018,A,753,789,1.41,-5.43,-3.8
IDT-PDOT,Jiang_the influence_2018,A,747,776,1.43,-5.39,-3.77
PBDB-T,Jiang_the influence_2018,D,,,,-5.23,-3.42
P(NDI2OD-FT2),Jung_fluoro_2015,A,,630,1.59,-5.5,-3.91
P(NDI2OD-T2),Jung_fluoro_2015,A,,704,1.44,-5.49,-4.05
PBDTT-TT-F,Jung_fluoro_2015,D,,,,-5.3,-3.6
DTDfBT(TDPP)2,Jung_low-bandgap_2015,A,,,,-5.85,-4.33
DTBT(TDPP)2,Jung_low-bandgap_2015,A,,,,-5.7,-4.18
PTB7,Jung_low-bandgap_2015,D,,,,-5.16,-3.5
NCBDT-4Cl,Kan_a chlorinated_2018,A,,,,-5.6,-4.02
PBDB-T-SF,Kan_a chlorinated_2018,D,,,,-5.42,-3.64
NCBDT,Kan_fine-tuning_2018,A,,,,-5.36,-3.89
NFBDT,Kan_small-molecule_2017,A,703,731,1.56,-5.4,-3.83
PBDB-T,Kan_small-molecule_2017,D,,,,-5.33,-2.92
FDNCTF,Kan_ternary_2018,A,,,,-5.54,-3.9
NNBDT,Kan_ternary_2018,A,,,,-5.46,-3.94
PBDB-T,Kan_ternary_2018,D,,,,-5.26,-3.63
F-2F,Ke_the rational_2020,A,678,703,1.6,-5.78,-3.89
FO-2F,Ke_the rational_2020,A,696,784,1.47,-5.72,-3.94
PBDB-TF,Ke_the rational_2020,D,,,,-5.5,-3.61
F-H,Ke_the rational_2020,A,665,689,1.63,-5.43,-3.71
P105,Keshtov_synthesis_2020,D,647,652,1.66,-5.38,-3.62
P104,Keshtov_synthesis_2020,D,651,657,1.59,-5.29,-3.68
O-IDTBCN,Khan_impact_2021,A,,712,,-5.8,-3.8
O-IDTBR,Khan_impact_2021,A,,,,-5.67,-3.55
PTB7-Th,Khan_impact_2021,D,,,,-5.05,-3.4
PhITBD,Kim_a new_2017,A,606,656,1.18,-5.5,-3.78
IDT-2BM,Kim_a new_2017,A,656,690,1.08,-5.4,-3.77
CNDTBT-C8IDT-FINCN,Kim_alkylated_2020,A,692,766,1.4,-5.58,-3.92
CNDTBT-C8IDT-INCN,Kim_alkylated_2020,A,680,715,1.48,-5.54,-3.82
PBDB-T,Kim_alkylated_2020,D,623,629,1.82,-5.29,-3.43
Flu-RH,Kim_rhodanine_2014,A,,,2.1,-5.58,-3.53
Cz-RH,Kim_rhodanine_2014,A,,,2.05,-5.53,-3.5
P3HT,Kim_rhodanine_2014,D,,,,-5.2,-3.2
CNDTBT-IDTT-FINCN,Kim_synthesis_2019,A,699,726,1.58,-5.56,-3.98
FDTBT-IDTT-FINCN,Kim_synthesis_2019,A,691,723,1.51,-5.46,-3.92
PBDB-T,Kim_synthesis_2019,D,,,,-5.2,-3.43
IDTT2OT-4F,Kim_synthesis_2021,A,734,768,1.42,-5.32,-3.9
IDTT2OT-2F,Kim_synthesis_2021,A,731,754,1.45,-5.28,-3.83
PBDB-T,Kim_synthesis_2021,D,,,,-5.27,-3.48
IDTT2OT,Kim_synthesis_2021,A,717,725,1.51,-5.2,-3.69
T-EHPPD-T-EHBDT,Knall_pyrrolopyridazinedione,D,,691,1.79,-5.47,-3.68
IDT(TCV)2,Ko_excellent_2017,A,602,616,1.86,-6.04,-4.18
IDT(DCV)2,Ko_excellent_2017,A,532,538,2.16,-5.81,-3.65
IDTT(TCV)2,Ko_excellent_2017,A,691,713,1.52,-5.58,-4.06
PTB7-Th,Ko_excellent_2017,D,,,,-5.2,-3.59
NITV,Kolhe_designing_2020,A,567,548,1.78,-5.4,-3.62
NIBT,Kolhe_designing_2020,A,628,660,1.63,-5.38,-3.68
NIDT,Kolhe_designing_2020,A,599,618,1.85,-5.34,-3.58
PBDB-T,Kolhe_designing_2020,D,,,,-5.18,-3.37
BTIC-COOMe,Lai_push_2021,A,,,,-5.41,-3.89
PBDB-TF,Lai_push_2021,D,,,,-5.38,-3.63
BTIC-OCOMe,Lai_push_2021,A,,,,-5.35,-3.83
BTIC-CF3-y,Lai_trifluoromethylation_2020,A,744,837,1.3,-5.45,-3.96
BTIC-Cl-m,Lai_trifluoromethylation_2020,A,733,822,1.34,-5.42,-3.91
BTIC-F-m,Lai_trifluoromethylation_2020,A,724,805,1.36,-5.42,-3.9
BIBT-NI,Lan_naphthalimide_2019,A,,503,,-5.62,-3.65
P3HT,Lan_naphthalimide_2019,D,,,,-5,-3.1
ITIC-Cl4,Laventure_a tetrachlorinated_2018,A,,,,-5.5,-3.9
PBDB-T,Laventure_a tetrachlorinated_2018,D,,,,-5.2,-3
TBTT-BORH,Lee_alkyl_2021,A,540,626,1.83,-5.76,-3.58
PTB7-Th,Lee_alkyl_2021,D,,,,-5.17,-3.55
p-IO1,Lee_bandgap_2020,A,766,815,1.34,-5.46,-4.13
o-IO1,Lee_bandgap_2020,A,790,850,1.28,-5.44,-4.15
p-IO2,Lee_bandgap_2020,A,808,880,1.24,-5.44,-4.19
o-IO2,Lee_bandgap_2020,A,835,920,1.2,-5.41,-4.21
PTB7-Th,Lee_bandgap_2020,D,,705,1.58,-5.2,-3.46
ITIC-2F,Lee_design_2018,A,687,721,1.56,-5.55,-4.15
IOTIC-2F,Lee_design_2018,A,794,839,1.31,-5.34,-4.06
ITOTIC-2F,Lee_design_2018,A,791,809,1.32,-5.22,-4.11
PTB7-Th,Lee_design_2018,D,,,,-5.2,-3.61
di-PBI,Lee_high-performance_2016,A,,,,-6.1,-4
PBDTTS-TTffBT,Lee_high-performance_2016,D,,,,-5.45,-3.69
SF-HR,Lee_stable_2019,A,475,478,2.2,-5.53,-3.33
PTB7-Th,Lee_stable_2019,D,,,,-5.23,-3.63
P3HT,Lee_stable_2019,D,,,,-5.14,-3.14
COi6DFIC,Li_a carbon-oxygen_2018,A,769,824,1.31,-5.64,-4.04
COi6FIC,Li_a carbon-oxygen_2018,A,764,815,1.34,-5.6,-3.93
COi6IC,Li_a carbon-oxygen_2018,A,755,795,1.37,-5.57,-3.86
IDTIDSe-T-IC,Li_a fused_2016,A,,,,-5.41,-3.81
J51,Li_a fused_2016,D,,,,-5.29,-3.3
IT-4F,Li_a high-efficiency_2018,A,,,,-5.67,-4.15
IT-M,Li_a high-efficiency_2018,A,,,,-5.58,-3.93
PBDB-TF,Li_a high-efficiency_2018,D,,,,-5.54,-3.65
BT-IC,Li_a near-infrared_2017,A,,,1.43,-5.32,-3.85
J71,Li_a near-infrared_2017,D,,,,-5.25,-3.18
J61,Li_a near-infrared_2017,D,,,,-5.22,-3.21
FITP,Li_a non-fullerene acceptors with a fully fused_2016,A,,,,-5.48,-3.75
PTB7-Th,Li_a non-fullerene acceptors with a fully fused_2016,D,,,,-5.22,-3.64
IDIC,Li_a novel_2017,A,,,,-5.69,-3.91
NDTR,Li_a novel_2017,D,,,,-5.23,-3.5
DICTF,Li_a simple_2016,A,,,1.82,-5.67,-3.79
IDIC-PhC6,Li_a simple_2019,A,654,682,1.71,-5.72,-3.86
IDIC,Li_a simple_2019,A,666,716,1.63,-5.7,-3.92
PBDB-TF,Li_a simple_2019,D,,,,-5.48,-3.64
PBDB-T,Li_a simple_2019,D,,,,-5.28,-3.48
ITIC,Li_a trifluoromethyl_2018,A,,,,-5.6,-3.85
PBZ-m-CF3,Li_a trifluoromethyl_2018,D,,,,-5.49,-3.22
PBZ1,Li_a trifluoromethyl_2018,D,,,,-5.27,-3.06
P2,Li_a wide_2018,D,544,548,1.93,-5.5,-3.59
PDTB-EF-T,Li_a wide_2018,D,544,548,1.93,-5.5,-3.59
IT-4F,Li_a wide_2019,A,,,,-5.69,-4.07
PFOPB,Li_a wide_2019,D,,,,-5.5,-3.64
POPB,Li_a wide_2019,D,,,,-5.38,-3.57
DF-PCIC,Li_an unfused-core_2018,A,,,,-5.49,-3.77
PBDB-T,Li_an unfused-core_2018,D,,,,-5.33,-3.53
BTP-S2,Li_asymmetric_2020,A,,,,-5.65,-4.01
Y6,Li_asymmetric_2020,A,,,,-5.65,-4.1
BTP-S1,Li_asymmetric_2020,A,,,,-5.55,-4.01
PBDB-TF,Li_asymmetric_2020,D,,,,-5.48,-3.64
F-2Cl,Li_concurrently_2021,A,688,732,1.58,-5.76,-3.91
GL1,Li_concurrently_2021,A,817,846,1.28,-5.4,-3.83
PBDB-T,Li_concurrently_2021,D,,,,-5.33,-3.53
ITIC,Li_crystalline_2017,A,,,,-5.6,-3.93
asy-PBDBTN,Li_crystalline_2017,D,,,,-5.41,-3.58
IDTI,Li_design_2017,A,,,,-5.81,-3.94
IDTN,Li_design_2017,A,,,,-5.79,-3.98
PBDB-TF,Li_design_2017,D,,,,-5.48,-3.64
Py-2F,Li_easily_2021,A,606,645,1.66,-5.85,-3.82
Py-2H,Li_easily_2021,A,594,626,1.69,-5.78,-3.74
PBDB-T,Li_easily_2021,D,,,,-5.42,-3.55
ITIC,Li_efficient_2017,A,,,,-5.6,-3.85
PBFZ-OP,Li_efficient_2017,D,,,,-5.33,-3.01
IT-M,Li_energy-level_2016,A,,,1.6,-5.58,-3.98
IT-DM,Li_energy-level_2016,A,,,1.63,-5.56,-3.93
PBDB-T,Li_energy-level_2016,D,,,,-5.33,-3.53
ITIC-Th2,Li_enhancing_2018,A,680,735,1.54,-5.75,-4.07
ITIC-Th1,Li_enhancing_2018,A,677,728,1.55,-5.74,-4.01
ITIC-Th3,Li_enhancing_2018,A,664,698,1.63,-5.67,-3.73
ITIC-Th,Li_enhancing_2018,A,668,706,1.6,-5.66,-3.93
ITIC3,Li_fused_2018,A,686,734,1.55,-5.54,-3.9
FOIC,Li_fused_2018,A,782,836,1.32,-5.36,-3.92
BT-CIC,Li_high_2017,A,,,,-5.49,-4.09
PTB7-Th,Li_high_2017,D,,,,-5.22,-3.84
PBTA-PSF,Li_high-efficiency_2019,D,,,,-5.52,-3.54
PBTA-PS,Li_high-efficiency_2019,D,,,,-5.34,-3.4
ITIC,Li_highly_2018,A,,,,-5.48,-3.83
PBDTS-Se-TAZ,Li_highly_2018,D,592,602,1.9,-5.29,-3.52
PBDT-Se-TAZ,Li_highly_2018,D,583,597,1.92,-5.23,-3.43
TTPTTT-4F,Li_high-performance_2019,A,701,738,1.52,-5.69,-4.12
TTPTTT-2F,Li_high-performance_2019,A,697,726,1.54,-5.67,-4.04
TTPTTT-IC,Li_high-performance_2019,A,685,700,1.6,-5.64,-3.87
PBT1-C,Li_high-performance_2019,D,,,,-5.43,-3.36
Y6,Li_indacenodithieno_2019,A,,,,-5.65,-4.1
PIDTTDTffBTA,Li_indacenodithieno_2019,D,,,,-5.25,-3.63
J52,Li_indacenodithieno_2019,D,,,,-5.12,-3.58
PBDE-DFDT,Li_influence_2020,D,,,,-5.5,-3.56
PBDE-TT,Li_influence_2020,D,,,,-5.49,-3.52
SJ-IC,Li_insertion_2017,A,,743,1.49,-5.61,-3.94
IDT-IC,Li_insertion_2017,A,,686,1.72,-5.6,-3.88
J61,Li_insertion_2017,D,,600,1.93,-5.32,-3.08
IT-IC,Li_isomeric_2017,A,,709,1.59,-5.58,-3.88
BDT-IC,Li_isomeric_2017,A,,739,1.53,-5.51,-3.9
J71,Li_isomeric_2017,D,,,,-5.25,-3.18
Coi8DFIC,Li_molecular_2019,A,,,,-5.5,-3.88
PTB7-Th,Li_molecular_2019,D,,,,-5.39,-3.12
BT-CIC,Li_near-infrared_2018,A,,,,-5.49,-4.09
TT-FIC,Li_near-infrared_2018,A,,,,-5.42,-4.13
PTB7-Th,Li_near-infrared_2018,D,,,,-5.22,-3.21
X-PCIC,Li_near-infrared_2019,A,,,,-5.37,-3.79
X1-PCIC,Li_near-infrared_2019,A,,,,-5.35,-3.77
PBDB-T,Li_near-infrared_2019,D,,,,-5.33,-3.53
IDT-IC,Li_non-fullerene_2016,A,646,681,1.72,-5.61,-3.88
IDTIDT-IC,Li_non-fullerene_2016,A,696,721,1.53,-5.42,-3.82
PTB7-Th,Li_non-fullerene_2016,D,,,,-5.22,-3.64
IDT-N,Li_non-fullerene_2017,A,687,727,1.58,-5.74,-4.08
IDT-T-N,Li_non-fullerene_2017,A,734,755,1.45,-5.58,-4.06
PBDB-T,Li_non-fullerene_2017,D,,,,-5.33,-3.53
PTB7-Th,Li_non-fullerene_2017,D,,,,-5.22,-3.64
Y6,Li_non-fullerene_2021,A,,,,-5.74,-4.07
L8-BO,Li_non-fullerene_2021,A,,,,-5.68,-3.9
IDSe-T-IC,Li_non-fullerene_polymer_2016,A,,,1.52,-5.45,-3.79
J51,Li_non-fullerene_polymer_2016,D,,,,-5.29,-3.3
BDTN-BF,Li_novel_2020,A,740,792,1.41,-5.58,-3.73
BDTN-Th,Li_novel_2020,A,740,792,1.41,-5.5,-3.62
PBDB-TF,Li_novel_2020,D,,,,-5.45,-3.65
TCIC2F,Li_regulating_2021,A,718,772,1.46,-5.59,-3.89
BDIC2F,Li_regulating_2021,A,689,722,1.38,-5.55,-3.85
BCIC2F,Li_regulating_2021,A,713,695,1.45,-5.54,-3.87
PBDB-T,Li_regulating_2021,D,,,,-5.33,-3.51
OF-PCIC,Li_revealing_2018,A,660,702,1.59,-5.66,-3.86
HF-PCIC,Li_revealing_2018,A,682,716,1.5,-5.53,-3.83
HFO-PCIC,Li_revealing_2018,A,686,723,1.48,-5.5,-3.81
PBDB-TF,Li_revealing_2018,D,,,,-5.48,-3.64
Y6,Li_roles_2020,A,,,,-5.62,-4.11
BTCT-2Cl,Li_roles_2020,A,,,,-5.56,-3.95
PBDB-TF,Li_roles_2020,D,,,,-5.54,-3.65
IT-OM-3,Li_significant_2017,A,664,686,1.64,-5.52,-3.8
IT-OM-1,Li_significant_2017,A,650,668,1.67,-5.5,-3.76
IT-OM-2,Li_significant_2017,A,678,706,1.59,-5.49,-3.86
IT-OM-4,Li_significant_2017,A,676,688,1.63,-5.49,-3.81
MO-IDIC-2F,Li_simplified_2019,A,677,,1.55,-5.8,-3.93
MO-IDIC,Li_simplified_2019,A,670,,1.6,-5.69,-3.89
PTQ10,Li_simplified_2019,D,,,,-5.54,-2.98
BTP-4Cl,Li_structural_2020,A,,,,-5.64,-4.15
BTP-2Cl-delta,Li_structural_2020,A,,,,-5.57,-3.85
PBDB-TF,Li_structural_2020,D,,,,-5.54,-3.65
BTP,Li_structural_2020,A,,,,-5.52,-3.82
TPD3,Li_synthesis_2020,A,,,,-5.65,-3.79
J52-Cl,Li_synthesis_2020,D,,,,-5.39,-3.45
Y6,Li_systematic_2021,A,712,817,1.36,-5.63,-4
BT-BO-L4F,Li_systematic_2021,A,762,837,1.32,-5.58,-3.98
BT-L4F,Li_systematic_2021,A,762,838,1.32,-5.57,-4
Y5,Li_systematic_2021,A,700,789,1.4,-5.55,-3.87
PBDB-TF,Li_systematic_2021,D,,,,-5.48,-3.64
BT-BIC,Li_systematic_2021,A,688,748,1.52,-5.46,-3.73
BT-LIC,Li_systematic_2021,A,733,801,1.38,-5.42,-3.84
PBDB-T,Li_systematic_2021,D,,,,-5.38,-3.5
IDTT-OB,Li_ternary_2021,A,,,,-5.59,-3.87
DO-2F,Li_ternary_2021,A,,,,-5.54,-3.9
PBDB-T,Li_ternary_2021,D,,,,-5.21,-3.41
IDT-2BR,Li_thermally_2017,A,,636,,-5.52,-3.69
PTB7-Th,Li_thermally_2017,D,,,,-5.15,-3.44
PIDIC2T2F,Li_toward_2020,A,701,711,1.55,-5.73,-3.89
PIDIC2T2Cl,Li_toward_2020,A,697,706,1.55,-5.67,-3.87
PIDIC2T,Li_toward_2020,A,691,726,1.54,-5.65,-3.85
PBDB-TF,Li_toward_2020,D,,,,-5.5,-3.61
PBDB-T,Li_toward_2020,D,,,,-5.33,-2.92
a-IT-2F,Li_tuning_2019,A,684,717,1.56,-5.67,-4.07
a-IT-2OM,Li_tuning_2019,A,671,695,1.63,-5.61,-3.92
ITIC,Li_tuning_2019,A,679,709,1.61,-5.61,-4.02
PBDB-T,Li_tuning_2019,D,,,,-5.21,-3.41
BO-4Cl,Li_unveiling_2021,A,,,,-5.69,-4.1
BTP-S8,Li_unveiling_2021,A,,,,-5.63,-4.09
BTP-S9,Li_unveiling_2021,A,,,,-5.63,-4.09
BTP-S7,Li_unveiling_2021,A,,,,-5.52,-4.08
PBDB-TF,Li_unveiling_2021,D,,,,-5.48,-3.64
IDBDT-T,Liang_development_2021,A,686,701,1.63,-5.78,-3.66
IDBDT-O,Liang_development_2021,A,711,713,1.55,-5.68,-3.68
PBDB-T,Liang_development_2021,D,,,,-5.29,-3.41
IDT2Se-4F,Liang_near-infrared_2018,A,737,789,1.39,-5.51,-4
IDT2Se,Liang_near-infrared_2018,A,722,747,1.45,-5.41,-3.87
PBDB-T,Liang_near-infrared_2018,D,,,,-5.33,-2.92
DTC-T-C,Liao_construction_2021,A,620,681,1.59,-5.68,-4.09
DTC-F-C,Liao_construction_2021,A,691,650,1.72,-5.66,-3.94
DTC-F-F,Liao_construction_2021,A,595,654,1.68,-5.51,-3.83
DTC-T-F,Liao_construction_2021,A,591,653,1.65,-5.48,-3.83
PTB7-Th,Liao_construction_2021,D,,,,-5.22,-3.64
IT-4F,Liao_fluorobenzotriazole_2019,A,,,,-5.7,-4.2
L810,Liao_fluorobenzotriazole_2019,D,,,,-5.57,-3.58
L68,Liao_fluorobenzotriazole_2019,D,,,,-5.51,-3.56
L24,Liao_fluorobenzotriazole_2019,D,,,,-5.43,-3.48
CH1007,Lin_a non-fullerene_2020,A,,,,-5.59,-3.97
PBDB-TF,Lin_a non-fullerene_2020,D,,,,-5.55,-3.7
IDT-2PDI,Lin_a twisted_2014,A,,,,-5.53,-3.83
P3HT,Lin_a twisted_2014,D,,,,-4.76,-2.74
IEIC,Lin_efficient_2016,A,,,,-5.42,-3.82
BDTS-2DPP,Lin_efficient_2016,D,,624,,-5.28,-3.49
BDT-2DPP,Lin_efficient_2016,D,,626,,-5.23,-3.46
m-ITIC-OR-4Cl,Lin_enhancing_2019,A,,,,-5.78,-4.05
BO2FEH,Lin_enhancing_2019,D,,,,-5.59,-3.59
BO2FC8,Lin_enhancing_2019,D,,,,-5.5,-3.6
IC-C6IDT-IC,Lin_facile_2016,A,,,1.62,-5.69,-3.91
PBDB-T,Lin_facile_2016,D,,,,-5.36,-3.43
IEIC,Lin_high-performance_2015,A,,,1.57,-5.42,-3.82
ITIC-Th,Lin_high-performance_2016,A,,,,-5.66,-3.93
PDBT-T1,Lin_high-performance_2016,D,,,,-5.36,-3.43
PTB7-Th,Lin_high-performance_2016,D,,,,-5.2,-3.56
IEIC,Lin_high-performance_non-fullerene_2015,A,,720,1.57,-5.42,-3.82
PffT2-FTAZ-2DT,Lin_high-performance_non-fullerene_2015,D,,620,1.91,-5.28,-3.37
PI-4F,Lin_noncovalently_2021,A,665,703,1.65,-5.8,-4.06
PIST-4F,Lin_noncovalently_2021,A,710,748,1.46,-5.65,-4.03
PBDB-TF,Lin_noncovalently_2021,D,,,,-5.5,-3.63
TfIF-4FIC,Liu_15%_2019,A,,,,-5.71,-3.96
TfIF-IC,Liu_15%_2019,A,,,,-5.51,-3.77
PBDB-TF,Liu_15%_2019,D,,,,-5.45,-3.65
Y6,Liu_18%_2020,A,,821,,-5.65,-4.1
ITIC,Liu_a high_2018,A,679,702,1.58,-5.67,-4.03
ITIC-OE,Liu_a high_2018,A,671,718,1.58,-5.67,-4.03
ATT-1,Liu_a thieno_2016,A,,,1.54,-5.5,-3.63
TTIC,Liu_achieving high performance_2019,A,690,717,1.58,-5.69,-3.9
TSeTIC,Liu_achieving high performance_2019,A,710,733,1.53,-5.65,-3.91
PBDB-T-2F,Liu_achieving high performance_2019,D,,,,-5.45,-3.65
IFIC-i-4F,Liu_achieving_2019,A,,,,-5.42,-3.91
PTB7-Th,Liu_achieving_2019,D,,,,-5.2,-3.63
ITIC,Liu_an effective_2018,A,,,,-5.51,-3.84
PBDTTAZ-NaPh,Liu_an effective_2018,D,,,,-5.44,-3.49
IBCT,Liu_an efficient_2020,A,,,,-5.5,-3.7
L1,Liu_an efficient_2020,D,,,,-5.45,-2.79
Y6-4Cl,Liu_asymmetric_2020,A,746,845,,-5.74,-4.01
Y6,Liu_asymmetric_2020,A,733,832,,-5.72,-4
SY3,Liu_asymmetric_2020,A,740,838,,-5.69,-3.98
SY1,Liu_asymmetric_2020,A,733,825,,-5.68,-3.95
SY2,Liu_asymmetric_2020,A,739,836,,-5.67,-3.99
J52-2Cl,Liu_chlorinated_2018,D,,,1.94,-5.38,
J52,Liu_chlorinated_2018,D,,,1.93,-5.22,
ZITI,Liu_design_2018,A,712,747,1.53,-5.59,-3.74
J71,Liu_design_2018,D,,,,-5.48,-3.6
PBDB-T,Liu_design_2018,D,,,,-5.38,-3.53
IDIC,Liu_donor_2018,A,,,,-5.62,-4.04
PT4FB,Liu_donor_2018,D,,,,-5.59,-3.61
PTT4FB,Liu_donor_2018,D,,,,-5.58,-3.58
ATT-2,Liu_efficient_2017,A,,,1.32,-5.5,-3.9
PTB7-Th,Liu_efficient_2017,D,,,,-5.2,-3.6
IDT-BC6,Liu_exploiting_2017,A,,592,1.75,-5.55,-3.82
IDT-BOC6,Liu_exploiting_2017,A,,688,1.63,-5.51,-3.78
PBDB-T,Liu_exploiting_2017,D,,,,-5.33,-2.92
IT-DOH,Liu_H-bonds-assisted_2020,A,667,732,1.53,-5.58,-3.93
IT-OH,Liu_H-bonds-assisted_2020,A,666,725,1.54,-5.57,-3.92
CSeT-IC,Liu_modulating_2021,A,690,712,1.58,-5.6,-3.91
CTSe-IC,Liu_modulating_2021,A,697,725,1.56,-5.55,-3.9
SeCT-IC,Liu_modulating_2021,A,710,745,1.54,-5.53,-3.92
J71,Liu_modulating_2021,D,,,,-5.4,-3.24
PB2T,Liu_molecular_2017,D,413,416,2.24,-5.63,-3.63
IT-M,Liu_molecular_2017,A,,,,-5.58,-3.96
PB3T,Liu_molecular_2017,D,534,540,1.96,-5.39,-3.37
IDTT2F,Liu_nonfullerene_2018,A,716,749,1.46,-5.57,-4.03
IDTOT2F,Liu_nonfullerene_2018,A,723,765,1.44,-5.54,-3.94
IEICO-4F,Liu_nonfullerene_2018,A,803,869,1.24,-5.44,-4.19
IDT-R,Liu_ring-locking_2021,A,576,583,1.96,-5.44,-3.53
P3HT,Liu_ring-locking_2021,D,,,,-5,-3
IDTT-R,Liu_ring-locking_2022,A,590,598,1.84,-5.32,-3.49
IDT-CR,Liu_ring-locking_2023,A,598,590,1.78,-5.34,-3.44
IDTT-CR,Liu_ring-locking_2024,A,610,602,1.74,-5.25,-3.38
IDTT-T,Liu_ring-locking_2025,A,620,625,1.82,-5.51,-3.64
PTB7-Th,Liu_ring-locking_2025,D,,,,-5.27,-3.55
IDT-CT,Liu_ring-locking_2026,A,639,655,1.63,-5.39,-3.67
IDTT-CT,Liu_ring-locking_2027,A,641,653,1.63,-5.28,-3.65
LL2-2Cl,Lu_high-efficiency_2021,A,745,835,1.35,-5.64,-4.02
LL4-2Cl,Lu_high-efficiency_2021,A,743,,,-5.62,-3.99
LL2,Lu_high-efficiency_2021,A,729,809,1.39,-5.58,-3.88
LL4,Lu_high-efficiency_2021,A,730,807,1.39,-5.56,-3.82
LL3-2Cl,Lu_high-efficiency_2021,A,766,860,1.32,-5.53,-3.92
LL3,Lu_high-efficiency_2021,A,753,823,1.37,-5.48,-3.78
Bis-PDI-T-di-EG,Lu_impact_2013,A,560,545,,-5.57,-3.84
P3HT,Lu_impact_2013,D,450,522,,-5,-3
BT-Cl,Lu_non-fullerene_2021,A,759,842,1.31,-5.42,-3.71
BT-F,Lu_non-fullerene_2021,A,696,811,1.33,-5.41,-3.7
Y9,Luo_a new_2020,A,720,808,1.36,-5.59,-3.78
PBDB-T,Luo_a new_2020,D,622,623,1.86,-5.43,-3.42
BTP-ClBr2,Luo_altering_2020,A,754,743,1.33,-5.8,-4.04
BTP-ClBr,Luo_altering_2020,A,746,826,1.38,-5.79,-4
BTP-ClBr1,Luo_altering_2020,A,747,742,1.33,-5.79,-4.03
BDTP-4F,Luo_conformation_2020,A,750,820,1.36,-5.61,-3.9
BTDTP-4F,Luo_conformation_2020,A,761,857,1.3,-5.56,-3.93
TPDC-4F,Luo_electron-deficient_2021,A,717,765,1.42,-5.83,-3.99
BTIC-4F,Luo_electron-deficient_2021,A,696,739,1.48,-5.71,-3.95
PBDB-TF,Luo_electron-deficient_2021,D,,,,-5.57,-3.64
BPTCN,Luo_enhanced_2020,A,,569,,-5.38,-3.66
PTB7-Th,Luo_enhanced_2020,D,,,,-5.14,-3.42
ITCPTC,Luo_fine-tuning_2018,A,678,720,1.58,-5.54,-3.45
MeIC,Luo_fine-tuning_2018,A,674,718,1.58,-5.5,-3.41
J71,Luo_fine-tuning_2018,D,,,,-5.4,-3.24
BTP-4F,Luo_fine-tuning_2020,A,733,841,1.33,-5.72,-4.01
BTP-2F-ThCl,Luo_fine-tuning_2020,A,741,839,1.34,-5.7,-3.99
BTP-2ThCl,Luo_fine-tuning_2020,A,750,829,1.35,-5.67,-3.95
BTSe-4F,Luo_pyrrole_2021,A,727,804,1.39,-5.78,-4.16
BTN-4F,Luo_pyrrole_2021,A,742,834,1.33,-5.73,-4.15
ITCPTC,Luo_reduced_2019,A,676,715,1.65,-5.62,-3.96
ITC-2Cl,Luo_reduced_2019,A,709,746,1.58,-5.58,-4.01
Y14,Luo_semitransparent_2019,A,,,,-5.56,-4.01
PBDB-TF,Luo_semitransparent_2019,D,,,,-5.45,-3.65
PBDB-T,Luo_semitransparent_2019,D,,,,-5.33,-3.53
PTB7-Th,Luo_semitransparent_2019,D,,,,-5.24,-3.66
IDTC,Luo_side-chain_2017,A,,727,1.51,-5.57,-3.96
IDTO,Luo_side-chain_2017,A,,723,1.53,-5.52,-3.84
SSTI,Lv_influence_2020,A,,866,0.98,-5.71,-4.24
NTTI,Lv_influence_2020,A,,783,1.45,-5.38,-3.83
ITCPTC,Ma_adding_2020,A,,,,-5.65,-3.95
Y6,Ma_adding_2020,A,,,,-5.6,-4.1
PBDB-TF,Ma_adding_2020,D,,,,-5.5,-3.61
DTNR,Ma_angular_2017,A,618,650,1.72,-5.67,-3.75
PTB7-Th,Ma_angular_2017,D,,,,-5.26,-3.62
A4T-21,Ma_completely_2021,A,,,,-5.89,-3.92
A4T-16,Ma_completely_2021,A,,,,-5.67,-3.96
A4T-23,Ma_completely_2021,A,,,,-5.63,-3.98
M2,Ma_control_2020,A,742,797,1.39,-5.6,-3.96
PBDB-TF,Ma_control_2020,D,,,,-5.5,-3.6
MS-4Cl,Ma_dodecacyclic_2021,A,742,813,1.37,-5.68,-3.99
MS-4F,Ma_dodecacyclic_2021,A,727,800,1.41,-5.63,-3.91
PBDB-T,Ma_dodecacyclic_2021,D,,,,-5.33,-3.53
Y6,Ma_improving_2020,A,,,,-5.6,-4.1
PBDB-T-2Cl,Ma_improving_2020,D,,,,-5.52,-3.57
PBDB-TF,Ma_improving_2020,D,,,,-5.5,-3.61
DTNIC8,Ma_ladder-type_2017,A,634,660,1.73,-5.91,-3.93
DTNIC6,Ma_ladder-type_2017,A,638,670,1.7,-5.87,-3.92
PBDB-T,Ma_ladder-type_2017,D,,,,-5.33,-2.92
M34,Ma_ladder-type_2020,A,741,798,1.39,-5.6,-3.91
PBDB-TF,Ma_ladder-type_2020,D,,,,-5.5,-3.6
M8,Ma_ladder-type_2020,A,780,854,1.28,-5.49,-3.91
P5T-2F,Ma_miscibility_2021,D,,,,-5.51,-3.56
P5T,Ma_miscibility_2021,D,,,,-5.41,-3.48
BTTBo-4F,Ma_non-fullerene_2021,A,705,738,1.45,-5.56,-3.85
BTTBo-4FN,Ma_non-fullerene_2021,A,727,763,1.4,-5.48,-3.86
PBDB-T,Ma_non-fullerene_2021,D,,,,-5.33,-3.53
PZ1,Meng_11.2%_2019,A,,,,-5.74,-3.86
PBDB-TF,Meng_11.2%_2019,D,,,,-5.5,-3.61
5T-OFIC,Meng_structural_2021,A,784,826,1.34,-5.51,-3.86
6T-OFIC,Meng_structural_2021,A,792,839,1.31,-5.47,-3.89
PBDB-TF,Meng_structural_2021,D,,,,-5.45,-3.65
NITT-BF,Ming_napthalene_2021,A,675,713,1.52,-5.75,-4.15
NITT-ThCl,Ming_napthalene_2021,A,692,705,1.55,-5.71,-4.1
PBDB-TF,Ming_napthalene_2021,D,,,,-5.45,-3.65
PY-1,mishra_unprecedented_2017,A,648,750,1.4,-5.27,-4
DCI-2,mishra_unprecedented_2017,A,680,888,1.23,-5.24,-4.05
P1_mishra,mishra_unprecedented_2017,D,532,588,1.6,-5.1,-3.48
BTIC-4EO-4Cl,Mo_effects_2021,A,747,800,1.39,-5.72,-3.93
BTIC-4EO-4F,Mo_effects_2021,A,732,774,1.45,-5.63,-3.88
BTIC-4EO-4Br,Mo_effects_2021,A,750,805,1.39,-5.45,-4.03
PBDB-TF,Mo_effects_2021,D,,,,-5.45,-3.65
BT6IC-HD-4Cl,Mo_synergistic_2020,A,746,828,1.35,-5.57,-4.1
4TC-4F-C8C8,Ouyang_improving_2020,A,688,732,1.51,-5.6,-3.96
4TC-4F-C6C8,Ouyang_improving_2020,A,688,737,1.49,-5.59,-4
4TC-4F-C16,Ouyang_improving_2020,A,690,736,1.48,-5.53,-3.96
PBTIBDTT,Ouyang_improving_2020,D,,,,-5.47,-3.6
MeIC,Pan_efficient_2020,A,,,,-5.93,-4.1
PffBT-DPP,Pan_efficient_2020,D,,,,-5.66,-3.56
BTCIC-4Cl,Pang_nonfused_2020,A,756,748,1.31,-5.64,-4.12
PBDB-T-2Cl,Pang_nonfused_2020,D,,,,-5.63,-3.59
BTCIC,Pang_nonfused_2020,A,734,723,1.36,-5.53,-4
PBDB-T,Pang_nonfused_2020,D,,,,-5.31,-3.38
ITIC,Park_eco-friendly_2017,A,,,,-5.69,-4.11
3MT-Th,Park_eco-friendly_2017,D,,,,-5.42,-3.4
IT-4F,Park_high-performance_2020,A,,,,-5.66,-4.14
PBDB-TSCl,Park_high-performance_2020,D,608,615,1.81,-5.61,-3.8
PBDB-TF,Park_high-performance_2020,D,615,622,1.81,-5.56,-3.75
PFA1,Peng_a universal_2020,A,,815,1.41,-5.74,-3.84
PY5T,Peng_a universal_2020,A,,792,,-5.71,-3.76
PTzBI-oF,Peng_a universal_2020,D,,,,-5.25,-3.25
TTz1,Peng_simple_2018,A,578,675,1.65,-5.7,-3.86
TTz2,Peng_simple_2018,A,577,614,1.61,-5.5,-3.8
J71,Peng_simple_2018,D,,,,-5.4,-3.24
DTI,Pho_decacyclene_2013,A,,,,-6.1,-3.9
PBDTTPD,Pho_decacyclene_2013,D,,,,-5.7,-3.7
PCDTBT,Pho_decacyclene_2013,D,,,,-5.5,-3.6
PDTSBT,Pho_decacyclene_2013,D,,,,-5.3,-3.5
P3HT,Pho_decacyclene_2013,D,,,,-5.2,-3.3
BO-4Cl,Qin_15.3%_2020,A,,,,-5.66,-4.09
B1,Qin_15.3%_2020,D,,,,-5.37,-3.51
BTR,Qin_15.3%_2020,D,,,,-5.34,-3.52
HF-TCIC,Qin_enhanced_2019,A,,706,1.44,-5.43,-3.83
DF-TCIC,Qin_enhanced_2019,A,,686,1.46,-5.37,-3.76
PBDB-T,Qin_enhanced_2019,D,,,,-5.33,-3.53
ITIC,Qin_highly_2016,A,,,,-5.58,-3.91
PDCBT,Qin_highly_2016,D,,,,-5.31,-3
P3HT,Qin_highly_2016,D,,,,-5.06,-2.76
m-DTC-2Cl,Qin_non-halogenated_2021,A,,,,-5.65,-3.89
PTQ10,Qin_non-halogenated_2021,D,,,,-5.54,-2.98
BTPV-4F-eC9,Qin_non-halogenated_2021,A,,,,-5.38,-4.06
PTB7-Th,Qin_non-halogenated_2021,D,,,,-5.27,-3.55
IT-4F,Qin_reduced_2019,A,,,,-5.66,-4.14
PBDB-T,Qin_reduced_2019,D,,,,-5.33,-2.92
H2,Qin_triplet_2020,A,,,,-5.62,-3.94
PBDB-T,Qin_triplet_2020,D,,,,-5.43,-3.63
Y5,Qin_tuning_2019,A,718,785,1.41,-5.55,-3.82
BTTPC-Br,Qin_tuning_2019,A,741,813,1.37,-5.54,-3.88
BTTPC,Qin_tuning_2019,A,734,798,1.39,-5.47,-3.78
PBDB-T,Qin_tuning_2019,D,,,,-5.38,-3.45
DICTF,Qiu_a new_2017,A,587,624,1.82,-5.67,-3.79
FDICTF,Qiu_a new_2017,A,665,689,1.63,-5.43,-3.71
PBDB-T,Qiu_a new_2017,D,,,,-5.33,-2.92
m-ITTC,Qiu_a simple_2019,A,688,711,1.61,-5.62,-3.89
J12,Qiu_a simple_2019,D,548,545,1.94,-5.51,-3.26
J11,Qiu_a simple_2019,D,543,543,1.96,-5.48,-3.23
IDIC,Qiu_all-small-molecule_2017,A,,,,-5.69,-3.91
SM1,Qiu_all-small-molecule_2017,D,500,566,1.88,-5.24,-2.82
SM2,Qiu_all-small-molecule_2017,D,466,521,2.02,-5.04,-2.7
Y6,Qiu_highly_2020,A,,,,-5.65,-4.1
SM1-F,Qiu_highly_2020,D,,,,-5.37,-2.81
SM1-S,Qiu_highly_2020,D,,,,-5.32,-2.81
SM1,Qiu_highly_2020,D,,,,-5.25,-2.78
SF-OR,Qiu_nonfullerene_2016,A,504,538,2.15,-5.5,-3.25
IDBTR-C6,Qu_alkyl_2018,A,654,711,1.52,-5.3,-3.71
R10-4Cl,Qu_multiple_2019,A,715,754,1.43,-5.35,-3.91
R12-4Cl,Qu_multiple_2019,A,721,766,1.35,-5.26,-3.95
PBDB-T,Qu_multiple_2019,D,,,,-5.21,-3.41
IDT-3EsT,Raju_positional_2021,A,683,705,1.55,-5.38,-3.85
IDT-3EsT-2IC2F,Raju_positional_2021,A,704,759,1.44,-5.38,-3.93
IDT-4EsT-2IC2F,Raju_positional_2021,A,719,738,1.44,-5.35,-3.93
PBDB-T,Raju_positional_2021,D,,,,-5.31,-3.44
NDICz-6,Rao_a series_2019,A,,,,-5.91,-4.19
N10,Rao_an efficient_2018,A,,,,-5.7,-4.15
P3HT,Rao_an efficient_2018,D,,,,-5.2,-3.2
N7,Raynor_a non-fullerene_2016,A,,,,-5.56,-3.74
P3HT,Raynor_a non-fullerene_2016,D,,,,-5.2,-3.2
N6b,Raynor_diketopyrrolopyrrole_2014,A,,,,-5.06,-3.71
NDI-3TH,Ren_non-fullerene_2011,A,,,,-5.5,-4.1
P3HT,Ren_non-fullerene_2011,D,,,,-4.9,-3.1
P(T4-TPD-M),Schmatz_photovoltaic_2019,D,,,1.84,-5.6,-3.8
P(T4-iI-M),Schmatz_photovoltaic_2019,D,,,1.55,-5.5,-3.9
P(T4-DPP-M),Schmatz_photovoltaic_2019,D,,,1.4,-5.4,-4
K12,Schwenn_small_2010,A,,,,-6.2,-3.6
P3HT,Schwenn_small_2010,D,,,,-4.7,-2.7
IDT2-IC-4Cl,Shao_A-DD-A_2021,A,739,779,1.4,-5.34,-3.95
IDT2-IC,Shao_A-DD-A_2021,A,710,715,1.5,-5.28,-3.91
PBDB-T,Shao_A-DD-A_2021,D,,,,-5.25,-3.48
PBI,Sharma_synthesis_2012,A,,,,-5.8,-3.6
ITIC,Shi_design_2017,A,,,1.6,-5.43,-3.81
4TIC,Shi_design_2017,A,,,1.4,-5.28,-3.87
PTB7-Th,Shi_design_2017,D,,,,-5.2,-3.59
Y6,Shi_effects_2021,A,498,570,1.8,-5.12,-2.8
SM1-Oct,Shi_effects_2021,D,498,570,1.8,-5.12,-2.8
F(DPP)2B2,Shi_solution_2015,A,,,1.82,-5.21,-3.39
P3HT,Shi_solution_2015,D,,,,-4.76,-2.74
6TIC,Shi_terthieno_2018,A,,,1.37,-5.21,-3.83
TR2F-IC4F,Shi_the substituents_2021,A,730,820,1.4,-5.57,-3.94
BTOC6C8-IC4F,Shi_the substituents_2021,A,742,773,1.42,-5.52,-3.92
IT-BN-ICN,Shome_mircowave-assisted_2021,A,,750,1.51,-5.59,-4.08
IT-BT-CN,Shome_mircowave-assisted_2021,A,,712,1.57,-5.53,-3.96
IDTIC,Song_a highly_2018,A,,,,-5.85,-3.89
IDTTIC,Song_a highly_2018,A,,,,-5.68,-3.84
PBDB-T,Song_a highly_2018,D,,,,-5.33,-3.29
TPT-2F,Song_extension_2018,A,662,698,1.64,-5.84,-4.06
TPTT-2F,Song_extension_2018,A,675,717,1.58,-5.75,-4.04
TPTTT-2F,Song_extension_2018,A,687,724,1.56,-5.69,-4.01
PBT1-C,Song_extension_2018,D,,,,-5.43,-3.36
BTP-S,song_fused-heterocycle_2022,A,737,862,1.26,-5.66,-4.03
BTP-Se,song_fused-heterocycle_2022,A,778,853,1.24,-5.64,-4.04
BTP-N,song_fused-heterocycle_2022,A,791,876,1.25,-5.63,-3.98
PBDB-T,song_fused-heterocycle_2022,D,,,,-5.43,-3.43
Y26,Song_over_2021,A,,,,-5.58,-4.03
PBDB-TF,Song_over_2021,D,,,,-5.5,-3.6
Y25,Song_over_2021,A,,,,-5.49,-4.06
IPT-2F,Song_synergetic_2021,A,739,775,1.44,-5.51,-3.96
INPIC-2F,Song_synergetic_2021,A,767,799,1.41,-5.4,-3.91
PBDB-T,Song_synergetic_2021,D,,,,-5.31,-3.38
N4,Srivani_non-fullerene_2017,A,,,,-6.05,-3.89
N3_srivani,Srivani_non-fullerene_2017,A,,,,-5.87,-3.9
N2200,Su_efficient_2018,A,,,,-5.73,-4.12
PFBZ,Su_efficient_2018,D,,,,-5.36,-3.42
IT-4Cl,Su_efficient_2019,A,,,,-5.75,-4.06
PBFTT,Su_efficient_2019,D,,,,-5.47,-3.56
DTSiC-IC,Su_elucidating_2021,A,634,678,1.71,-5.79,-4.05
DTSiC-TC,Su_elucidating_2021,A,664,688,1.67,-5.79,-4.07
PBDB-T-2Cl,Su_elucidating_2021,D,,,,-5.52,-3.57
IT-4F,Su_nonhalogen_2019,A,,,,-5.69,-4.07
PBZ-ClSi,Su_nonhalogen_2019,D,,,,-5.56,-3.5
PBZ-Cl,Su_nonhalogen_2019,D,,,,-5.39,-3.41
PBZ,Su_nonhalogen_2019,D,,,,-5.18,-3.22
FRdCN2,Suman_a fluorene_2018,A,,530,,-5.88,-3.81
Icz-Rd2,Suman_new_2019,A,543,590,,-5.59,-3.88
Icz-RdCN2,Suman_new_2019,A,582,642,,-5.58,-3.98
P,Suman_new_2019,D,,,,-5.15,-3.58
FRd2,Suman_simple_2017,A,,509,,-5.67,-3.58
IDIC,Sun_a low_2018,A,,,,-5.74,-3.9
PTQ10,Sun_a low_2018,D,,,,-5.54,-2.98
PTQ8,Sun_achieving_2019,D,,,,-5.68,-2.92
Y6,Sun_achieving_2019,A,,,,-5.66,-4.08
PTQ10,Sun_achieving_2019,D,,,,-5.55,-2.9
PTQ9,Sun_achieving_2019,D,,,,-5.41,-2.87
PTQ7,Sun_achieving_2019,D,,,,-5.38,-2.82
INPIC-4F,Sun_Dithieno_2018,A,769,821,1.39,-5.42,-3.94
INPIC,Sun_Dithieno_2018,A,755,779,1.46,-5.36,-3.82
TPQ-F,Sun_fused-ring_2021,A,,,1.43,-5.67,-3.91
TPQ-Cl,Sun_fused-ring_2021,A,,,1.4,-5.64,-4.11
PBDB-TF,Sun_fused-ring_2021,D,,,,-5.5,-3.61
PTQ10,Sun_high_2020,D,,,,-5.55,-2.9
TPT10,Sun_high_2020,A,,,,-5.52,-3.99
PTQ11,Sun_high_2020,D,,,,-5.52,-2.76
ITN-C9,Swick_closely_2018,A,,,,-5.78,-3.92
ITzN-C9,Swick_closely_2018,A,,,,-5.62,-3.78
PBDB-TF,Swick_closely_2018,D,,,,-5.58,-3.73
BTA3,Tang_benzotriazole_2019,A,,,,-5.49,-3.73
J52-Cl,Tang_benzotriazole_2019,D,,,,-5.39,-3.45
J52,Tang_benzotriazole_2019,D,,,,-5.13,-3.22
SSBR,Tang_cyclopentadithiophene_2018,A,659,662,1.53,-5.44,-3.72
PTB7-Th,Tang_cyclopentadithiophene_2018,D,,,,-5.26,-3.62
A701,Tang_low-bandgap_2020,A,,,,-5.61,-3.8
PBDB-T,Tang_low-bandgap_2020,D,,,,-5.36,-3.44
IT-M,Tang_naphthobistriazole_2018,A,,,,-5.58,-3.98
PDTF-TZNT,Tang_naphthobistriazole_2018,D,597,617,1.84,-5.24,-3.23
PDTH-TZNT,Tang_naphthobistriazole_2018,D,527,541,1.94,-5.16,-3.1
BDSePhCl,Wan_benzo_2019,A,725,790,1.41,-5.61,-3.96
BDSeThCl,Wan_benzo_2019,A,685,706,1.55,-5.58,-3.82
W1,Wang_a 2.16eV_2019,D,,,,-5.65,-4.1
Y6,Wang_a 2.16eV_2019,A,,,,-5.36,-2.81
F-F,Wang_a halogenation_2018,A,674,703,1.59,-5.72,-4.13
F-Br,Wang_a halogenation_2018,A,679,720,1.56,-5.62,-4.06
F-Cl,Wang_a halogenation_2018,A,678,711,1.58,-5.62,-4.04
F-H,Wang_a halogenation_2018,A,665,689,1.63,-5.42,-3.79
PBDB-T,Wang_a halogenation_2018,D,,,,-5.18,-3.38
ITIC,Wang_a wide-bandgap_2019,A,,,,-5.56,-3.79
ZITI,Wang_a wide-bandgap_2019,A,,,,-5.53,-3.8
J101 (actually J100),Wang_a wide-bandgap_2019,D,,,,-5.3,-3.5
J71,Wang_a wide-bandgap_2019,D,,,,-5.27,-3.6
BTP-4F-C5-16,Wang_alkyl_2021,A,,,,-5.73,-3.93
PBDB-TF,Wang_alkyl_2021,D,,,,-5.47,-3.58
IDIC8-H,Wang_all-small-molecule_2018,A,,,,-5.52,-3.76
IDIC8-F,Wang_all-small-molecule_2018,A,,,,-5.51,-3.82
IDIC8-M,Wang_all-small-molecule_2018,A,,,,-5.51,-3.72
DRCN5T,Wang_all-small-molecule_2018,D,,,,-5.22,-3.41
BTIC-4Br,Wang_bromination_2020,A,746,825,,-5.57,-4.11
BTIC-2Br-m,Wang_bromination_2020,A,734,820,,-5.56,-4.07
BTIC-BO-4Br,Wang_bromination_2020,A,747,823,,-5.53,-4.09
PBDB-TF,Wang_bromination_2020,D,,,,-5.45,-3.65
PDCBT-2Cl,Wang_carboxylate_2019,D,486,585,1.95,-5.44,-3
PDCBT-2F,Wang_carboxylate_2019,D,501,592,1.92,-5.4,-3.03
PDCBT-Cl,Wang_carboxylate_2019,D,491,599,1.91,-5.34,-3.01
PDCBT-F,Wang_carboxylate_2019,D,501,594,1.93,-5.32,-2.98
PDCBT,Wang_carboxylate_2019,D,483,600,1.9,-5.2,-2.9
FNIC1,Wang_effect_2018,A,734,752,1.48,-5.61,-3.92
FNIC2,Wang_effect_2018,A,750,794,1.38,-5.56,-4
ITIC1,Wang_enhancing_2017,A,702,734,1.55,-5.48,-3.84
ITIC2,Wang_enhancing_2017,A,714,738,1.53,-5.43,-3.8
JC1,Wang_enhancing_2019,A,723,828,1.3,-5.51,-3.95
JC2,Wang_enhancing_2019,A,673,760,1.48,-5.48,-3.73
P3HT,Wang_enhancing_2019,D,,,,-5,-3.1
PYTT-3,Wang_highly_2021,A,,,1.44,-5.76,-3.88
PYTT-2,Wang_highly_2021,A,,,1.49,-5.73,-3.83
PYTT-1,Wang_highly_2021,A,,,1.49,-5.66,-3.82
PBDB-T,Wang_highly_2021,D,,,,-5.33,-3.48
F-2Cl,Wang_high-performance_2018,A,,,,-5.5,-3.86
F-1Cl,Wang_high-performance_2018,A,,,,-5.46,-3.75
F-0Cl,Wang_high-performance_2018,A,,,,-5.43,-3.71
DRNCN5T,Wang_high-performance_2018,D,,,,-5.22,-3.41
CH3-2F,Wang_high-performance_2021,A,734,775,1.42,-5.59,-4.01
H-2F,Wang_high-performance_2021,A,710,745,1.46,-5.58,-4.06
SCH3-2F,Wang_high-performance_2021,A,720,759,1.41,-5.5,-4.06
OCH3-2F,Wang_high-performance_2021,A,752,796,1.33,-5.4,-4.04
PBDB-T,Wang_high-performance_2021,D,,,,-5.2,-3.44
BCPDT-2,Wang_near_2021,A,720,792,1.39,-5.4,-3.79
BCPDT-1,Wang_near_2021,A,707,824,1.36,-5.36,-3.85
PBDB-T,Wang_near_2021,D,,,,-5.33,-2.92
CZTT-4F,Wang_nonacyclic_2019,A,706,737,1.48,-5.61,-4.11
CZTT-IC,Wang_nonacyclic_2019,A,684,700,1.56,-5.54,-3.97
PBDB-T-2F,Wang_nonacyclic_2019,D,,,,-5.45,-3.65
PBDB-T,Wang_nonacyclic_2019,D,,,,-5.28,-3.48
FBM,Wang_pi-bridge_2016,A,486,501,2.11,-6.25,-4.14
CBM,Wang_pi-bridge_2016,A,497,547,2.02,-6.05,-4.13
CDTBM,Wang_pi-bridge_2016,A,681,701,1.45,-5.69,-4.28
Y6,Wang_precise_2021,A,,,,-5.69,-4.14
Qx-12F,Wang_precise_2021,D,612,642,1.72,-5.22,-3.5
Qx-10F,Wang_precise_2021,D,612,634,1.69,-5.18,-3.49
Qx-8F,Wang_precise_2021,D,597,613,1.66,-5.11,-3.45
Y1-4F,Wang_rational_2019,A,,,,-5.56,-4.11
PBDB-TF,Wang_rational_2019,D,,,,-5.5,-3.5
Y1,Wang_rational_2019,A,,,,-5.45,-3.95
PBDB-T,Wang_rational_2019,D,,,,-5.39,-3.48
SeTIC4Cl,Wang_selenopheno_2018,A,716,761,1.44,-5.65,-4.08
SeTIC,Wang_selenopheno_2018,A,688,712,1.58,-5.55,-3.9
PBDB-TF,Wang_selenopheno_2018,D,,,,-5.45,-3.65
CPDT-4Cl,Wang_simple_2019,A,786,858,1.3,-5.29,-3.93
CPDT-4F,Wang_simple_2019,A,776,847,1.31,-5.26,-3.87
PBDB-T,Wang_simple_2019,D,,,,-5.18,-3.38
ITIC,Wang_simultaneous_2017,A,,,,-5.51,-3.78
PBTCl,Wang_simultaneous_2017,D,,,,-5.43,-3.55
PTB7-Th,Wang_simultaneous_2017,D,,,,-5.29,-3.72
BT2F-IC4F,Wang_small_2020,A,724,703,1.38,-5.98,-4.31
BTOR-IC4F,Wang_small_2020,A,750,710,1.37,-5.92,-4.23
BT-IC4F,Wang_small_2020,A,746,734,1.37,-5.89,-4.27
PBDB-T,Wang_small_2020,D,,,,-5.23,-3.42
JC14,Wang_structural_2021,A,657,707,1.57,-5.41,-3.63
P3HT,Wang_structural_2021,D,,,,-5,-3.1
BTA5,Wang_tuning_2020,A,,,,-5.55,-3.71
BTA3,Wang_tuning_2020,A,,,,-5.54,-3.69
BTA4,Wang_tuning_2020,A,,,,-5.5,-3.65
J52-F,Wang_tuning_2020,D,,,,-5.36,-3.42
IT-4F,Wen_high-efficiency_2020,A,,,,-5.7,-4.15
PBB-Cl,Wen_high-efficiency_2020,D,528,580,2,-5.64,-3.64
PBB-F,Wen_high-efficiency_2020,D,529,579,2,-5.57,-3.57
PBB-H,Wen_high-efficiency_2020,D,572,580,2,-5.47,-3.47
PTB4Cl,Wen_simple_2021,A,657,760,1.58,-5.91,-3.93
PTB4F,Wen_simple_2021,A,645,729,1.65,-5.87,-3.89
FEHIDT,Winzenberg_indan_2013,A,,,,-5.95,-3.95
m-IDTIDT-FIC,Wu_a decacyclic_2019,A,716,743,1.51,-5.47,-3.94
p-IDTIDT-IC,Wu_a decacyclic_2019,A,696,721,1.53,-5.42,-3.82
J71,Wu_a decacyclic_2019,D,,,,-5.4,-3.24
PTB7-Th,Wu_a decacyclic_2019,D,,,,-5.2,-3.6
NBDTP,Wu_a designed_2017,A,,,,-5.66,-3.79
PBDB-T,Wu_a designed_2017,D,,,,-5.33,-3.16
BDDEH-4F,Wu_a ligand-free_2021,A,,,,-5.57,-3.94
BDDBO-4F,Wu_a ligand-free_2021,A,,,,-5.56,-3.93
PBDB-TF,Wu_a ligand-free_2021,D,,,,-5.54,-3.68
IT-4F,Wu_a new_2019,A,,,,-5.66,-4.14
PBN-S,Wu_a new_2019,D,,,,-5.48,-3.52
PN1,Wu_all-polymer_2019,A,,,,-5.71,-3.85
PBDB-TF,Wu_all-polymer_2019,D,,,,-5.5,-3.61
i-cc34,Wu_effects_2020,A,708,717,1.57,-5.39,-3.75
i-cc23,Wu_effects_2020,A,663,677,1.69,-5.34,-3.64
PBDB-T,Wu_effects_2020,D,,,,-5.26,-3.16
IDIC-4Cl,Wu_modulation_2020,A,688.5,755.8,1.52,-5.88,-3.98
BSCl-C1,Wu_modulation_2020,D,506.5,533.5,1.87,-5.59,-3.34
BSCl-C2,Wu_modulation_2020,D,506.5,566.8,1.82,-5.58,-3.39
BSCl-C3,Wu_modulation_2020,D,506,569.7,1.84,-5.55,-3.37
IDT-2BR,Wu_planar_2015,A,,636,,-5.52,-3.69
ERCN,Wu_simultaneous_2019,A,582,572,1.82,-5.5,-3.59
ORCN,Wu_simultaneous_2019,A,666,676,1.64,-5.37,-3.56
P3HT,Wu_simultaneous_2019,D,,,,-5,-2.9
Y6,Wu_to fluorinate_2021,A,,,,-5.59,-4.26
TPD-3F,Wu_to fluorinate_2021,D,,,,-5.32,-3.5
TPD-3,Wu_to fluorinate_2021,D,,,,-5.14,-3.32
TB-4Cl,Xia_fine-tuning_2021,A,730,810,1.42,-5.81,-3.94
PTIC-4Cl,Xia_fine-tuning_2021,A,765,840,1.35,-5.68,-3.91
PT2IC-4Cl,Xia_fine-tuning_2021,A,776,865,1.31,-5.6,-3.9
PBDB-TF,Xia_fine-tuning_2021,D,,,,-5.52,-3.55
Coi8DFIC,Xiao_26mA_2017,A,,,1.26,,
BTA3,Xiao_A2_2018,A,613,636,1.76,-5.49,-3.61
BT3,Xiao_A2_2018,A,657,674,1.59,-5.26,-3.66
BTA53,Xiao_effects_2020,A,607,690,1.68,-5.48,-3.58
BTA43,Xiao_effects_2020,A,600,644,1.78,-5.44,-3.47
P3HT,Xiao_effects_2020,D,,,,-5,-3.1
IDT-BT-R,Xiao_efficient_2018,A,,,,-5.3,-3.59
PTB7-Th,Xiao_efficient_2018,D,,,,-5.22,-3.63
BT2,Xiao_non-fullerne_2017,A,605,619,1.82,-5.5,-3.53
BT2b,Xiao_non-fullerne_2017,A,621,646,1.75,-5.41,-3.56
P3HT,Xiao_non-fullerne_2017,D,,,,-5,-3.1
BTA1,Xiao_P3HT-based_2017,A,593,610,1.85,-5.51,-3.55
BTA2,Xiao_P3HT-based_2017,A,558,573,2,-5.43,-3.38
P3HT,Xiao_P3HT-based_2017,D,,,,-5,-3.1
Qx1,Xiao_quinoxaline_2018,A,610,629,1.74,-5.42,-3.6
Qx1b,Xiao_quinoxaline_2018,A,631,660,1.68,-5.35,-3.66
P3HT,Xiao_quinoxaline_2018,D,,,,-5,-3.1
Qx3,Xiao_side_2020,A,613,654,1.64,-5.38,-3.56
Qx3c,Xiao_side_2020,A,636,686,1.6,-5.3,-3.59
Qx3b,Xiao_side_2020,A,642,706,1.59,-5.27,-3.63
P3HT,Xiao_side_2020,D,,,,-5,-3.1
IDTT-TBTA,Xiao_substitution_2020,A,,,1.89,-5.51,-3.72
PTB7-Th,Xiao_substitution_2020,D,,,1.58,-5.23,-3.52
Y6,Xie_16.5%_2020,A,,,,-5.65,-4.1
PBDB-TF,Xie_16.5%_2020,D,,,,-5.47,-3.59
J71,Xie_16.5%_2020,D,,,,-5.4,-3.24
ITCPTC,Xie_a novel_2017,A,678,720,1.58,-5.62,-3.96
ITIC,Xie_a novel_2017,A,665,705,1.6,-5.61,-3.93
PBT1-EH,Xie_a novel_2017,D,,,,-5.43,-3.43
IT-4F,Xu_a novel_2019,A,,,,-5.66,-4.14
PBDS-TZ,Xu_a novel_2019,D,,,,-5.41,-3.46
ITIC,Xu_hexafluoroquinaoxiline_2017,A,,,,-5.48,-3.83
HFQx-T,Xu_hexafluoroquinaoxiline_2017,D,604,601,1.76,-5.45,-3.5
SFBRCN,Xu_highly_2017,A,,,,-5.93,-3.86
PBDB-T,Xu_highly_2017,D,,,,-5.33,-2.92
A2,Xu_narrow_2018,A,707,770,1.36,-5.7,-3.78
A1,Xu_narrow_2018,A,681,785,1.4,-5.66,-3.7
ITIC,Xu_optimizing_2018,A,,,,-5.48,-3.83
TTFQx-T1,Xu_optimizing_2018,D,606,652,1.69,-5.31,-3.62
HDO-4Cl,Xu_organic_2021,A,,,,-5.7,-3.91
HD-4Cl,Xu_organic_2021,A,,,,-5.68,-4.09
PBDB-TF,Xu_organic_2021,D,,,,-5.45,-3.64
ITIC,Xu_realizing_2018,A,,,,-5.48,-3.83
PBDTS-TDZ,Xu_realizing_2018,D,,,,-5.39,-2.8
PBDT-TDZ,Xu_realizing_2018,D,,,,-5.35,-2.78
BTP-6F,Xu_tuning_2020,A,,,,-5.69,-3.97
BTP-4F,Xu_tuning_2020,A,,,,-5.68,-3.89
J91,Xue_side_2017,D,,,2,-5.5,-3.02
J52,Xue_side_2017,D,,,1.96,-5.17,-2.99
ITCPTC,Xue_steric_2019,A,,,,-5.62,-3.96
PTBB-o,Xue_steric_2019,D,,656,1.89,-5.52,-3.37
PTBB-m,Xue_steric_2019,D,,600,1.88,-5.48,-3.42
PTBB-p,Xue_steric_2019,D,,623,1.84,-5.41,-3.49
ITIC1,Yan_enhancing_2018,A,702,734,1.55,-5.48,-3.86
ITIC5,Yan_enhancing_2018,A,718,744,1.53,-5.48,-3.95
O-IDTBR,Yang_a minimal_2018,A,,,,-5.51,-3.88
DR3TBDTT,Yang_a minimal_2018,D,,,,-5.02,-3.27
IT-4F,Yang_a new_2018,A,,,,-5.66,-4.14
PBF-SF,Yang_a new_2018,D,,,,-5.46,-3.58
PBT-F,Yang_a new_2018,D,,,,-5.39,-3.65
S-YSS-Cl,Yang_a synergistic_2021,A,748,835,1.34,-5.71,-3.85
A-WSSe-Cl,Yang_a synergistic_2021,A,758,840,1.31,-5.7,-3.86
S-WSeSe-Cl,Yang_a synergistic_2021,A,768,853,1.3,-5.66,-3.88
PBTB-TF,Yang_a synergistic_2021,D,,,,-5.57,-3.73
3BDT-4,Yang_achieving_2021,D,522,606,1.83,-5.14,-3.44
3BDT-5,Yang_achieving_2022,D,512,584,1.9,-5.15,-3.4
Y6,Yang_A-DAD-A_2020,A,,,,-5.65,-4.1
Y5,Yang_A-DAD-A_2020,A,,,,-5.55,-3.87
TPBT-RCN,Yang_A-DAD-A_2020,A,,,,-5.42,-3.71
P3HT,Yang_A-DAD-A_2020,D,,,,-5,-3.1
Br-ITIC,Yang_halogenated_2017,A,,,,-5.73,-4.2
Cl-ITIC,Yang_halogenated_2017,A,,,,-5.7,-4.14
I-ITIC,Yang_halogenated_2017,A,,,,-5.68,-4.14
F-ITIC,Yang_halogenated_2017,A,,,,-5.65,-4.09
H-ITIC,Yang_halogenated_2017,A,,,,-5.61,-4.02
PTPDBDT,Yang_halogenated_2017,D,,,1.85,-5.6,-3.75
PBDT-DTN,Yang_investigation_2017,D,538,572,1.84,-5.37,-3.53
PIDT-DTN,Yang_investigation_2017,D,544,542,1.89,-5.37,-3.48
IT-4F,Yang_modulating_2018,A,,,,-5.66,-4.14
DRTB-T-C4,Yang_modulating_2018,D,,,,-5.51,-3.34
IPTBO-4Cl,Yang_molecular engineering_2020,A,759,817,1.39,-5.64,-4.08
IPT-4Cl,Yang_molecular engineering_2020,A,760,819,1.39,-5.58,-4.11
IPT-4F,Yang_molecular engineering_2020,A,746,795,1.42,-5.57,-4.08
IPTBO-4F,Yang_molecular engineering_2020,A,746,800,1.41,-5.57,-4.07
PBDB-TF,Yang_molecular engineering_2020,D,,,,-5.45,-3.65
Ph-DTDP-IC,Yang_molecular_2018,A,673,701,1.61,-5.53,-4
Ph-DTDP-TIC,Yang_molecular_2018,A,707,740,1.46,-5.33,-3.89
Ph-DTDP-TTIC,Yang_molecular_2018,A,695,703,1.45,-5.28,-3.92
PBDB-T,Yang_molecular_2018,D,,,,-5.21,-3.41
IC-C6IDT-IC,Yang_new_2017,A,,,,-5.69,-3.91
DRTB-T,Yang_new_2017,D,,,,-5.51,-3.34
ITIC-4F,Yang_nonfullerene_2020,A,,,,-5.9,-4.32
COi8DFIC,Yang_nonfullerene_2020,A,,,,-5.52,-4.2
PTB7-Th,Yang_nonfullerene_2020,D,,,,-4.98,-3.34
IDIC,Yang_quinoxaline_2018,A,,,,-5.7,-3.82
P4_yang,Yang_quinoxaline_2018,D,576,577,2,-5.68,-3.13
P3_yang,Yang_quinoxaline_2018,D,592,593,1.92,-5.54,-2.98
P2_yang,Yang_quinoxaline_2018,D,591,594,1.9,-5.33,-2.94
P1_yang,Yang_quinoxaline_2018,D,561,563,1.87,-5.17,-2.9
ITIC,Yang_side-chain_2016,A,,,1.59,-5.54,-3.84
m-ITIC,Yang_side-chain_2016,A,,,1.58,-5.52,-3.82
IPT-2F,Yang_tuning_2019,A,739,775,1.44,-5.51,-3.96
IPTT-2F,Yang_tuning_2019,A,742,766,1.42,-5.46,-4.04
IPTTT-2F,Yang_tuning_2019,A,746,761,1.43,-5.4,-4.07
IT-4F,Yao_14.7%_2019,A,,,,-5.66,-4.19
PTO2,Yao_14.7%_2019,D,,,,-5.59,-3.67
ITIC,Yao_a wide_2016,A,,,,-5.48,-3.83
PBDTS-DTBTO,Yao_a wide_2016,D,,,,-5.24,-3.6
PT-IDTIC,Yao_all-polymer_2020,A,,,,-5.79,-3.87
PT-IDTTIC,Yao_all-polymer_2020,A,,,,-5.59,-3.86
PBDB-TF,Yao_all-polymer_2020,D,,,,-5.54,-3.65
AOT1,Yao_conformation_2021,A,708,773,1.46,-5.52,-3.88
AOT2,Yao_conformation_2021,A,758,856,1.28,-5.39,-3.9
AOT3,Yao_conformation_2021,A,810,938,1.22,-5.37,-3.95
PTB7-Th,Yao_conformation_2021,D,,,,-5.24,-3.66
IEICO,Yao_design_2016,A,,,1.34,-5.32,-3.95
PBDTTT-EFT,Yao_design_2017,D,,,,-5.24,-3.66
J52,Yao_design_2017,D,,,,-5.21,-2.99
DTPC-DFIC,Yao_dithienopicenecarbazole_2018,A,,,,-5.31,-4.1
DTPC-IC,Yao_dithienopicenecarbazole_2018,A,,,,-5.21,-3.97
PTB7-Th,Yao_dithienopicenecarbazole_2018,D,,,,-5.2,-3.59
PFBDT-IDTIC,Yao_efficient_2019,A,,,,-5.78,-3.85
PBDB-TF,Yao_efficient_2019,D,,,,-5.54,-3.65
PBDB-T,Yao_efficient_2019,D,,,,-5.23,-3.18
F1,Yao_fluorination_2020,D,568,577,1.97,-5.5,-3.53
H-IDTzR,Ye_combination_2018,A,582,616,1.87,-5.31,-3.44
P-IDTzR,Ye_combination_2018,A,571,592,1.89,-5.31,-3.42
P3HT,Ye_combination_2018,D,,,,-5,-3.1
IT-4F,Ye_insertion_2019,A,692,725,1.53,-5.74,-4.11
PBT1-C-2Cl,Ye_insertion_2019,D,629,629,1.85,-5.59,-3.53
PBT1-C,Ye_insertion_2019,D,611,616,1.87,-5.47,-3.46
QCIC1,Ye_synergistic_2021,A,680,718,1.41,-5.52,-3.8
QCIC3,Ye_synergistic_2021,A,689,739,1.38,-5.52,-3.89
PBDB-T,Ye_synergistic_2021,D,,,,-5.33,-3.53
IDTzCR,Ye_wide_2017,A,593,616,1.79,-5.67,-3.77
IDTCR,Ye_wide_2017,A,603,622,1.76,-5.46,-3.67
PTB7-Th,Ye_wide_2017,D,,,,-5.24,-3.66
IDTC-4Cl,Yi_a cyclopentadithiophene_2019,A,,,,-5.5,-3.79
PBDB-T,Yi_a cyclopentadithiophene_2019,D,,,,-5.26,-3.63
NTIC,Yi_new_2017,A,650,694,1.67,-5.58,-3.76
NTIC-Me,Yi_new_2017,A,647,670,1.74,-5.53,-3.73
NTIC-OMe,Yi_new_2017,A,651,675,1.71,-5.53,-3.7
NTIC-F,Yi_new_2017,A,657,712,1.66,-5.52,-3.77
PBDB-T,Yi_new_2017,D,,,,-5.33,-2.92
BDTS-4Cl,Yi_small_2019,A,,,,-5.45,-3.82
BDTC-4Cl,Yi_small_2019,A,,,,-5.35,-3.75
PBDB-T,Yi_small_2019,D,,,,-5.26,-3.63
PBDB-TF,Yin_boosting_2021,D,,,,-5.52,-3.66
Y-T,Yin_boosting_2021,A,,,,-5.42,-3.7
BTCPDTF,Yoon_effects_2020,A,724,781,1.44,-5.64,-3.92
BTCPDT,Yoon_effects_2020,A,744,815,1.34,-5.54,-3.95
BTCPDTO4,Yoon_effects_2020,A,752,795,1.38,-5.52,-3.9
PBDB-T,Yoon_effects_2020,D,,,,-5.31,-3.63
BFC-4F,Yu_modulating_2020,A,727,,1.45,-5.54,-3.82
PTQ10,Yu_modulating_2020,D,,,1.93,-5.53,-2.85
BOC-4F,Yu_modulating_2020,A,755,,1.42,-5.4,-3.78
IDT-Tz,Yu_significant_2017,A,,,,-5.62,-4.09
PTB7-Th,Yu_significant_2017,D,,,,-5.42,-3.81
IDT-T,Yu_significant_2017,A,,,,-5.41,-3.96
ID4F,Yu_simple_2019,A,671,707,1.64,-5.83,-3.86
PTICH,Yu_simple_2019,A,637,709,1.6,-5.62,-3.8
PTIC,Yu_simple_2019,A,650,747,1.53,-5.59,-3.81
PTICO,Yu_simple_2019,A,647,746,1.56,-5.48,-3.66
PBDB-TF,Yu_simple_2019,D,,,,-5.47,-3.6
Y6,Yu_tailoring_2020,A,729,,1.36,-5.61,-3.84
Y6-2Se,Yu_tailoring_2020,A,745,,1.34,-5.58,-3.84
Y6-Se,Yu_tailoring_2020,A,745,,1.31,-5.55,-3.83
PBDB-TF,Yu_tailoring_2020,D,,,,-5.52,-3.55
ITIC,Yu_wide_2017,A,,,,-5.48,-3.83
PBDTS-NQx,Yu_wide_2017,D,628,636,1.81,-5.31,-3.46
PBDT-NQx,Yu_wide_2017,D,624,632,1.8,-5.24,-3.42
Y6,Yuan_a donor_2021,A,,,,-5.73,-4.07
PBCT-2F,Yuan_a donor_2021,D,,,,-5.58,-3.66
PBDB-TF,Yuan_a donor_2021,D,,,,-5.54,-3.7
Y1,Yuan_enabling_2019,A,,,,-5.45,-3.95
Y2,Yuan_enabling_2019,A,,,,-5.43,-4.04
PBDB-T,Yuan_enabling_2019,D,,,,-5.39,-3.5
Y5,Yuan_fused_2019,A,,,,-5.55,-3.87
PBDB-T,Yuan_fused_2019,D,,,,-5.38,-3.5
J61,Yuan_fused_2019,D,,,,-5.32,-3.08
TTFQx-T1,Yuan_fused_2019,D,,,,-5.31,-3.62
N2200,Yuan_improved_2018,A,,,,-5.6,-4
PBFSF,Yuan_improved_2018,D,,,,-5.27,-3.72
PBBSB,Yuan_improved_2018,D,,,,-5.19,-3.63
CPIC-1,Yuan_near-infrared_2021,A,674,642,1.45,-5.61,-3.62
PBDB-T,Yuan_near-infrared_2021,D,,,,-5.38,-3.33
CPIC-2,Yuan_near-infrared_2021,A,764,742,1.31,-5.3,-3.52
CPIC-3,Yuan_near-infrared_2021,A,780,819,1.24,-5.2,-3.48
ITIC,Yuan_tetrafluoroquinoxaline_2016,A,,,,-5.48,-3.83
PffQx-PS,Yuan_tetrafluoroquinoxaline_2016,D,,,,-5.4,-3.55
PffQx-T,Yuan_tetrafluoroquinoxaline_2016,D,,,,-5.36,-3.56
Y6,Yue_13.7%_2019,A,,,,-5.7,-4.08
BSFTR,Yue_13.7%_2019,D,,,,-5.59,-3.61
YITI-4F,Yue_design_2018,A,,,,-5.61,-3.99
YITI-2F,Yue_design_2018,A,,,,-5.6,-3.92
YITI-0F,Yue_design_2018,A,,,,-5.59,-3.88
PBDB-T,Yue_design_2018,D,,,,-5.33,-3.53
SNBDT1-F,Zeng_significantly_2020,A,726,790,1.41,-5.3,-3.83
PBDB-T,Zeng_significantly_2020,D,,,,-5.3,-2.86
BTP-M,Zhan_over_2020,A,,,,-5.48,-3.81
PBDB-TF,Zhan_over_2020,D,,,,-5.48,-3.64
Y18,Zhang_a disorder-free_2020,A,,,,-5.58,-3.98
Y3,Zhang_a disorder-free_2020,A,,,,-5.55,-4.01
PBDB-TF,Zhang_a disorder-free_2020,D,,,,-5.49,-3.6
BTA101,Zhang_A2-A1-D-A1-A2_2018,A,593,606,1.88,-5.41,-3.55
BTA103,Zhang_A2-A1-D-A1-A2_2018,A,617,627,1.77,-5.37,-3.64
BTA100,Zhang_A2-A1-D-A1-A2_2018,A,556,564,2.05,-5.32,-3.23
P3HT,Zhang_A2-A1-D-A1-A2_2018,D,,,,-5,-3.1
BT-dIDT,Zhang_A2-D-A1-D-A1_2020,A,696,718,1.54,-5.34,-3.87
PBDB-T,Zhang_A2-D-A1-D-A1_2020,D,,,,-5.23,-3.18
ZITI-S,Zhang_accurate_2020,A,,,,-5.8,-3.87
PTQ10,Zhang_accurate_2020,D,,,,-5.6,-3.52
ZITI-N,Zhang_accurate_2020,A,,,,-5.53,-3.82
ITTC,Zhang_achieving_2017,A,,707,1.61,-5.49,-3.85
HFQx-T,Zhang_achieving_2017,D,,,,-5.45,-3.5
F8IDT-Br,Zhang_brominated_2021,A,600,638,1.7,-5.82,-3.87
C8IDT-Br,Zhang_brominated_2021,A,606,662,1.63,-5.73,-3.86
PBDB-TF,Zhang_brominated_2021,D,566,615,1.79,-5.56,-3.64
BZIC-2Br,Zhang_bromination_2021,A,,807,1.4,-5.85,-3.92
Y9-2Br,Zhang_bromination_2021,A,,855,1.32,-5.53,-3.64
PBDB-T,Zhang_bromination_2021,D,,,,-5.28,-3.48
C8-ITCC-Cl,Zhang_chlorinated_2019,A,,,,-5.5,-3.93
C8-ITCC,Zhang_chlorinated_2019,A,,,,-5.45,-3.85
PBDB-TF,Zhang_chlorinated_2019,D,,,,-5.4,-3.64
ITC6-IC,Zhang_conformation_2018,A,677,709,1.6,-5.73,-3.92
ITIC,Zhang_conformation_2018,A,677,714,1.58,-5.68,-4.01
B-PDI-B,Zhang_cooperatively_2014,A,,,,-5.57,-3.95
P3HT,Zhang_cooperatively_2014,D,,,,-5,-3
PZ-dIDTC6,Zhang_designing_2021,A,683,711,1.57,-5.54,-3.85
PD-dIDTC6,Zhang_designing_2021,A,681,681,1.65,-5.51,-3.89
PBDB-TF,Zhang_designing_2021,D,,,,-5.5,-3.61
ITIC-SC2C6,Zhang_effect_2017,A,,,,-5.74,-3.86
PBDB-ST,Zhang_effect_2017,D,,,,-5.37,-3.59
SFBRCN,Zhang_efficient_2017,A,,505,,-5.93,-3.86
PTB7-Th,Zhang_efficient_2017,D,,,,-5.27,-3.55
PTB7,Zhang_efficient_2017,D,,,,-5.21,-3.36
Y6-T,Zhang_efficient_2021,A,,,,-5.51,-3.86
PvBDT-Cl,Zhang_efficient_2021,D,580,607,2.04,-5.49,-3.49
PvBDT-F,Zhang_efficient_2021,D,585,616,2.01,-5.44,-3.45
BO2FIDT-4Cl,Zhang_electron-deficient_2020,A,693,708,1.59,-5.73,-3.89
BT2FIDT-4Cl,Zhang_electron-deficient_2020,A,695,722,1.56,-5.7,-3.88
ITIC,Zhang_energy-level_2017,A,,,,-5.55,-4
ITTIC,Zhang_energy-level_2017,A,,,,-5.28,-3.82
PBDB-T,Zhang_energy-level_2017,D,,,,-5.26,-3.46
PMI-F-PMI,Zhang_fluorene_2015,A,533,514,2.2,-5.74,-3.54
P3HT,Zhang_fluorene_2015,D,,,,-4.76,-2.74
di-PDI-2F,Zhang_fluorinated_2021,A,,,,-6.22,-3.92
di-PDI,Zhang_fluorinated_2021,A,,,,-6.1,-3.86
PBDB-TF,Zhang_fluorinated_2021,D,,,,-5.56,-3.5
IT-4Cl,Zhang_fluorination_2018,A,,,,-5.75,-4.09
PBDB-T-2Cl,Zhang_fluorination_2018,D,,,,-5.51,-3.71
PBDB-TF,Zhang_fluorination_2018,D,,,,-5.47,-3.67
PDCBT-2F,Zhang_Fullerene-free_2016,D,,,,-5.59,-3.69
IT-M,Zhang_Fullerene-free_2016,A,,,,-5.56,-3.97
BN-4F,Zhang_high-performance_2021,A,768,816,1.38,-5.44,-4.06
BN-2F,Zhang_high-performance_2021,A,764,808,1.4,-5.39,-3.99
BN-0F,Zhang_high-performance_2021,A,759,801,1.41,-5.35,-3.94
J52,Zhang_high-performance_2021,D,,,,-5.09,-3.13
F-H,Zhang_nonfullerene_2018,A,665,689,1.63,-5.43,-3.71
NFBDT,Zhang_nonfullerene_2018,A,703,731,1.56,-5.43,-3.88
F-M,Zhang_nonfullerene_2018,A,662,687,1.65,-5.42,-3.7
PBDB-T,Zhang_nonfullerene_2018,D,,,,-5.33,-3.53
NOBDT,Zhang_nonfullerene_2018,A,744,781,1.39,-5.26,-3.89
PTB7-Th,Zhang_nonfullerene_2018,D,,,,-5.22,-3.64
6-IF4F,Zhang_non-fullerene_2021,A,816,916,1.22,-5.42,-4.14
6-IF2F,Zhang_non-fullerene_2021,A,809,889,1.25,-5.38,-4.07
6-IFIC,Zhang_non-fullerene_2021,A,799,862,1.27,-5.34,-4.02
PTB7-Th,Zhang_non-fullerene_2021,D,,,,-5.24,-3.64
IT-4Cl,zhang_over_2018,A,,746,1.48,-5.75,-4.09
IT-2Cl,zhang_over_2018,A,,720,1.55,-5.68,-3.99
IHIC-N,Zhang_panchromatic_2018,A,,,,-5.57,-3.8
PTB7-Th,Zhang_panchromatic_2018,D,,,,-5.2,-3.59
2FIFIC,Zhang_preparation_2020,A,750,817,1.38,-5.45,-3.97
ICIF2F,Zhang_preparation_2020,A,760,823,1.36,-5.45,-4.02
PBDB-TF,Zhang_preparation_2020,D,,,,-5.45,-3.57
ZITI-S,Zhang_revealing_2019,A,,,,-5.8,-3.87
ZITI-C,Zhang_revealing_2019,A,,,,-5.65,-3.81
ZITI-N,Zhang_revealing_2019,A,,,,-5.6,-3.81
J71,Zhang_revealing_2019,D,,,,-5.48,-3.6
Y6-Se,Zhang_selenium_2020,A,,,,-5.7,-4.15
D18,Zhang_selenium_2020,D,,,,-5.51,-2.77
NoCA-1,Zhang_side-chain_2021,A,764,822,,-5.45,-3.88
NoCA-5,Zhang_side-chain_2021,A,769,818,,-5.43,-3.83
PBDB-TF,Zhang_utilizing_2021,D,,,,-5.52,-3.49
A702,Zhang_utilizing_2021,A,,,,-5.41,-3.74
PBDB-T,Zhang_utilizing_2021,D,,,,-5.26,-3.46
Y6,Zhao_bithieno_2020,A,,825,1.33,-5.63,-4.3
PBiTPD,Zhao_bithieno_2020,D,610,630,1.78,-5.2,-3.45
PTPD,Zhao_bithieno_2020,D,612,613,1.86,-5.05,-3.19
PBT-S-TTz,Zhao_efficient_2016,D,597,597,1.95,-5.45,-3.5
PBT-TTz,Zhao_efficient_2016,D,589,589,1.95,-5.41,-3.46
i-IEICO-4Cl,Zhao_efficient_2021,A,718,754,1.51,-5.46,-3.82
i-IEICO-2Cl,Zhao_efficient_2021,A,709,727,1.57,-5.42,-3.75
J52,Zhao_efficient_2021,D,,,,-5.21,-2.9
TPQx-6F,Zhao_fine-tuning_2020,A,740,805,1.43,-5.61,-3.78
TPQx-4F,Zhao_fine-tuning_2020,A,748,813,1.41,-5.57,-3.74
PBDB-TF,Zhao_fine-tuning_2020,D,,,,-5.56,-3.5
ITIC,Zhao_Fullerene-Free_2016,A,,,,-5.51,-3.78
PBDB-T,Zhao_Fullerene-Free_2016,D,,,,-5.3,-2.92
DTP-out-F,Zhao_highly_2021,A,,,,-5.61,-3.96
DTP-in-F,Zhao_highly_2021,A,,,,-5.53,-3.92
PBDB-TF,Zhao_highly_2021,D,,,,-5.5,-3.61
IT-4F,Zhao_molecular_2017,A,,,,-5.66,-4.14
PBDB-T-SF,Zhao_molecular_2017,D,,,,-5.4,-3.6
CRIC-4F,Zhao_synthesis_2020,A,,,,-5.67,-3.9
CRIC,Zhao_synthesis_2020,A,,,1.53,-5.44,-3.82
J52-2F,Zhao_synthesis_2020,D,,,,-5.36,-3.42
Y6,Zheng_achieving_2021,A,,,,-5.65,-4.1
P-FP,Zheng_achieving_2021,D,,,,-5.54,-3.61
m-ITIC,Zheng_achieving_2021,A,,,,-5.52,-3.82
P-FT,Zheng_achieving_2021,D,,,,-5.48,-3.48
Y6,Zheng_benzo_2021,A,,,,-5.65,-4.1
P-4FP,Zheng_benzo_2021,D,,,,-5.54,-3.61
m-ITIC,Zheng_benzo_2021,A,,,,-5.52,-3.82
P-CIT,Zheng_benzo_2021,D,,,,-5.5,-3.55
P-P,Zheng_benzo_2021,D,,,,-5.33,-3.39
IffBR,Zhong_enhanced_2017,A,,,,-5.71,-3.77
PBTA-BO,Zhong_enhanced_2017,D,,,,-5.31,-2.89
N2200,Zhong_manipulating_2020,A,,,,-5.9,-3.79
PTB7-Th,Zhong_manipulating_2020,D,,,,-5.18,-3.16
IFBR-d,Zhong_regioisomeric_2017,A,,647,,-5.67,-3.74
IFBR-p,Zhong_regioisomeric_2017,A,,671,,-5.64,-3.73
FFI-1,Zhou_a non-fullerene_2012,A,,,,-6.1,-3.5
P3HT,Zhou_a non-fullerene_2012,D,,,,-4.7,-2.8
IDIC-4Cl,Zhou_all-small-molecule_2019,A,,,,-5.91,-4.1
Y6,Zhou_all-small-molecule_2019,A,,,,-5.72,-4.1
ZR1,Zhou_all-small-molecule_2019,D,,,,-5.32,-3.53
4T-3,Zhou_high-efficiency_2021,A,599,667,1.52,-5.86,-3.98
4T-2,Zhou_high-efficiency_2021,A,600,654,1.54,-5.85,-4.02
4T-4,Zhou_high-efficiency_2021,A,599,651,1.6,-5.85,-3.86
4T-1,Zhou_high-efficiency_2021,A,600,704,1.47,-5.71,-4.09
PY5-BT,Zhou_introducing_2021,A,737,778,1.43,-5.73,-3.78
PY5-PZ,Zhou_introducing_2021,A,735,772,1.45,-5.71,-3.75
PY5-2TZ,Zhou_introducing_2021,A,736,775,1.44,-5.7,-3.76
PY5-BTZ,Zhou_introducing_2021,A,756,775,1.44,-5.67,-3.72
PBDB-T,Zhou_introducing_2021,D,,,,-5.42,-3.5
NITI-SeS,Zhou_molecular_2021,A,,,,-5.76,-3.83
NITI-Sse,Zhou_molecular_2021,A,,,,-5.76,-3.81
PBDB-T,Zhou_molecular_2021,D,,,,-5.33,-3.53
AQx-2,Zhou_subtle_2019,A,,,,-5.62,-3.88
AQx,Zhou_subtle_2019,A,,,,-5.59,-3.85
PBDB-TF,Zhou_subtle_2019,D,,,,-5.57,-3.64
IOIC2,Zhu_alkoxy_2018,A,,,,-5.41,-3.78
IOIC3,Zhu_alkoxy_2018,A,,,,-5.38,-3.84
PTB7-Th,Zhu_alkoxy_2018,D,,,,-5.2,-3.56
IHIC2,Zhu_naphthodithiophene_2018,A,,,,-5.69,-3.86
IOIC2,Zhu_naphthodithiophene_2018,A,,,,-5.41,-3.78
FTAZ,Zhu_naphthodithiophene_2018,D,,,,-5.38,-3.17
PBDB-T-4Cl,Zou_optically_2021,D,,,,-5.38,-3.47
ICPDT-4F,Zou_optically_2021,A,,,,-5.33,-3.91
PBDB-T-2Cl,Zou_optically_2021,D,,,,-5.24,-3.34
PBDB-T,Zou_optically_2021,D,,,,-4.9,-3.03
IBR,Zulfiqar_thermal_2019,A,,565,,-5.64,-3.41
6TBA,Zuo_tackling_2018,A,,,,-5.24,-3.78
PTB7-Th,Zuo_tackling_2018,D,,,,-5.2,-3.59
