,Unnamed: 0,acceptor,donor,reference,Voc,Jsc,FF,PCE,predicted_PCE,class
304,304,H2,PBQx-TF,Cui_single-junction_2021,0.868,25.9,78.6,17.7,15.85351418,y
975,975,Y6,PBDB-TF,Meng_18.77%_2021,0.89,26.37,79.94,18.77,15.80134335,y
874,874,SY1,PBDB-TF,Liu_asymmetric_2020,0.871,25.41,76,16.83,15.80074179,y
150,150,BTP-2F-2Cl,PBDB-TF,Liu_asymmetric_2020,0.852,25.29,74.3,16.01,15.75145766,y-series
974,974,Y6,D18,Jin_D18_2021,0.86,27.44,78.5,18.56,15.72178757,y
171,171,BTP-S1,PBDB-TF,Li_asymmetric_2020,0.934,22.39,72.69,15.21,15.7121611,y
978,978,Y6-O,PBDB-TF,Chen_alkoxy_2022,0.95,22.4,78,16.6,15.70169096,y
151,151,BTP-2F-ThCl,PBDB-TF,Luo_fine-tuning_2020,0.869,25.38,77.4,17.06,15.68364538,y
134,134,BTIC-2Cl-yCF3,PBDB-TF,Chen_17.1%_2021,0.84,25.09,76.99,16.31,15.68140964,y
875,875,SY3,PBDB-TF,Liu_asymmetric_2020,0.858,25.54,74.1,16.23,15.62904344,y
173,173,BTP-S9,PBDB-TF,Li_unveiling_2021,0.846,26.47,78.44,17.56,15.60953796,y
163,163,BTP-ClBr,PBDB-TF,Luo_altering_2020,0.906,23.48,79,16.82,15.5933264,y
192,192,CH1007,PBDB-TF,Lin_a non-fullerene_2020,0.822,27.48,75.61,17.08,15.56927751,y
162,162,BTP-6F,PBDB-TF,Xu_tuning_2020,0.81,25.9,72.8,15.3,15.55835116,y
970,970,Y6,PBCT-2F,Yuan_a donor_2021,0.85,27.2,74.3,17.1,15.55714513,y
980,980,Y6-Se,D18,Zhang_selenium_2020,0.839,27.98,75.3,17.7,15.55518671,y
979,979,Y6-Se,PBDB-TF,Yu_tailoring_2020,0.82,25.47,75,16.02,15.54286857,y
169,169,BTP-PhC6,PBDB-TF,Chai_enahnced_2020,0.865,25,77,16.7,15.53882305,y
302,302,H2,PBDB-TF,Li_structural_2020,0.89,24.3,71.1,15.4,15.51781241,y
709,709,m-BTP-PhC6,PTQ10,Fan_synergistic_2021,0.841,26.95,78.3,17.74,15.49084454,y
172,172,BTP-S2,PBDB-TF,Li_asymmetric_2020,0.945,24.07,72.02,16.37,15.48140651,y
48,48,AQx-2,PBDB-TF,Zhou_subtle_2019,0.86,25.38,76.25,16.64,15.46338147,y
113,113,BT-BO-L4F,PBDB-TF,Li_unveiling_2021,0.861,25.92,75.09,16.76,15.44334043,y
873,873,S-WSeSe-Cl,PBDB-TF,Yang_a synergistic_2021,0.828,26.35,73.41,16.01,15.42409118,y
139,139,BTIC-CF3-y,PBDB-TF,Lai_trifluoromethylation_2020,0.85,25.19,72.82,15.59,15.42075485,y
976,976,Y6-1O,PBDB-TF,Chen_asymmetric_2021,0.89,23.2,78.3,16.1,15.41548738,y
146,146,BTN-4F,PBDB-TF,Luo_pyrrole_2021,0.816,25.05,77.3,15.82,15.39333514,y
164,164,BTP-ClBr1,PBDB-TF,Luo_altering_2020,0.854,23.66,72.2,14.56,15.35470167,y
29,29,ABP4T-4F,PBDB-TF,Gao_asymmetric_2021,0.922,22,75.1,15.2,15.34777481,y
165,165,BTP-ClBr2,PBDB-TF,Luo_altering_2020,0.845,24.97,73.6,15.54,15.34233019,y
47,47,AQx,PBDB-TF,Zhou_subtle_2019,0.89,22.18,67.14,13.31,15.29547022,y
774,774,o-BTP-PhC6,PTQ10,Chai_fine-tuning_2021,0.924,22.8,76.2,16,15.27334946,y
170,170,BTP-PhC6,PTQ10,Chai_fine-tuning_2021,0.888,24.7,77.9,17.1,15.24318067,y
306,306,HDO-4Cl,PBDB-TF,Xu_organic_2021,0.94,21.9,76,15.6,15.19885166,y
160,160,BTP-4Cl,PBDB-TF,Ma_impact_2021,0.838,26.7,79,17.7,15.19685663,y
141,141,BTIC-F-m,PBDB-TF,Lai_trifluoromethylation_2020,0.92,21.41,69.09,13.61,15.1833632,y
918,918,Y18,PBDB-TF,Zhang_a disorder-free_2020,0.84,24.91,76.4,16.02,15.16872034,y
965,965,Y6,W1,Wang_a 2.16eV_2019,0.88,25.87,70.7,16.16,15.16389434,y
135,135,BTIC-4EO-4Br,PBDB-TF,Wang_bromination_2020,0.86,24.06,67.84,14.03,15.15143,y
78,78,BP5T-4F,PBDB-TF,Gao_asymmetric_2021,0.888,24.6,76.3,16.7,15.14373874,y
68,68,BDTP-4F,PBDB-TF,Luo_conformation_2020,0.895,22.54,75.5,15.24,15.13875357,y
176,176,BTSe-4F,PBDB-TF,Luo_pyrrole_2021,0.811,22.52,75.4,13.79,15.12707255,y
968,968,Y6,PBDB-T-2Cl,Ma_improving_2020,0.882,25.605,73.3,17.037,15.11574722,y
132,132,BTIC-2Br-m,PBDB-TF,Wang_bromination_2020,0.88,25.03,73.13,16.11,15.10827956,y
977,977,Y6-2Se,PBDB-TF,Yu_tailoring_2020,0.83,24.32,70,14.94,15.00485021,y
822,822,PTIC-4Cl,PBDB-TF,Xia_fine-tuning_2021,0.86,23.3,73.89,14.81,14.95373108,y
876,876,TB-4Cl,PBDB-TF,Xia_fine-tuning_2021,0.835,23.2,74.56,14.45,14.92022723,y
966,966,Y6,Qx-12F,Wang_precise_2021,0.847,24.55,72.88,15.21,14.87380831,y
894,894,TPQx-6F,PBDB-TF,Zhao_fine-tuning_2020,0.92,22.37,72.16,14.62,14.85859648,y
133,133,BTIC-2Br-m,PTQ11,Sun_high_2020,0.88,24.79,74.8,16.32,14.85724179,y
921,921,Y19,PBDB-TF,Cao_a new_2020,0.88,22.38,68.18,12.76,14.84868218,y
159,159,BTP-4Cl,P5T-2F,Ma_miscibility_2021,0.837,26.5,78.9,17.7,14.83530987,y
925,925,Y22,PBDB-TF,Cai_an asymmetric_2020,0.853,24.37,74.12,15.4,14.82003599,y
123,123,BTCT-2Cl,PBDB-TF,Li_roles_2020,0.877,24.4,70.4,15.1,14.7813763,y
967,967,Y6,PBBSe-Cl,Chao_enhanced_2020,0.82,24.07,73.16,14.44,14.71632547,y
892,892,TPQ-F,PBDB-TF,Sun_fused-ring_2021,0.857,23.7,66.5,13.51,14.60421155,y
128,128,BTDTP-4F,PBDB-TF,Luo_conformation_2020,0.866,21.25,71.3,13.12,14.48299157,y
81,81,BPS-4F,SZ5,Chai_deciphering_2020,0.82,25.4,77.9,16.3,14.4705541,y
891,891,TPQ-Cl,PBDB-TF,Sun_fused-ring_2021,0.837,25.19,62.99,13.28,14.41251914,y
971,971,Y6,L1,Xiong_thiolactone_2019,0.85,25.41,74.9,16.22,14.40059223,y
973,973,Y6,PTQ10,Fan_synergistic_2021,0.831,26.28,78.4,17.13,14.33951777,y
140,140,BTIC-COOMe,PBDB-TF,Lai_push_2021,0.9,22.13,66.71,13.25,14.27606682,y
969,969,Y6,P2F-Ehp,Fan_achieving_2019,0.81,26.68,74.11,16.02,14.27021087,y
158,158,BTP-4Cl,B1,Qin_15.3%_2020,0.83,25.27,73,15.3,14.20530253,y
704,704,LL2,PBDB-T,Lu_high-efficiency_2021,0.82,26.05,70.87,15.18,14.20288255,y
932,932,Y5,PBDB-TF,Cui_single-junction_2020,0.839,26.2,81.1,17.8,14.20160039,y
149,149,BTP-2F-2Cl,BTR-Cl,Hu_15.3%,0.8234,22.35,71.41,13.1,14.19141953,y
944,944,Y6,PTQ9,Sun_achieving_2019,0.82,23.72,54,10.5,14.15771885,y
66,66,BDTN-BF,PBDB-TF,Ma_ladder-type_2020,0.91,23.63,70.66,15.24,14.1574435,y
166,166,BTP-FCl-FCl,BTR-Cl,Hu_15.3%,0.8234,24.58,75.36,15.3,14.12833733,y
954,954,Y6,PbiTPD,Zhao_bithieno_2020,0.83,25.6,66.7,14.2,14.12763272,y
705,705,LL3,PBDB-T,Lu_high-efficiency_2021,0.86,26.97,72.27,16.82,14.09990959,y
917,917,Y1-4F,PBDB-TF,Liu_high-efficiency_2020,0.833,26.74,74.33,16.54,14.07993212,y
82,82,BPT-4F,SZ5,Chai_deciphering_2020,0.853,24.8,79.1,16.8,14.0756037,y
927,927,Y26,PBDB-TF,Song_over_2021,0.83,21.63,74.33,13.34,14.05951679,y
818,818,PT2IC-4Cl,PBDB-TF,Xia_fine-tuning_2021,0.834,20.7,72.37,12.51,13.99258052,y
303,303,H2,PBDB-T,Qin_triplet_2020,0.79,25.82,73,15.12,13.99072374,y
949,949,Y6,TPD-3F,Wu_to fluorinate_2021,0.87,21.07,62.2,11.4,13.98904994,y
958,958,Y6,ZR1,Zhou_all-small-molecule_2019,0.861,24.34,68.44,14.34,13.96624307,y
959,959,Y6,PTPD,Wu_to fluorinate_2021,0.83,26.7,68.5,15.2,13.90362155,y
794,794,PFA1,PTzBI-oF,Peng_a universal_2020,0.87,23.96,72.67,15.11,13.87822901,y - polymer
144,144,BT-LIC,PBDB-TF,Li_systematic_2021,0.85,23.5,52,10.4,13.86515582,y
953,953,Y6,Qx-10F,Wang_precise_2021,0.779,24.83,65.84,12.75,13.86342994,y
80,80,BPF-4F,SZ5,Chai_deciphering_2020,0.846,22.1,67.4,12.6,13.79469834,y
950,950,Y6,BTR-Cl,Chen_all-small-molecule_2019,0.86,24.17,62.5,13.61,13.77849632,y
960,960,Y6,BSFTR,Yue_13.7%_2019,0.85,23.16,69.66,13.69,13.75526824,y
930,930,Y5,TTFQx-T1,Yuan_fused_2019,0.89,21.2,69.6,13.1,13.69896851,y
157,157,BTP-4Cl,BTR,Qin_15.3%_2020,0.83,18.93,72,11.3,13.69776308,y
889,889,TPIC-4Cl,PBDB-T-2Cl,Ma_understanding_2020,0.885,22.89,75.7,15.4,13.69119913,7-ring
478,478,IPTBO-4Cl,PBDB-TF,Yang_molecular engineering_2020,0.893,23.15,72.57,15,13.67883821,7-ring
972,972,Y6,PE4,Tang_molecular_2019,0.84,22.21,75.43,14.02,13.6747744,y
919,919,Y18-1D,P_chen,Chen_indole-based_2020,0.84,24.53,74,15.25,13.64975017,y
156,156,BTP-4Cl,PBDB-T,Ma_impact_2021,0.75,22.9,68.8,11.8,13.61179522,y
915,915,Y14,PBDB-T,Luo_semitransparent_2019,0.798,26.15,71.48,14.92,13.5977733,y
951,951,Y6,BTR,Liu_mixed_2021,0.796,22.1,64.49,11.34,13.56848275,y
961,961,Y6,SM1-F,Qiu_highly_2020,0.866,23.25,69.9,14.07,13.55454676,y
920,920,Y19,PBDB-T,Lu_high-efficiency_2021,0.79,26.96,67.7,14.4,13.47402766,y
890,890,TPIC-4F,PBDB-T-2Cl,Ma_understanding_2020,0.901,22.35,74.2,14.9,13.46853308,y
833,833,PYTT-1,PBDB-T,Wang_highly_2021,0.93,20.66,70.35,13.54,13.34830284,y - polymer
924,924,Y22,QX2,Cai_an asymmetric_2020,0.785,23.76,68.07,12.69,13.33179131,
983,983,Y9,PBDB-T,Luo_a new_2020,0.9,23.28,63,13.26,13.32403208,
957,957,Y6,SM1-S,Qiu_highly_2020,0.825,23.23,67.7,12.94,13.29803394,
148,148,BTP-1V,PBDB-T,song_fused-heterocycle_2022,0.711,26.5,66.65,12.56,13.28954456,
834,834,PYTT-2,PBDB-T,Wang_highly_2021,0.91,22,71.53,14.32,13.27576435,
831,831,PY5-BTZ,PBDB-T,Zhou_introducing_2021,0.922,22.61,71.1,14.82,13.25706383,
174,174,BTP-Se,PBDB-T,song_fused-heterocycle_2022,0.711,28.66,69.7,14.2,13.22910787,
181,181,BTTPC-Br,PBDB-T,Qin_tuning_2019,0.86,24.71,71,15.22,13.22869991,
955,955,Y6,PIDTTDTffBTA,Li_indacenodithieno_2019,0.74,22.7,66.73,11.05,13.21659237,
984,984,Y9-2Br,PBDB-T,Zhang_bromination_2021,0.84,21.38,67.11,12.05,13.19708963,
112,112,BT-BO-L4F,PBDB-T,Li_systematic_2021,0.72,26.9,57.4,11.2,13.17823115,
926,926,Y25,PBDB-TF,Song_over_2021,0.8,20.19,72.14,11.65,13.17361052,
180,180,BTTPC,PBDB-T,Qin_tuning_2019,0.89,22.25,73,14.51,13.14809544,
922,922,Y2,PBDB-T,Yuan_enabling_2019,0.82,23.56,69.4,13.4,13.1470952,
956,956,Y6,SM,Qiu_highly_2020,0.805,23.59,67,12.72,13.1344605,
815,815,PJ1-H,PBDB-T,Jia_14.4%_2020,0.9,22.3,70,14.4,13.11302405,
931,931,Y5,PBDB-T,Yuan_fused_2019,0.88,22.8,70.2,14.1,13.10318823,
835,835,PYTT-3,PBDB-T,Wang_highly_2021,0.82,21.99,68.47,12.41,13.08249993,
28,28,A702,PBDB-T,Zhang_utilizing_2021,0.9,21.93,60,11.84,13.05722873,
401,401,IDTP-4F,PBDB-TF,Yang_molecular engineering_2020,0.914,22.08,74.15,14.96,13.04512268,
731,731,MS-4Cl,PBDB-T,Ma_dodecacyclic_2021,0.81,20.3,71.2,11.79,13.03944151,
26,26,A701,PBDB-T,Tang_low-bandgap_2020,0.92,18.27,64,10.7,13.02574727,
168,168,BTP-N,PBDB-T,song_fused-heterocycle_2022,0.748,24.87,64.35,11.97,13.01912629,
912,912,Y1,PBDB-T,Yuan_enabling_2019,0.87,22.44,69.1,13.42,13.0143881,
948,948,Y6,J52-Cl,Tang_molecular_2019,0.84,23.77,61.44,12.31,12.99179951,
732,732,MS-4F,PBDB-T,Ma_dodecacyclic_2021,0.85,19.61,70.59,11.75,12.95372923,
829,829,PY5-2TZ,PBDB-T,Zhou_introducing_2021,0.894,20.82,68.4,12.73,12.92571523,
145,145,BT-LIC,PBDB-T,Li_systematic_2021,0.86,24.3,63.2,13.2,12.87728244,
991,991,ZITI,J100,Wang_a wide-bandgap_2019,0.937,21.25,72.48,14.43,12.86979165,
832,832,PY5-PZ,PBDB-T,Zhou_introducing_2021,0.893,19.91,68.2,12.1,12.86072766,
888,888,TPIC,PBDB-T-2Cl,Ma_understanding_2020,1.003,18.51,71.11,13.2,12.75613693,
253,253,DTTC-4Cl,PBDB-TF,Chen_a chlorinated_2020,0.92,22.64,74.04,15.42,12.71415088,
864,864,SN6IC-4F,PBDB-T,Huang_highly_2018,0.78,23.2,73,13.2,12.69884278,
765,765,NoCA-5,J51,Zhang_side-chain_2021,0.814,26.02,69.96,14.82,12.69578434,
11,11,5T-OFIC,PBDB-TF,Meng_structural_2021,0.794,24.84,68.1,13.43,12.6788342,
990,990,ZITI,J71,Liu_design_2018,0.93,20.37,69.49,13.24,12.6743371,
964,964,Y6,P-FP,Zheng_achieving_2021,0.815,23.27,70.37,13.34,12.66626661,
517,517,IT-4F,PBB-F,Wen_high-efficiency_2020,0.92,22.4,71.1,14.7,12.65370073,
428,428,IDTTP-4F,PBDB-TF,Luo_conformation_2020,0.876,20.21,71.4,12.64,12.63500914,
865,865,SNBDT1-F,PBDB-T,Zeng_significantly_2020,0.86,20.97,70.4,12.7,12.62127263,
963,963,Y6,P-4FP,Zheng_benzo_2021,0.8,22.61,70.28,12.71,12.6176153,
529,529,IT-4F,PTO2,Yao_14.7%_2019,0.91,21.5,75,14.7,12.61448898,
473,473,IPIC-4Cl,PBDB-T,Geng_nonfullerene_2019,0.813,22.2,74,13.4,12.61288929,
152,152,BTP-2V,PTB7-Th,Qin_non-halogenated_2021,0.661,28.2,68.48,12.77,12.6115088,
17,17,6T-OFIC,PBDB-TF,Meng_structural_2021,0.782,22.69,69.6,12.35,12.61037809,
531,531,IT-4F,P2,Li_a wide_2018,0.9,20.73,76,14.2,12.58169405,
526,526,IT-4F,PBDB-TSCl,Park_high-performance_2020,0.834,21.17,74.37,13.13,12.55686764,
514,514,IT-4F,PBDB-T-SF,Zhao_molecular_2017,0.88,20.88,71,13.1,12.553608,
477,477,IPT2F-TT,PBDB-T,Cao_2D_2020,0.84,22.24,75.06,14.02,12.50261824,
749,749,NCBDT-4Cl,PBDB-T-SF,Kan_a chlorinated_2018,0.851,22.35,74.3,14.1,12.49445635,
532,532,IT-4F,TPD-3F,Li_an electrochemically_2018,0.911,20.25,76,13.84,12.49402589,
528,528,IT-4F,PBDE-DFDT,Li_influence_2020,0.865,21.83,75,14.16,12.4897988,
468,468,INPIC-4F,PBDB-T,Sun_Dithieno_2018,0.85,21.61,71.5,13.13,12.48854133,
929,929,Y5,J60,Yuan_fused_2019,0.9,21.1,58.3,11,12.46291015,
476,476,IPT2F-Th,PBDB-T,Cao_2D_2020,0.86,20.44,71.2,12.52,12.4605349,
509,509,IT-4F,PBN-S,Wu_a new_2019,0.891,21.03,69.9,13.1,12.45015964,
475,475,IPT2F-Ph,PBDB-T,Cao_2D_2020,0.86,21.18,72.11,13.13,12.42027818,
23,23,A4T-16,PBDB-TF,Ma_completely_2021,0.876,21.8,79.8,15.2,12.41539209,
474,474,IPT-2F,PBDB-T,Song_synergetic_2021,0.86,22.2,73,14,12.3909123,
520,520,IT-4F,PBB-Cl,Wen_high-efficiency_2020,0.94,21.8,72.5,14.8,12.38427433,
534,534,IT-4F,PBDB-TF,Ma_high-efficiency_2020,0.858,20.2,78.9,13.7,12.38058641,
947,947,Y6,3BDT-5,Yang_achieving_2022,0.84,21.3,58.1,10.4,12.37571832,
6,6,4TC-4F-C8C8,PBDB-TF,Chen_a chlorinated_2020,0.95,21.66,67.6,13.89,12.37278399,
952,952,Y6,P-FT,Zheng_achieving_2021,0.745,21.87,65.12,10.61,12.3648778,
75,75,BN-2F,J51,Zhang_high-performance_2021,0.813,25.25,70.78,14.53,12.36082087,
524,524,IT-4F,PBDTSF-TZNT,Feng_low-energy_2019,0.93,19.23,74.1,13.25,12.34636721,
500,500,IT-4F,PBDT-3TCO,An_enhanced_2019,0.88,20.94,63.68,11.77,12.3436939,
231,231,DTC-4F,PBDB-TF,Chen_a chlorinated_2020,0.94,20.2,70.42,13.37,12.3345959,
76,76,BN-4F,J51,Zhang_high-performance_2021,0.792,25.76,64.91,13.24,12.31669997,
885,885,TPDC-4F,PBDB-TF,Luo_electron-deficient_2021,0.852,22.19,70.6,13.35,12.30391014,
56,56,BCPDT-2,PBDB-TF,Wu_a ligand-free_2021,0.88,22.57,63.38,12.59,12.29852916,
914,914,Y14,PTB7-Th,Luo_semitransparent_2019,0.788,21.28,62.24,10.44,12.27980602,
530,530,IT-4F,PBT1-C-2Cl,Ye_insertion_2019,0.85,19.04,76,12.7,12.26653369,
993,993,ZITI-C,J71,Zhang_revealing_2019,0.851,21.3,72.76,13.18,12.25973035,
49,49,AT-4Cl,PBDB-TF,Feng_new_2019,0.901,19.52,75.5,13.27,12.25661207,
533,533,IT-4F,PBDB-T-2Cl,zhang_over_2018,0.86,21.8,77,14.4,12.25144681,
358,358,IDST-4F,PBDB-TF,Guo_asymmetrically_2020,0.82,24.9,70,14.3,12.250059,
651,651,ITIC-4Cl,PBDB-TF,zhang_over_2018,0.79,22.67,75.2,13.45,12.24868845,
758,758,NITT-BF,PBDB-TF,Ming_napthalene_2021,0.94,18.08,72.38,12.3,12.23999295,
923,923,Y22,J71,Cai_an asymmetric_2020,0.806,21.7,62.27,10.89,12.23881945,
854,854,SeTIC4Cl,PBDB-TF,Wang_selenopheno_2018,0.78,22.92,75,13.32,12.23626344,
650,650,ITIC-4Cl,PBDB-T-2Cl,Zhang_fluorination_2018,0.81,22.01,74,13.37,12.22125876,
479,479,IPTT-2F,PBDB-T,Yang_tuning_2019,0.874,19.7,66.2,11.4,12.19468479,
136,136,BTIC-4F,PBDB-TF,Luo_electron-deficient_2021,0.894,20.5,65.7,12.04,12.18786165,
516,516,IT-4F,PCl4BDB-T,Wu_the_crucial_2018,0.84,20.6,71.09,12.33,12.17314685,
730,730,MO-IDIC-2F,PTQ10,Li_simplified_2019,0.906,19.87,74.8,13.46,12.16219433,
510,510,IT-4F,F1,Yao_fluorination_2020,0.933,20.6,70,13.5,12.15289674,
995,995,ZITI-N,J71,Zhang_revealing_2019,0.876,21.78,72,13.68,12.15041131,
539,539,ITC-2Cl,PBDB-TF,Luo_reduced_2019,0.91,20.1,74.1,13.6,12.14859181,
764,764,NoCA-1,J51,Zhang_side-chain_2021,0.769,24.69,61.69,11.71,12.14842088,
680,680,IT-M,PBDB-TF,Li_a high-efficiency_2018,0.87,20.38,77,13.7,12.13243087,
201,201,Coi8DFIC,PTB7-Th,Li_molecular_2019,0.69,27.3,71,13.8,12.13240572,
377,377,IDT6CN-M,PBDB-TF,Fan_overcoming_2019,1.04,16.6,77.1,13.3,12.12977064,
813,813,PIST-4F,PBDB-TF,Lin_noncovalently_2021,0.87,21.9,72,13.8,12.12719612,
819,819,PTB4Cl,PBDB-TF,Wen_simple_2021,0.93,19.01,72.17,12.76,12.12556596,
2,2,3TT-OCIC,PTB7-Th,Gao_achieving_2019,0.68,26.49,69,12.43,12.12410028,
1,1,2T2Se-F,PBDB-TF,Ding_selenophene_2022,0.875,20.63,66.9,12.05,12.12123112,
480,480,IPTTT-2F,PBDB-T,Yang_tuning_2019,0.894,20,69.3,12.3,12.12042262,
291,291,FNIC2,PTB7-Th,Wang_effect_2018,0.741,23.93,73.4,13,12.10962509,
521,521,IT-4F,PBDS-TZ,Xu_a novel_2019,0.804,20.05,73.1,12.01,12.10631707,
42,42,AOIC2,PBDB-TF,Jia_isomeric_2021,0.918,19.41,66.2,11.8,12.10327535,
7,7,4TC-4F-C8C8,PBTIBDTT,Ouyang_improving_2020,0.9,18.61,72,12.06,12.09638335,
653,653,ITIC-6F,PBDB-TF,Aldrich_fluorination_2019,0.82,21.6,67.4,11.89,12.09594517,
710,710,m-DTC-2Cl,PTQ10,Qin_non-halogenated_2021,0.992,16.67,73.42,12.14,12.09392741,
275,275,F-BTA3,PBQx-TF,Cui_single-junction_2021,1.15,13.2,75.6,11.5,12.08102861,
535,535,IT6-4F,PBDB-TF,Gao_an asymmetrical_2020,0.9,16.69,72.1,10.8,12.07803062,
878,878,TfIF-4FIC,PBDB-TF,Liu_15%_2019,0.98,17.6,76,13.1,12.0772927,
396,396,IDTN,PBDB-TF,Li_design_2017,0.94,16.58,78,12.2,12.04835416,
269,269,F8IC,PTB7-Th,Cheng_efficient_2019,0.67,22.7,69.5,10.9,12.04699234,
508,508,IT-4F,PDBT-Cl,Huang_significant_2019,0.82,22.3,69,12.6,12.04644262,
639,639,ITIC,PBTA-PSF,Li_high-efficiency_2019,1.01,18.51,74.4,13.91,12.04559812,
503,503,IT-4F,J101,Bin_effect_2020,0.93,18.2,67,11.1,12.04298023,
249,249,DTP-in-F,PBDB-TF,Zhao_highly_2021,0.91,18.54,63.2,10.66,12.0428062,
740,740,N65-2FIC,PBDB-TF,Hu_axisymmetric_2020,0.82,21.49,58,10.19,12.03298136,
25,25,A4T-23,PBDB-TF,Ma_completely_2021,0.87,21,56.8,10.4,12.02966259,
85,85,Br-ITIC,PBDB-TF,An_ternary_2019,0.937,18.53,72.7,12.63,12.02674609,
761,761,NNBDT,PBDB-TF,Meng_a tandem_2019,0.86,20.07,69.7,12.03,12.02646813,
557,557,ITCPTC,PBDB-TF,Ma_adding_2020,0.964,17.285,73.8,12.31,12.02345903,
21,21,A4T-16,PTO2,Ma_completely_2021,0.952,18.7,66.5,11.8,12.0206796,
549,549,ITCF,J71,Hao_achieving_2019,0.91,18.48,78.8,13.25,12.02061596,
518,518,IT-4F,J71-Cl,Su_nonhalogen_2019,0.93,19.2,71.5,12.8,12.01659903,
501,501,IT-4F,PFOPB,Li_a wide_2019,0.89,20.4,64.5,11.7,12.01020399,
293,293,FO-2F,PBDB-TF,Ke_the rational_2020,0.878,22.26,77,15.05,12.00738132,
267,267,F-2F,PBDB-TF,Ke_the rational_2020,0.941,18.54,74.1,12.93,11.9973105,
522,522,IT-4F,J52-Cl,Liao_fluorobenzotriazole_2019,0.79,20.76,73.5,12.1,11.99616652,
38,38,AOIC1,PBDB-TF,Jia_isomeric_2021,0.878,21.4,63.9,12,11.99506032,
215,215,DBT-4F,PBDB-T,Cao_asymmetric_2021,0.88,19.65,70.24,12.14,11.98752124,
417,417,IDTT-Cl-2F,PBDB-T-2Cl,Cai_asymmetric_2021,0.96,19.2,71.1,13.3,11.98582749,
471,471,IOIC3,PTB7-Th,Zhu_alkoxy_2018,0.762,22.9,74.9,13.1,11.98370298,
962,962,Y6,P-CIT,Zheng_benzo_2021,0.77,19.71,70.12,10.64,11.97765887,
72,72,BID-4F,PBDB-TF,Chang_diflurobenzothiadiazole_2020,0.92,17.8,74.3,12.3,11.97701121,
523,523,IT-4F,P2F-Ehp,Fan_fine-tuning_2018,0.891,19.65,74.09,12.96,11.97288995,
715,715,m-INPOIC,PBDB-T,Feng_molecular_2019,0.846,19,66.1,10.6,11.97092633,
519,519,IT-4F,PCE10-2Cl,Huang_narrow_2021,0.822,18.13,71.94,10.72,11.97030551,
378,378,IDT6CN-M,PBDB-T-2Cl,Fan_overcoming_2019,1.05,16.4,77.5,13.3,11.96586454,
898,898,TSeTIC,PBDB-TF,Liu_achieving high performance_2019,0.93,19.42,75.9,13.71,11.9617334,
3,3,4T-1,D18,Zhou_high-efficiency_2021,0.93,18.28,70.97,12.04,11.95954878,
511,511,IT-4F,PBT-Cl,Dong_towards_2019,0.782,21.03,70,11.6,11.95022061,
637,637,ITIC,m-PBDTPS-FTAZ,Chen_revealing_2019,0.95,18.76,73.85,13.16,11.92989497,
992,992,ZITI,PBDB-T,Liu_design_2018,0.89,19.8,74.04,13.03,11.92831334,
188,188,C8-ITIC,PFBDB-T,Fei_an alkylated_2018,0.94,19.6,72,13.2,11.9277716,
505,505,IT-4F,PBB-H,Wen_high-efficiency_2020,0.82,21.5,67.8,12,11.92708096,
836,836,PZ1,PBDB-TF,Meng_11.2%_2019,0.96,17.1,68.2,11.2,11.92149486,
515,515,IT-4F,PDCBT-2F,Zhang_Fullerene-free_2016,0.92,18.2,71,11.9,11.9092423,
420,420,IDTT-M-2F,PBDB-TF,Cai_asymmetric_2021,0.97,17.4,66.1,11.6,11.90674288,
525,525,IT-4F,J71,Hao_achieving_2019,0.803,19.58,74.2,11.66,11.8950727,
698,698,IXIC-4Cl,PTB7-Th,Gao_achieving_2019,0.65,26.67,69,11.96,11.89451742,
712,712,MeIC,J71,Luo_fine-tuning_2018,0.918,18.41,74.2,12.54,11.89194764,
416,416,IDTT-Cl-2F,PBDB-TF,Cai_asymmetric_2021,0.94,18.8,70.1,12.7,11.89154082,
512,512,IT-4F,PBT1-C,Ye_insertion_2019,0.79,19.03,70.5,10.9,11.89072933,
34,34,a-ITIC-2Cl,PBDB-TF,Lai_3D_2019,0.88,18.91,73.5,12.23,11.89051781,
502,502,IT-4F,PBDE-TT,Li_influence_2020,0.883,19.34,65,11.1,11.89017452,
290,290,FNIC1,PTB7-Th,Wang_effect_2018,0.774,19.97,66.4,10.3,11.88641068,
540,540,ITC6-IC,PBDB-T,Zhang_conformation_2018,0.97,16.41,73,11.61,11.8727242,
414,414,IDTT-Br-2F,PBDB-TF,Cai_an asymmetry_2022,0.94,18.4,68.7,12.1,11.87241516,
821,821,PTIC,PBDB-TF,Yu_simple_2019,0.93,16.73,66,10.27,11.86526227,
649,649,ITIC-4Cl,PCE10-2F,Su_efficient_2019,0.76,18.8,73.9,10.7,11.86408101,
413,413,IDTT-Br-2F,PBDB-T-2Cl,Cai_an asymmetry_2022,0.97,17.4,66.1,11.4,11.86403642,
308,308,HF-PCIC,PBDB-TF,Li_revealing_2018,0.91,17.81,70.77,11.49,11.86181839,
838,838,PZ-dIDTC6,PBDB-TF,Zhang_designing_2021,0.94,15.49,75,10.91,11.86092317,
450,450,IEICS-4F,PTB7-Th,Chen_highly_2019,0.75,25.3,69.3,13.2,11.86034219,
506,506,IT-4F,DRTB-T-C4,Yang_modulating_2018,0.909,18.27,68,11.24,11.85922772,
421,421,IDTT-M-2F,PBDB-T-2Cl,Cai_asymmetric_2021,0.99,17.3,66.8,11.3,11.85314283,
397,397,IDTN-O,J71,Chen_alkoxy_2021,0.91,17.2,77,12.1,11.85311177,
677,677,IT-M,PBDB-BzT,Qin_a polymer_2018,0.96,17.97,70,12.1,11.84773269,
353,353,IDIC-4Cl,BSCl-C2,Wu_modulation_2020,0.865,20.1,71.3,12.4,11.84723363,
791,791,PF2-DTSi,PBDB-TF,Fan_mechanically_2020,0.99,16.48,66.1,10.77,11.84435695,
817,817,PN1,PBDB-TF,Wu_all-polymer_2019,1,15.2,69,10.5,11.83591826,
470,470,IOIC2,FTAZ,Zhu_naphthodithiophene_2018,0.9,19.7,69.3,12.3,11.83501386,
89,89,BT2F-IC4F,PTQ10,Yu_modulating_2020,0.81,20.5,72.35,12.05,11.83125805,
779,779,o-IO1,PTB7-Th,Lee_bandgap_2020,0.74,26.3,67,13.1,11.82863976,
553,553,ITCPTC,PTBB-m,Xue_steric_2019,0.96,18.11,70.2,12.22,11.82329842,
90,90,BT2FIDT-4Cl,PBDB-T-2Cl,Zhang_electron-deficient_2020,0.97,18.1,71.5,12.5,11.82206921,
345,345,IDIC,PBDB-TF,Li_a simple_2019,0.947,18.17,69.88,12.02,11.82138701,
37,37,AOIC,PTB7-Th,Jia_isomeric_2021,0.75,22.34,73.1,12.3,11.8003121,
825,825,PT-IDTTIC,PBDB-TF,Yao_all-polymer_2020,0.97,17.96,67,12.06,11.79903072,
556,556,ITCPTC,J11,Qiu_a simple_2019,0.935,18.05,73,12.32,11.7901688,
729,729,MO-IDIC,PTQ10,Li_simplified_2019,0.969,16.92,68.1,11.16,11.7886952,
449,449,IEICO-4F,PTB7-Th,Xiong_12.5%_2019,0.7,27.2,69,13.2,11.78461974,
193,193,CH3-2F,PBDB-T,Wang_high-performance_2021,0.77,22.76,69.85,12.28,11.77975587,
0,0,2FIFIC,PBDB-TF,Zhang_preparation_2020,0.8,22.4,61.5,11.34,11.77939177,
252,252,DTSiC-TC,PBDB-T-2Cl,Su_elucidating_2021,1.06,14.6,70.32,10.88,11.77857509,
507,507,IT-4F,PBDTS-TZNT,Feng_low-energy_2019,0.88,18.65,68.9,11.31,11.77094739,
903,903,TTPTTT-4F,PBT1-C,Li_high-performance_2019,0.863,19.36,72.1,12.05,11.76976539,
544,544,ITCC-Cl,PBDB-TF,Cai_asymmetric_2021,1.01,17,64.9,11.2,11.76737409,
646,646,ITIC-2Cl-beta,PBDB-TF,Lai_3D_2019,0.94,18.47,64.63,11.21,11.75907069,
773,773,o-4TBC-4F,PBDB-T,Chen_a fully_2020,0.76,20.48,65.7,10.26,11.75777337,
560,560,IT-DM,J71,Hao_achieving_2019,1.015,16.74,70.9,12.05,11.74930754,
9,9,4TIC,PBDB-TF,Liu_achieving high performance_2019,0.94,18.29,70.1,12.05,11.74890416,
121,121,BTCIC-4Cl,PBDB-T-2Cl,Pang_nonfused_2020,0.75,21,66,10.5,11.74628403,
178,178,BTTBo-4FN,PBDB-T,Ma_non-fullerene_2021,0.84,19.56,70.47,11.6,11.74343672,
86,86,Br-ITIC,J71,An_ternary_2019,0.876,18.27,76.2,12.19,11.74120451,
559,559,ITCPTC,PBDB-ST,Xie_a novel_2017,0.95,16.5,75.1,11.8,11.74070946,
62,62,BDSePhCl,PBDB-T-2Cl,Wan_benzo_2019,0.92,20.35,73.1,13.68,11.7402555,
675,675,IT-M,PB3T,Liu_molecular_2017,1,18.9,63,11.9,11.73846687,
558,558,ITCPTC,J71,Luo_fine-tuning_2018,0.896,17.52,74.1,11.63,11.73679737,
195,195,CNDTBT-C8IDT-FINCN,PBDB-T,Kim_alkylated_2020,0.793,22.11,70.3,12.33,11.73390627,
997,997,ZITI-S,PTQ10,Zhang_accurate_2020,0.96,16.94,65.75,10.69,11.73312272,
513,513,IT-4F,PBDB-T,Qin_reduced_2019,0.71,20.13,70.65,10.1,11.73146357,
757,757,NITI-Sse,PBDB-T,Zhou_molecular_2021,0.91,19.41,70,12.49,11.72987948,
187,187,C8-ITCC-Cl,PBDB-TF,Zhang_chlorinated_2019,0.95,17.9,73,12.7,11.71897633,
699,699,IXIC-4Cl,PBDB-T,Chen_modulation_2018,0.69,22.9,71.2,11.2,11.71694819,
611,611,ITIC,PBDTS-TDZ,Xu_realizing_2018,1.1,17.78,65.4,12.8,11.71641891,
22,22,A4T-16,J52-2F,Ma_completely_2021,0.821,18.1,69.9,10.4,11.71117943,
669,669,ITIC-Th1,FTAZ,Li_enhancing_2018,0.849,19.33,73.73,12.1,11.70950492,
77,77,BO2FIDT-4Cl,PBDB-T-2Cl,Zhang_electron-deficient_2020,0.96,16.1,61.3,10.4,11.70602123,
897,897,TPTTT-2F,PBT1-C,Song_extension_2018,0.916,17.63,74.5,12.03,11.70390494,
74,74,BN-0F,J51,Zhang_high-performance_2021,0.835,21.1,60.1,11,11.69980912,
647,647,ITIC-3F,PBDB-TF,Aldrich_fluorination_2019,0.89,19.4,66.5,11.44,11.69364336,
750,750,NCIC,PBDB-TF,Gao_non-fullerene_2021,0.879,17.53,66.7,10.32,11.68412028,
400,400,IDTOT2F,PBDB-T,Liu_nonfullerene_2018,0.85,20.87,72,12.79,11.68045426,
57,57,BCPDT-2,PBDB-T,Li_regulating_2021,0.792,22.1,71,12.4,11.67920779,
563,563,IT-DOH,PBDB-TF,Liu_H-bonds-assisted_2020,0.96,17.78,73,11,11.67485432,
40,40,AOIC1,J71,Jia_isomeric_2021,0.819,21.65,68.3,12.1,11.67007164,
465,465,INIC3,FTAZ,Dai_effect_2018,0.873,20.2,66.4,11.7,11.66985253,
812,812,p-IO1,PTB7-Th,Lee_bandgap_2020,0.78,22.3,62,10.8,11.66967977,
289,289,F-M,PBDB-TF,Meng_a tandem_2019,0.99,14.6,72.7,10.49,11.66961666,
297,297,FOIC,PTB7-Th,Li_fused_2018,0.743,24,67.1,12,11.66800929,
633,633,ITIC,PBDTSF-TZNT,Feng_low-energy_2019,0.98,17.58,70.6,12.16,11.66553888,
186,186,C8-ITCC,PBDB-TF,Zhang_chlorinated_2019,1.04,16.1,63,10.8,11.66203474,
543,543,ITCC-Br,PBDB-TF,Cai_an asymmetry_2022,0.99,16.2,64.9,10.7,11.65970003,
678,678,IT-M,PDTF-TZNT,Tang_naphthobistriazole_2018,0.8,17.33,72.5,10.05,11.65917802,
350,350,IDIC,PTQ10,Sun_a low_2018,0.969,17.81,73.6,12.7,11.65481001,
545,545,ITCC-Cl,PBDB-T-2Cl,Cai_asymmetric_2021,1.04,16.7,65.7,11.4,11.65431799,
748,748,NCBDT,PBDB-T,Kan_fine-tuning_2018,0.839,20.33,71,12.12,11.6521625,
496,496,IT-4F,PBFSF,Yang_a new_2018,0.8,21.53,60.6,10.51,11.6508763,
491,491,IT-4F,PDBT-2F,Huang_significant_2019,0.87,20.6,57,10.2,11.64916847,
616,616,ITIC,PFBDB-T,Fei_an alkylated_2018,0.95,18.5,66,11.71,11.64692447,
63,63,BDSeThCl,PBDB-T-2Cl,Wan_benzo_2019,0.97,17.85,68.8,11.91,11.64605127,
347,347,IDIC,FTAZ,Lin_balanced_2018,0.84,20.8,71.8,12.5,11.63858143,
31,31,a-IT-2F,PBDB-TF,Aldrich_fluorination_2019,0.92,17.3,65.7,10.38,11.63660645,
179,179,BTTIC,PBDB-T,Gao_near-infrared_2018,0.904,19.52,74.7,13.18,11.6307297,
725,725,m-ITIC,J71,Bin_effect_2018,0.94,18.09,70.6,12.05,11.62939565,
143,143,BTIDIC,J71,Cai_effects_2021,0.861,19.8,67.4,11.5,11.6238654,
626,626,ITIC,PBTA-PS,Li_high-efficiency_2019,0.94,18.23,69.19,11.85,11.62310662,
504,504,IT-4F,P_chen,Keshtov_synthesis_2020,0.91,17.47,67,10.65,11.61727534,
561,561,IT-DM,PBDB-T,Li_energy-level_2016,0.97,16.48,71,12.5,11.61425976,
902,902,TTPTTT-2F,PBT1-C,Li_high-performance_2019,0.92,16.78,74.6,11.52,11.6116766,
537,537,IT-BT-ICN,PBDB-TF,Shome_mircowave-assisted_2021,0.87,17.54,73.23,11.14,11.60818595,
652,652,ITIC5,J71,Yan_enhancing_2018,0.897,18.48,75.5,12.5,11.60574305,
679,679,IT-M,PBDB-T,Li_energy-level_2016,0.94,17.44,74,12.05,11.60543738,
295,295,FOC6-FIC,PBDB-T,Feng_regulating_2020,0.89,19.18,70.9,12.08,11.59892159,
726,726,m-ITIC,J60,Yang_side-chain_2016,0.91,18.31,71,11.77,11.59678826,
472,472,IOTIC-2F,PTB7-Th,Lee_design_2018,0.817,21.9,65,12.1,11.59676715,
636,636,ITIC,J100,Wang_a wide-bandgap_2019,0.951,17.7,73.65,12.47,11.59594976,
683,683,ITN-C9,J71,Chang_fine-tuning_2018,0.9,17.77,69.1,11.05,11.59429676,
690,690,IT-OM-2,PBDB-T,Li_significant_2017,0.93,17.53,73,11.9,11.59117399,
728,728,m-ITIC-OR-4Cl,BO2FC8,Lin_enhancing_2019,0.83,20.2,63.3,11,11.58432527,
793,793,PF3-DTCO,PBDB-TF,Fan_10.3%_2020,0.943,15.75,68.2,10.13,11.58323722,
671,671,ITIC-Th3,FTAZ,Li_enhancing_2018,0.962,16.34,68.33,10.7,11.56794078,
668,668,ITIC-Th1,PDCBT-Cl,Wang_carboxylate_2019,0.94,18.5,71.2,12.38,11.56712061,
622,622,ITIC,PBDT-TDZ,Xu_realizing_2018,1.01,17.15,67.7,11.72,11.5633191,
691,691,IT-OM-3,PBDB-T,Li_significant_2017,0.97,16.38,68,10.8,11.56251945,
776,776,o-DOC6-2F,PBDB-T,Hou_noncovalently_2020,0.89,18.58,71.84,11.87,11.55404387,
389,389,IDT-EDOT,PBDB-T,Jiang_the influence_2018,0.86,21.34,62,11.32,11.55133012,
359,359,IDST-4F,H14,Bin_precise_2020,0.943,18.3,70.2,12.1,11.5501523,
542,542,ITCC-Br,PBDB-T-2Cl,Cai_an asymmetry_2022,1.04,15.9,63.8,10.5,11.54962215,
395,395,IDTN,J71,Chen_alkoxy_2021,0.88,16.7,74.4,10.9,11.54946674,
119,119,BT-CIC,PTB7-Th,Li_high_2017,0.7,22.5,71,11.2,11.54870308,
294,294,FOC2C6-2FIC,PBDB-T,Feng_regulating_2020,0.87,19.66,72.1,12.36,11.53962723,
788,788,p-DOC6-2F,PBDB-T,Huang_noncovalently_2019,0.85,21.35,73.15,13.24,11.5378194,
311,311,IBCT,L1,Liu_an efficient_2020,1.02,15.07,73.5,11.26,11.53701339,
555,555,ITCPTC,PBDB-T,Liu_achieving_2018,0.85,17.88,72.3,11.27,11.53634991,
697,697,IXIC-2Cl,PBDB-T,Chen_modulation_2018,0.73,23.6,70.9,12.2,11.53433834,
667,667,ITIC-Th1,PDCBT-F,Wang_carboxylate_2019,0.93,17.52,66.2,10.85,11.52744101,
908,908,UF-Qx-2F,J51,Chang_the_design_2022,0.78,21.64,62.12,10.54,11.52691205,
435,435,IE-4F,PBDB-T,Hong_investigating_2019,0.87,21.35,58,10.8,11.52418028,
300,300,GL1,PBDB-T,Li_concurrently_2021,0.761,22.59,66.5,11.43,11.52143222,
714,714,m-IDTIDT-FIC,J71,Wu_a decacyclic_2019,0.92,18.01,68.3,11.32,11.51911318,
564,564,IT-F,P2F-Ehp,Fan_fine-tuning_2018,0.959,16.91,61.93,10.06,11.51664436,
841,841,QOC6-4Cl,PBDB-T,Huang_facile_2021,0.782,22.91,69.01,12.32,11.51486272,
595,595,ITIC,PBZ-m-CF3,Li_a trifluoromethyl_2018,0.94,18.4,60.2,10.4,11.51248466,
463,463,INIC1,FTAZ,Dai_fused_2017,0.929,16.63,64.3,10.1,11.51194845,
280,280,FDICTF,PBDB-TF,Ke_the rational_2020,0.94,15.81,66,10.06,11.50990531,
721,721,m-ITIC,J91,Xue_side_2017,0.98,18.03,65.5,11.63,11.50887458,
640,640,ITIC,PBDTS-Se-TAZ,Li_highly_2018,0.84,19.51,75.1,12.31,11.50367234,
415,415,IDTT-C8-TIC,PBT1-C,Ye_unraveling_2020,0.88,20.3,74.6,13.7,11.49383209,
147,147,BTOIC,PBDB-T,Gao_near-infrared_2018,0.862,18.6,68.4,10.96,11.4887896,
628,628,ITIC,J71,Bin_11.4%_2016,0.94,17.32,69.77,11.41,11.4880612,
406,406,IDTT-2BM,PBDB-TF,Shome_mircowave-assisted_2021,1,16.38,62.47,10.2,11.48748787,
460,460,i-IEICO-4Cl,J51,Zhao_efficient_2021,0.857,20.62,68.76,12.16,11.48747999,
907,907,UF-Qx-2Cl,J51,Chang_the_design_2022,0.76,22.71,63.09,10.81,11.48318938,
189,189,C8-ITIC,PBDB-T,Fei_an alkylated_2018,0.87,19.7,73,12.41,11.4810908,
591,591,ITIC,PTQ10,Xu_understanding_2020,1.03,17.65,60.01,10.9,11.48023016,
687,687,ITOIC-2F,PBDB-T,Liu_enhancing_2018,0.897,21.04,64.5,12.17,11.47874006,
632,632,ITIC,J52-Cl,Liu_chlorinated_2018,0.956,17.17,70.2,11.53,11.47746963,
631,631,ITIC,J60,Huang_effect_2018,0.915,16.85,70.09,10.81,11.4759879,
367,367,IDT2-IC-4Cl,PBDB-T,Shao_A-DD-A_2021,0.81,22.22,69.81,12.53,11.46831782,
464,464,INIC2,FTAZ,Dai_fused_2017,0.903,17.56,66.8,10.8,11.46827768,
55,55,BCDT-4F,PBDB-T,Yoon_effects_2020,0.78,21.21,71,11.85,11.46638875,
762,762,NNBDT,PBDB-T,Kan_ternary_2018,0.88,18.63,71.7,11.7,11.45876878,
209,209,CTIC-4F,PTB7-Th,Lee_side_2019,0.7,23.36,54,10.5,11.45572603,
536,536,ITBC,PBDB-T,Chang_isomerically_2019,0.94,19.9,64.51,12.07,11.45238628,
432,432,IE-4Cl,PBDB-T,Hong_investigating_2019,0.86,21.49,60,11.1,11.44981772,
910,910,X-PCIC,PBDB-T,Li_near-infrared_2019,0.84,21.8,62.51,11.5,11.4476377,
33,33,a-IT-2OM,PBDB-T,Li_tuning_2019,0.93,18.11,71.52,12.07,11.44400073,
108,108,BTA5,J52-2F,Wang_tuning_2020,1.17,13.8,69.82,11.27,11.44195785,
43,43,AOIC2,J71,Jia_isomeric_2021,0.826,19.48,68.2,11,11.44190577,
455,455,IFIC-i-4F,PTB7-Th,Liu_achieving_2019,0.66,23.56,65,10.03,11.44143164,
247,247,DTPC-DFIC,PTB7-Th,Yao_dithienopicenecarbazole_2018,0.76,21.92,61.3,10.21,11.43814844,
627,627,ITIC,TTFQx-T1,Xu_optimizing_2018,0.9,16.8,69.24,10.52,11.43749612,
727,727,m-ITIC,P-CIT,Zheng_benzo_2021,0.92,16.7,71.56,11.04,11.43571989,
427,427,IDTT-OBH,PBDB-T,Chang_fine-tuning_2018,0.87,17.46,72,10.93,11.43394903,
372,372,IDT2Se-4F,PBDB-T,Liang_near-infrared_2018,0.79,21.49,65.9,11.19,11.43387959,
13,13,6-IF4F,PTB7-Th,Zhang_non-fullerene_2021,0.59,25.21,67.9,10.46,11.43187796,
53,53,BCDT-4Cl,PBDB-T,He_near-infrared_2020,0.76,23.77,67,12.1,11.43093042,
623,623,ITIC,PBDTTAZ-NaPh,Liu_an effective_2018,0.936,18.21,67.8,11.56,11.42926113,
548,548,ITCC-M,PBDB-T,Cui_fine-tuned_2017,1.03,14.8,66.3,10.1,11.42239103,
50,50,AT-NC,PBDB-T,Feng_new_2019,0.919,17.11,69.4,10.91,11.42063363,
351,351,IDIC,PTZ1,Guo_high_2017,0.92,16.4,76.2,11.5,11.41709412,
356,356,IDST-4F,H13,Bin_precise_2020,0.939,17.3,63.2,10.3,11.41679871,
32,32,a-IT-2F,PBDB-T,Li_tuning_2019,0.78,19.06,68.84,10.28,11.41550079,
696,696,IUIC,PTB7-Th,Jia_breaking_2018,0.796,21.74,64.9,11.2,11.41325543,
723,723,m-ITIC,J81,Bin_medium_2017,0.96,16.48,69.8,11.05,11.41207551,
541,541,ITCC,PBDB-T,Yao_achieving_2017,1.01,15.9,71,11.4,11.40924052,
459,459,i-IEICO-2Cl,J51,Zhao_efficient_2021,0.886,19.51,66.7,11.45,11.40648717,
115,115,BTC6-2F,PBDB-T,Huang_A-D-C-D-A_2021,0.81,19.32,64.14,10.1,11.40595454,
629,629,ITIC,PBDTS-NQx,Yu_wide_2017,0.92,17.86,69.8,11.47,11.40074648,
36,36,AOIC,J71,Jia_isomeric_2021,0.783,19.82,67.5,10.5,11.39826799,
424,424,IDTT-OB,PBDB-T,Li_ternary_2021,0.92,16.29,71.62,10.76,11.39690716,
116,116,BTC6-4F,PBDB-T,Huang_A-D-C-D-A_2021,0.79,19.81,71.65,11.23,11.39690237,
722,722,m-ITIC,2T-TTC-BDTFT,Chen_backbone_2019,0.97,16.57,69.37,11.15,11.39397369,
412,412,IDTTA,PBDB-T,Firdaus_novel_2020,0.98,15.8,69,10.8,11.3901854,
376,376,IDT6CN-M,PBDB-T,Fan_overcoming_2019,0.93,16.3,75.9,11.4,11.38503358,
65,65,BDTIT-M,PBDB-T,An_energy_2018,0.903,17.56,71.3,11.31,11.36447762,
614,614,ITIC,PBDTS-TZNT,Feng_low-energy_2019,0.94,16.92,65.7,10.45,11.36198225,
896,896,TPTT-2F,PBT1-C,Song_extension_2018,0.881,15.82,73,10.17,11.3618632,
724,724,m-ITIC,P-FT,Zheng_achieving_2021,0.924,17.64,70.1,11.43,11.35995359,
848,848,R10-4Cl,PBDB-T,Qu_multiple_2019,0.85,18.9,66.6,10.7,11.35813711,
747,747,NBDTP,PBDB-T,Wu_a designed_2017,0.937,15.72,66.4,10.1,11.35164301,
196,196,CNDTBT-C8IDT-INCN,PBDB-T,Kim_alkylated_2020,0.863,9.35,67.2,11.22,11.34962168,
661,661,ITIC-Th,PTFB-O,Hu_influence_2018,0.93,17.1,67.9,10.9,11.34647921,
783,783,O-NTNC,PBDB-T,Feng_synergistic_2018,0.942,15.98,73.4,11,11.34201305,
638,638,ITIC,PBDB-T,Zhao_Fullerene-Free_2016,0.899,16.81,74.2,11.21,11.33966077,
600,600,ITIC,J52-2F,Fan_high-performance Non-Fullerene_2017,0.9,18.8,62,10.4,11.33556764,
645,645,ITIC2,FTAZ,Wang_enhancing_2017,0.92,18.63,63,11,11.33239009,
12,12,6-IF2F,PTB7-Th,Zhang_non-fullerene_2021,0.65,24.69,67.8,11.2,11.32437443,
562,562,IT-DOH,PBDB-T,Liu_H-bonds-assisted_2020,0.87,18.04,70,10.4,11.3233767,
840,840,QCIC3,PBDB-T,Ye_synergistic_2021,0.816,19.39,66.9,10.55,11.32223582,
643,643,ITIC1,J71,Li_isomeric_2017,0.92,17.3,65.5,10.5,11.3104023,
232,232,DTCC-BC,PBDB-T,Chang_isomerically_2019,0.98,17.22,63.62,10.74,11.30888048,
621,621,ITIC,PBQ-4F,Zheng_efficient_2017,0.95,17.87,66.8,11.34,11.30810047,
70,70,BDTThIT-M,PBDB-T,An_energy_2018,0.942,18.03,71.4,12.12,11.30753009,
261,261,EH-IDTBR,PvBDTTAZ,Chen_awide-bandgap_2017,1.08,16.26,63.6,11.6,11.30690538,
16,16,6TIC,PBDB-T,Chen_modulation_2018,0.82,20.9,65.4,11.3,11.30305582,
554,554,ITCPTC,HFQx-T,Zhang_achieving_2017,0.88,16.49,71,10.4,11.3024753,
274,274,F-Br,PBDB-T,Wang_a halogenation_2018,0.87,18.22,76,12.05,11.28892098,
444,444,IEICO-4Cl,J51,Cui_efficient_2017,0.7,23.8,60.7,10.1,11.27850246,
4,4,4T-1,PBDB-T,Zhou_high-efficiency_2021,0.81,17.27,72.45,10.15,11.27535024,
105,105,BTA3,J52-Cl,Guo_modulating_2021,1.24,13.16,66.62,10.5,11.27127763,
851,851,SeCT-IC,J71,Liu_modulating_2021,0.889,18.09,67.69,10.89,11.27119382,
357,357,IDST-4F,H11,Bin_precise_2020,0.842,18.2,68.2,10.4,11.26962555,
635,635,ITIC,J81,Bin_medium_2017,0.95,15.27,73.1,10.6,11.26350909,
587,587,ITIC,PBPD-Th,Fan_high-performance nonfullerene_2017,1.01,18.1,59,10.8,11.25854791,
284,284,F-F,PBDB-T,Wang_a halogenation_2018,0.88,17.36,71,10.85,11.2572797,
124,124,BT-dIDT,PBDB-T,Zhang_A2-D-A1-D-A1_2020,0.87,18.59,64.8,10.52,11.25714294,
987,987,YITI-2F,PBDB-T,Yue_design_2018,0.928,15.54,69.69,10.05,11.25432279,
411,411,IDTT2OT-4F,PBDB-T,Kim_synthesis_2021,0.86,19.3,62.4,10.4,11.25068094,
343,343,IDIC,PTT4FB,Liu_donor_2018,0.96,16.24,67,10.6,11.24680671,
277,277,F-Cl,PBDB-T,Wang_a halogenation_2018,0.87,17.61,75,11.47,11.24289524,
603,603,ITIC,PBDT-S-2TC,An_nonhalogen_2018,0.96,16.4,64.3,10.12,11.23201006,
688,688,ITOIC-F,PBDB-T,Liu_enhancing_2018,0.946,18.6,60.5,10.65,11.23002133,
596,596,ITIC,PTBTz-2,Bao_high_2017,0.88,20.34,60.5,10.92,11.22835196,
445,445,IEICO-4Cl,PTB7-Th,Cui_efficient_2017,0.727,22.8,62,10.3,11.21330145,
630,630,ITIC,PTFB-O,Li_donor_2016,0.92,15.5,70,10.13,11.20915933,
266,266,F-2Cl,PBDB-T,Li_concurrently_2021,0.743,18.92,73.4,10.31,11.2086291,
763,763,NOBDT,PTB7-Th,Zhang_nonfullerene_2018,0.77,19.16,70,10.26,11.2019861,
58,58,BDCPDT-BC,PBDB-T,Chang_isomerically_2019,0.92,18.55,63.41,10.82,11.20037634,
281,281,FDNCTF,PBDB-T,Feng_an A-D-A_2017,0.93,16.3,72.5,11.2,11.19859487,
620,620,ITIC,PBDT-Se-TAZ,Li_highly_2018,0.81,18.63,66.7,10.07,11.19468636,
886,886,TPDCIC,PBDB-T,Geng_non-fullerene_2019,0.83,18.16,67.14,10.12,11.18234882,
129,129,BT-IC,J71,Li_a near-infrared_2017,0.9,17.75,65.7,10.46,11.1768929,
205,205,CPIC-2,PBDB-T,Yuan_near-infrared_2021,0.69,22.72,63.66,10.01,11.1764394,
617,617,ITIC,asy-PBDBTN,Li_crystalline_2017,0.942,16.81,66.3,10.5,11.16744191,
682,682,ITN-C9,PDCBT,Chang_fine-tuning_2018,0.88,17.15,68.6,10.35,11.16535073,
754,754,NIBT,PBDB-T,Kolhe_designing_2020,1.04,17.34,60,10.8,11.16206226,
634,634,ITIC,PTZ6,Guo_novel_2017,1.01,14.1,72.3,10.3,11.16024474,
348,348,IDIC,SM,Qiu_all-small-molecule_2017,0.905,15.18,73.55,10.11,11.15930057,
399,399,IDT-OB,PBDB-T,Feng_fused-ring_2017,0.88,16.18,71.1,10.12,11.14496985,
122,122,BTCIC-4Cl,PBDB-T,Pang_nonfused_2020,0.63,23.2,69,10.2,11.13953191,
221,221,DF-PCIC,PBDB-T,Li_an unfused-core_2018,0.91,15.66,72,10.14,11.1204362,
296,296,FOC6-IC,PBDB-T,Feng_regulating_2020,0.93,17.64,65.8,10.8,11.11836503,
604,604,ITIC,PTzBI,Fan_high-performance nonfullerene polymer_2017,0.87,18.29,64.34,10.24,11.11695794,
599,599,ITIC,PBFZ-OP,Li_efficient_2017,0.91,18.7,61.8,10.5,11.11689708,
644,644,ITIC1,PBDB-T,Kan_small-molecule_2017,0.868,17.85,67.2,10.42,11.11059762,
8,8,4TIC,PBDB-T,Gao_design_2017,0.8,20.58,66,10.87,11.11030846,
410,410,IDTT2OT-2F,PBDB-T,Kim_synthesis_2021,0.88,17.5,65.1,10.04,11.10959429,
662,662,ITIC-Th,PB24-3TDC,An_A1-A2_2019,0.902,16.8,68,10.3,11.1085133,
60,60,BDCPDT-TTC,PBDB-T,Chang_new_2018,0.94,17.72,61.78,10.29,11.10523456,
228,228,DOC2C6-IC,PBDB-T,Huang_noncovalently_2019,0.93,18.85,63.33,11.1,11.08698581,
15,15,6TBA,PTB7-Th,Zuo_tackling_2018,0.98,15.2,68,10.13,11.08696823,
349,349,IDIC,PBDB-T,Li_a simple_2019,0.819,17.27,73.6,10.41,11.06411032,
260,260,EH-IDTBR,PffBT4T-2DT,Wadsworth_highly_2017,1.02,17.2,63,11.1,11.05819769,
288,288,F-M,PBDB-T,Zhang_nonfullerene_2018,0.98,14.56,71,10.08,11.01944351,
909,909,X1-PCIC,PBDB-T,Li_near-infrared_2019,0.85,17.97,66.82,10.17,11.00688728,
10,10,4TIC,PTB7-Th,Shi_design_2017,0.78,18.8,72,10.43,10.993756,
299,299,FRdCN2,PTB7-Th,Suman_a fluorene_2018,0.93,16,71.9,10.7,10.97394718,
314,314,i-cc34,PBDB-T,Luo_side-chain_2017,0.943,16.25,65.41,10.02,10.96902284,
443,443,IEICO,PBDTTT-E-T,Cui_fine-tuned_2017,0.823,18.8,66.7,10.3,10.95315217,
279,279,FDICTF,PBDB-T,Qiu_a new_2017,0.94,15.81,66,10.06,10.92997789,
612,612,ITIC,PDCBT,Qin_highly_2016,0.94,16.5,65.67,10.16,10.92469975,
51,51,ATT1,PTB7-Th,Liu_a thieno_2016,0.87,16.48,70,10.07,10.8914128,
856,856,SFBRCN,PTB7-Th,Zhang_efficient_2017,0.9,17.25,65.2,10.12,10.86335121,
259,259,EH-IDTBR,PfBTAZS,Chen_alkyl_2018,0.98,16.4,62,10.1,10.85678818,
